# Blender 5.1.1
# www.blender.org
mtllib Ballom.mtl
o Sphere
v 0.000000 0.831470 -0.555570
v 0.000000 0.555570 -0.831470
v 0.000000 0.195090 -0.980785
v 0.000000 -0.000000 -1.000000
v 0.000000 -0.195090 -0.980785
v 0.000000 -0.555570 -0.831470
v 0.038060 0.980785 -0.191342
v 0.074658 0.923880 -0.375330
v 0.108386 0.831470 -0.544895
v 0.137950 0.707107 -0.693520
v 0.162212 0.555570 -0.815493
v 0.180240 0.382683 -0.906127
v 0.191342 0.195090 -0.961940
v 0.195090 -0.000000 -0.980785
v 0.191342 -0.195090 -0.961940
v 0.180240 -0.382683 -0.906127
v 0.162212 -0.555570 -0.815493
v 0.137950 -0.707107 -0.693520
v 0.108386 -0.831470 -0.544895
v 0.074658 -0.923880 -0.375330
v 0.038060 -0.980785 -0.191342
v 0.074658 0.980785 -0.180240
v 0.146447 0.923880 -0.353553
v 0.212608 0.831470 -0.513280
v 0.270598 0.707107 -0.653281
v 0.318190 0.555570 -0.768178
v 0.353553 0.382683 -0.853553
v 0.375330 0.195090 -0.906127
v 0.382683 -0.000000 -0.923879
v 0.375330 -0.195090 -0.906127
v 0.353553 -0.382683 -0.853553
v 0.318190 -0.555570 -0.768178
v 0.270598 -0.707107 -0.653281
v 0.212608 -0.831470 -0.513280
v 0.146447 -0.923880 -0.353553
v 0.074658 -0.980785 -0.180240
v 0.108386 0.980785 -0.162212
v 0.212608 0.923880 -0.318190
v 0.308658 0.831470 -0.461940
v 0.392847 0.707107 -0.587938
v 0.461940 0.555570 -0.691342
v 0.513280 0.382683 -0.768178
v 0.544895 0.195090 -0.815493
v 0.555570 -0.000000 -0.831469
v 0.544895 -0.195090 -0.815493
v 0.513280 -0.382683 -0.768178
v 0.461940 -0.555570 -0.691342
v 0.392847 -0.707107 -0.587938
v 0.308658 -0.831470 -0.461940
v 0.212608 -0.923880 -0.318190
v 0.108386 -0.980785 -0.162212
v 0.137950 0.980785 -0.137950
v 0.270598 0.923880 -0.270598
v 0.392847 0.831470 -0.392847
v 0.500000 0.707107 -0.500000
v 0.587938 0.555570 -0.587938
v 0.653281 0.382683 -0.653281
v 0.693520 0.195090 -0.693520
v 0.707107 -0.000000 -0.707107
v 0.693520 -0.195090 -0.693520
v 0.653281 -0.382683 -0.653281
v 0.587938 -0.555570 -0.587938
v 0.500000 -0.707107 -0.500000
v 0.392847 -0.831470 -0.392847
v 0.270598 -0.923880 -0.270598
v 0.137950 -0.980785 -0.137950
v 0.162212 0.980785 -0.108386
v 0.318190 0.923880 -0.212608
v 0.461940 0.831470 -0.308658
v 0.587938 0.707107 -0.392847
v 0.691342 0.555570 -0.461940
v 0.768178 0.382683 -0.513280
v 0.815493 0.195090 -0.544895
v 0.831470 -0.000000 -0.555570
v 0.815493 -0.195090 -0.544895
v 0.768178 -0.382683 -0.513280
v 0.691342 -0.555570 -0.461940
v 0.587938 -0.707107 -0.392847
v 0.461940 -0.831470 -0.308658
v 0.318190 -0.923880 -0.212608
v 0.162212 -0.980785 -0.108386
v 0.000000 1.000000 -0.000000
v 0.180240 0.980785 -0.074658
v 0.353553 0.923880 -0.146447
v 0.513280 0.831470 -0.212607
v 0.653281 0.707107 -0.270598
v 0.768178 0.555570 -0.318190
v 0.853553 0.382683 -0.353553
v 0.906127 0.195090 -0.375330
v 0.923879 -0.000000 -0.382683
v 0.906127 -0.195090 -0.375330
v 0.853553 -0.382683 -0.353553
v 0.768178 -0.555570 -0.318190
v 0.653281 -0.707107 -0.270598
v 0.513280 -0.831470 -0.212607
v 0.353553 -0.923880 -0.146447
v 0.180240 -0.980785 -0.074658
v 0.191342 0.980785 -0.038060
v 0.375330 0.923880 -0.074658
v 0.544895 0.831470 -0.108386
v 0.693520 0.707107 -0.137950
v 0.815493 0.555570 -0.162212
v 0.906127 0.382683 -0.180240
v 0.961940 0.195090 -0.191342
v 0.980785 -0.000000 -0.195090
v 0.961940 -0.195090 -0.191342
v 0.906127 -0.382683 -0.180240
v 0.815493 -0.555570 -0.162212
v 0.693520 -0.707107 -0.137950
v 0.544895 -0.831470 -0.108386
v 0.375330 -0.923880 -0.074658
v 0.191342 -0.980785 -0.038060
v 0.195090 0.980785 -0.000000
v 0.382683 0.923880 -0.000000
v 0.555570 0.831470 -0.000000
v 0.707107 0.707107 -0.000000
v 0.831469 0.555570 -0.000000
v 0.923879 0.382683 -0.000000
v 0.980785 0.195090 -0.000000
v 1.000000 0.000000 0.000000
v 0.980785 -0.195090 0.000000
v 0.923879 -0.382683 0.000000
v 0.831469 -0.555570 0.000000
v 0.707107 -0.707107 0.000000
v 0.555570 -0.831470 0.000000
v 0.382683 -0.923880 0.000000
v 0.195090 -0.980785 0.000000
v 0.191342 0.980785 0.038060
v 0.375330 0.923880 0.074658
v 0.544895 0.831470 0.108386
v 0.693520 0.707107 0.137950
v 0.815493 0.555570 0.162212
v 0.906127 0.382683 0.180240
v 0.961940 0.195090 0.191342
v 0.980785 0.000000 0.195090
v 0.961940 -0.195090 0.191342
v 0.906127 -0.382683 0.180240
v 0.815493 -0.555570 0.162212
v 0.693520 -0.707107 0.137950
v 0.544895 -0.831470 0.108386
v 0.375330 -0.923880 0.074658
v 0.191342 -0.980785 0.038060
v 0.180240 0.980785 0.074658
v 0.353553 0.923880 0.146447
v 0.513280 0.831470 0.212608
v 0.653281 0.707107 0.270598
v 0.768178 0.555570 0.318190
v 0.853553 0.382683 0.353553
v 0.906127 0.195090 0.375330
v 0.923879 0.000000 0.382683
v 0.906127 -0.195090 0.375330
v 0.853553 -0.382683 0.353553
v 0.768178 -0.555570 0.318190
v 0.653281 -0.707107 0.270598
v 0.513280 -0.831470 0.212608
v 0.353553 -0.923880 0.146447
v 0.180240 -0.980785 0.074658
v 0.162212 0.980785 0.108386
v 0.318190 0.923880 0.212608
v 0.461940 0.831470 0.308658
v 0.587938 0.707107 0.392847
v 0.691341 0.555570 0.461940
v 0.768178 0.382683 0.513280
v 0.815493 0.195090 0.544895
v 0.831469 0.000000 0.555570
v 0.815493 -0.195090 0.544895
v 0.768178 -0.382683 0.513280
v 0.691341 -0.555570 0.461940
v 0.587938 -0.707107 0.392847
v 0.461940 -0.831470 0.308658
v 0.318190 -0.923880 0.212608
v 0.162212 -0.980785 0.108386
v 0.137950 0.980785 0.137950
v 0.270598 0.923880 0.270598
v 0.392847 0.831470 0.392847
v 0.500000 0.707107 0.500000
v 0.587938 0.555570 0.587938
v 0.653281 0.382683 0.653281
v 0.693520 0.195090 0.693520
v 0.707106 0.000000 0.707107
v 0.693520 -0.195090 0.693520
v 0.653281 -0.382683 0.653281
v 0.587938 -0.555570 0.587938
v 0.500000 -0.707107 0.500000
v 0.392847 -0.831470 0.392847
v 0.270598 -0.923880 0.270598
v 0.137950 -0.980785 0.137950
v 0.108386 0.980785 0.162212
v 0.212607 0.923880 0.318190
v 0.308658 0.831470 0.461940
v 0.392847 0.707107 0.587938
v 0.461940 0.555570 0.691342
v 0.513280 0.382683 0.768178
v 0.544895 0.195090 0.815493
v 0.555570 0.000000 0.831469
v 0.544895 -0.195090 0.815493
v 0.513280 -0.382683 0.768178
v 0.461940 -0.555570 0.691342
v 0.392847 -0.707107 0.587938
v 0.308658 -0.831470 0.461940
v 0.212607 -0.923880 0.318190
v 0.108386 -0.980785 0.162212
v 0.074658 0.980785 0.180240
v 0.146447 0.923880 0.353553
v 0.212607 0.831470 0.513280
v 0.270598 0.707107 0.653281
v 0.318189 0.555570 0.768178
v 0.353553 0.382683 0.853553
v 0.375330 0.195090 0.906127
v 0.382683 0.000000 0.923879
v 0.375330 -0.195090 0.906127
v 0.353553 -0.382683 0.853553
v 0.318189 -0.555570 0.768178
v 0.270598 -0.707107 0.653281
v 0.212607 -0.831470 0.513280
v 0.146447 -0.923880 0.353553
v 0.074658 -0.980785 0.180240
v 0.038060 0.980785 0.191342
v 0.074658 0.923880 0.375330
v 0.108386 0.831470 0.544895
v 0.137950 0.707107 0.693520
v 0.162212 0.555570 0.815493
v 0.180240 0.382683 0.906127
v 0.191342 0.195090 0.961939
v 0.195090 0.000000 0.980785
v 0.191342 -0.195090 0.961939
v 0.180240 -0.382683 0.906127
v 0.162212 -0.555570 0.815493
v 0.137950 -0.707107 0.693520
v 0.108386 -0.831470 0.544895
v 0.074658 -0.923880 0.375330
v 0.038060 -0.980785 0.191342
v 0.000000 0.980785 0.195090
v 0.000000 0.923880 0.382683
v 0.000000 0.831470 0.555570
v 0.000000 0.707107 0.707107
v 0.000000 0.555570 0.831469
v 0.000000 0.382683 0.923879
v 0.000000 0.195090 0.980785
v 0.000000 0.000000 0.999999
v 0.000000 -0.195090 0.980785
v 0.000000 -0.382683 0.923879
v 0.000000 -0.555570 0.831469
v 0.000000 -0.707107 0.707107
v 0.000000 -0.831470 0.555570
v 0.000000 -0.923880 0.382683
v 0.000000 -0.980785 0.195090
v -0.038060 0.980785 0.191342
v -0.074658 0.923880 0.375330
v -0.108386 0.831470 0.544895
v -0.137950 0.707107 0.693520
v -0.162212 0.555570 0.815493
v -0.180240 0.382683 0.906127
v -0.191342 0.195090 0.961939
v -0.195091 0.000000 0.980785
v -0.191342 -0.195090 0.961939
v -0.180240 -0.382683 0.906127
v -0.162212 -0.555570 0.815493
v -0.137950 -0.707107 0.693520
v -0.108386 -0.831470 0.544895
v -0.074658 -0.923880 0.375330
v -0.038060 -0.980785 0.191342
v -0.074658 0.980785 0.180240
v -0.146447 0.923880 0.353553
v -0.212608 0.831470 0.513280
v -0.270598 0.707107 0.653281
v -0.318190 0.555570 0.768177
v -0.353553 0.382683 0.853553
v -0.375330 0.195090 0.906127
v -0.382683 0.000000 0.923879
v -0.375330 -0.195090 0.906127
v -0.353553 -0.382683 0.853553
v -0.318190 -0.555570 0.768177
v -0.270598 -0.707107 0.653281
v -0.212608 -0.831470 0.513280
v -0.146447 -0.923880 0.353553
v -0.074658 -0.980785 0.180240
v -0.108386 0.980785 0.162212
v -0.212608 0.923880 0.318190
v -0.308658 0.831470 0.461939
v -0.392847 0.707107 0.587938
v -0.461940 0.555570 0.691341
v -0.513280 0.382683 0.768178
v -0.544895 0.195090 0.815493
v -0.555570 0.000000 0.831469
v -0.544895 -0.195090 0.815493
v -0.513280 -0.382683 0.768178
v -0.461940 -0.555570 0.691341
v -0.392847 -0.707107 0.587938
v -0.308658 -0.831470 0.461939
v -0.212608 -0.923880 0.318190
v -0.108386 -0.980785 0.162212
v -0.137950 0.980785 0.137950
v -0.270598 0.923880 0.270598
v -0.392847 0.831470 0.392847
v -0.500000 0.707107 0.500000
v -0.587938 0.555570 0.587937
v -0.653281 0.382683 0.653281
v -0.693520 0.195090 0.693520
v -0.707106 0.000000 0.707106
v -0.693520 -0.195090 0.693520
v -0.653281 -0.382683 0.653281
v -0.587938 -0.555570 0.587937
v -0.500000 -0.707107 0.500000
v -0.392847 -0.831470 0.392847
v -0.270598 -0.923880 0.270598
v -0.137950 -0.980785 0.137950
v 0.000000 -1.000000 0.000000
v -0.162212 0.980785 0.108386
v -0.318190 0.923880 0.212607
v -0.461940 0.831470 0.308658
v -0.587938 0.707107 0.392847
v -0.691341 0.555570 0.461939
v -0.768177 0.382683 0.513280
v -0.815493 0.195090 0.544895
v -0.831469 0.000000 0.555569
v -0.815493 -0.195090 0.544895
v -0.768177 -0.382683 0.513280
v -0.691341 -0.555570 0.461939
v -0.587938 -0.707107 0.392847
v -0.461940 -0.831470 0.308658
v -0.318190 -0.923880 0.212607
v -0.162212 -0.980785 0.108386
v -0.180240 0.980785 0.074658
v -0.353553 0.923880 0.146447
v -0.513280 0.831470 0.212607
v -0.653281 0.707107 0.270598
v -0.768177 0.555570 0.318189
v -0.853553 0.382683 0.353553
v -0.906127 0.195090 0.375330
v -0.923879 0.000000 0.382683
v -0.906127 -0.195090 0.375330
v -0.853553 -0.382683 0.353553
v -0.768177 -0.555570 0.318189
v -0.653281 -0.707107 0.270598
v -0.513280 -0.831470 0.212607
v -0.353553 -0.923880 0.146447
v -0.180240 -0.980785 0.074658
v -0.191342 0.980785 0.038060
v -0.375330 0.923880 0.074658
v -0.544895 0.831470 0.108386
v -0.693520 0.707107 0.137950
v -0.815493 0.555570 0.162211
v -0.906127 0.382683 0.180240
v -0.961939 0.195090 0.191341
v -0.980784 0.000000 0.195090
v -0.961939 -0.195090 0.191341
v -0.906127 -0.382683 0.180240
v -0.815493 -0.555570 0.162211
v -0.693520 -0.707107 0.137950
v -0.544895 -0.831470 0.108386
v -0.375330 -0.923880 0.074658
v -0.191342 -0.980785 0.038060
v -0.195090 0.980785 -0.000000
v -0.382683 0.923880 -0.000000
v -0.555570 0.831470 -0.000000
v -0.707107 0.707107 -0.000000
v -0.831469 0.555570 -0.000000
v -0.923879 0.382683 -0.000000
v -0.980785 0.195090 -0.000000
v -0.999999 0.000000 0.000000
v -0.980785 -0.195090 0.000000
v -0.923879 -0.382683 0.000000
v -0.831469 -0.555570 0.000000
v -0.707107 -0.707107 0.000000
v -0.555570 -0.831470 0.000000
v -0.382683 -0.923880 0.000000
v -0.195090 -0.980785 0.000000
v -0.191342 0.980785 -0.038060
v -0.375330 0.923880 -0.074658
v -0.544895 0.831470 -0.108386
v -0.693520 0.707107 -0.137950
v -0.815493 0.555570 -0.162212
v -0.906127 0.382683 -0.180240
v -0.961939 0.195090 -0.191342
v -0.980784 -0.000000 -0.195091
v -0.961939 -0.195090 -0.191342
v -0.906127 -0.382683 -0.180240
v -0.815493 -0.555570 -0.162212
v -0.693520 -0.707107 -0.137950
v -0.544895 -0.831470 -0.108386
v -0.375330 -0.923880 -0.074658
v -0.191342 -0.980785 -0.038060
v -0.180240 0.980785 -0.074658
v -0.353553 0.923880 -0.146447
v -0.513279 0.831470 -0.212607
v -0.653281 0.707107 -0.270598
v -0.768177 0.555570 -0.318190
v -0.853553 0.382683 -0.353553
v -0.906127 0.195090 -0.375330
v -0.923878 -0.000000 -0.382683
v -0.906127 -0.195090 -0.375330
v -0.853553 -0.382683 -0.353553
v -0.768177 -0.555570 -0.318190
v -0.653281 -0.707107 -0.270598
v -0.513279 -0.831470 -0.212607
v -0.353553 -0.923880 -0.146447
v -0.180240 -0.980785 -0.074658
v -0.162212 0.980785 -0.108386
v -0.318189 0.923880 -0.212607
v -0.461939 0.831470 -0.308658
v -0.587938 0.707107 -0.392847
v -0.691341 0.555570 -0.461940
v -0.768177 0.382683 -0.513280
v -0.815493 0.195090 -0.544895
v -0.831468 -0.000000 -0.555570
v -0.815493 -0.195090 -0.544895
v -0.768177 -0.382683 -0.513280
v -0.691341 -0.555570 -0.461940
v -0.587938 -0.707107 -0.392847
v -0.461939 -0.831470 -0.308658
v -0.318189 -0.923880 -0.212607
v -0.162212 -0.980785 -0.108386
v -0.137950 0.980785 -0.137950
v -0.270598 0.923880 -0.270598
v -0.392847 0.831470 -0.392847
v -0.500000 0.707107 -0.500000
v -0.587937 0.555570 -0.587938
v -0.653281 0.382683 -0.653281
v -0.693519 0.195090 -0.693520
v -0.707106 -0.000000 -0.707106
v -0.693519 -0.195090 -0.693520
v -0.653281 -0.382683 -0.653281
v -0.587937 -0.555570 -0.587938
v -0.500000 -0.707107 -0.500000
v -0.392847 -0.831470 -0.392847
v -0.270598 -0.923880 -0.270598
v -0.137950 -0.980785 -0.137950
v -0.108386 0.980785 -0.162212
v -0.212607 0.923880 -0.318190
v -0.308658 0.831470 -0.461939
v -0.392847 0.707107 -0.587938
v -0.461939 0.555570 -0.691341
v -0.513280 0.382683 -0.768177
v -0.544895 0.195090 -0.815493
v -0.555569 -0.000000 -0.831469
v -0.544895 -0.195090 -0.815493
v -0.513280 -0.382683 -0.768177
v -0.461939 -0.555570 -0.691341
v -0.392847 -0.707107 -0.587938
v -0.308658 -0.831470 -0.461939
v -0.212607 -0.923880 -0.318190
v -0.108386 -0.980785 -0.162212
v -0.074658 0.980785 -0.180240
v -0.146446 0.923880 -0.353553
v -0.212607 0.831470 -0.513279
v -0.270598 0.707107 -0.653281
v -0.318189 0.555570 -0.768177
v -0.353553 0.382683 -0.853553
v -0.375330 0.195090 -0.906127
v -0.382683 -0.000000 -0.923879
v -0.375330 -0.195090 -0.906127
v -0.353553 -0.382683 -0.853553
v -0.318189 -0.555570 -0.768177
v -0.270598 -0.707107 -0.653281
v -0.212607 -0.831470 -0.513279
v -0.146446 -0.923880 -0.353553
v -0.074658 -0.980785 -0.180240
v -0.038060 0.980785 -0.191342
v -0.074658 0.923880 -0.375330
v -0.108386 0.831470 -0.544895
v -0.137950 0.707107 -0.693520
v -0.162211 0.555570 -0.815493
v -0.180240 0.382683 -0.906127
v -0.191341 0.195090 -0.961939
v -0.195090 -0.000000 -0.980784
v -0.191341 -0.195090 -0.961939
v -0.180240 -0.382683 -0.906127
v -0.162211 -0.555570 -0.815493
v -0.137950 -0.707107 -0.693520
v -0.108386 -0.831470 -0.544895
v -0.074658 -0.923880 -0.375330
v -0.038060 -0.980785 -0.191342
v 0.000000 0.980785 -0.195090
v 0.000000 0.923880 -0.382683
v 0.000000 0.707107 -0.707107
v 0.000000 0.382683 -0.923879
v 0.000000 -0.382683 -0.923879
v 0.000000 -0.707107 -0.707107
v 0.000000 -0.831470 -0.555570
v 0.000000 -0.923880 -0.382683
v 0.000000 -0.980785 -0.195090
v 0.000000 -0.907258 0.000000
v 0.000000 -0.907258 0.000000
v 0.000000 -0.907258 0.000000
v 0.000000 -0.907258 0.000000
v 0.000000 -0.907258 0.000000
v 0.000000 -0.907258 0.000000
v 0.000000 -0.907258 0.000000
v 0.000000 -0.907258 0.000000
v 0.000000 -0.907258 0.000000
v 0.000000 -0.907258 0.000000
v 0.000000 -0.907258 0.000000
v 0.000000 -0.907258 0.000000
v 0.000000 -0.907258 0.000000
v 0.000000 -0.907258 0.000000
v 0.000000 -0.907258 0.000000
v 0.000000 -0.907258 0.000000
v 0.000000 -0.907258 0.000000
v 0.000000 -0.907258 0.000000
v 0.000000 -0.907258 0.000000
v 0.000000 -0.907258 0.000000
v 0.000000 -0.907258 0.000000
v 0.000000 -0.907258 0.000000
v 0.000000 -0.907258 0.000000
v 0.000000 -0.907258 0.000000
v 0.000000 -0.907258 0.000000
v 0.000000 -0.907258 0.000000
v 0.000000 -0.907258 0.000000
v 0.000000 -0.907258 0.000000
v 0.000000 -0.907258 0.000000
v 0.000000 -0.907258 0.000000
v 0.000000 -0.907258 0.000000
v 0.000000 -0.907258 0.000000
v 0.000000 -0.859815 0.000000
v 0.000000 -1.217258 -0.178721
v 0.034867 -1.217258 -0.175287
v 0.068394 -1.217258 -0.165117
v 0.099292 -1.217258 -0.148601
v 0.126375 -1.217258 -0.126375
v 0.148601 -1.217258 -0.099292
v 0.165117 -1.217258 -0.068394
v 0.175287 -1.217258 -0.034867
v 0.178721 -1.217258 0.000000
v 0.175287 -1.217258 0.034867
v 0.165117 -1.217258 0.068394
v 0.148601 -1.217258 0.099292
v 0.126375 -1.217258 0.126375
v 0.099292 -1.217258 0.148601
v 0.068394 -1.217258 0.165117
v 0.034867 -1.217258 0.175287
v 0.000000 -1.217258 0.178721
v -0.034867 -1.217258 0.175287
v -0.068394 -1.217258 0.165117
v -0.099292 -1.217258 0.148601
v -0.126375 -1.217258 0.126375
v -0.148601 -1.217258 0.099292
v -0.165117 -1.217258 0.068394
v -0.175287 -1.217258 0.034867
v -0.178721 -1.217258 0.000000
v -0.175287 -1.217258 -0.034867
v -0.165117 -1.217258 -0.068394
v -0.148601 -1.217258 -0.099292
v -0.126375 -1.217258 -0.126375
v -0.099292 -1.217258 -0.148601
v -0.068394 -1.217258 -0.165117
v -0.034867 -1.217258 -0.175287
v 0.000000 -1.217258 -0.171481
v 0.033454 -1.217258 -0.168186
v 0.065623 -1.217258 -0.158428
v 0.095270 -1.217258 -0.142582
v 0.121256 -1.217258 -0.121256
v 0.142582 -1.217258 -0.095270
v 0.158428 -1.217258 -0.065623
v 0.168186 -1.217258 -0.033454
v 0.171481 -1.217258 0.000000
v 0.168186 -1.217258 0.033454
v 0.158428 -1.217258 0.065623
v 0.142582 -1.217258 0.095270
v 0.121256 -1.217258 0.121256
v 0.095270 -1.217258 0.142582
v 0.065623 -1.217258 0.158428
v 0.033454 -1.217258 0.168186
v 0.000000 -1.217258 0.171481
v -0.033454 -1.217258 0.168186
v -0.065623 -1.217258 0.158428
v -0.095270 -1.217258 0.142582
v -0.121256 -1.217258 0.121256
v -0.142582 -1.217258 0.095270
v -0.158428 -1.217258 0.065623
v -0.168186 -1.217258 0.033454
v -0.171481 -1.217258 0.000000
v -0.168186 -1.217258 -0.033454
v -0.158428 -1.217258 -0.065623
v -0.142582 -1.217258 -0.095270
v -0.121256 -1.217258 -0.121256
v -0.095270 -1.217258 -0.142582
v -0.065623 -1.217258 -0.158428
v -0.033454 -1.217258 -0.168186
v 0.000000 -1.079715 -0.100000
v 0.000000 -0.938828 -0.100000
v 0.019509 -1.079715 -0.098079
v 0.019509 -0.938828 -0.098079
v 0.038268 -1.079715 -0.092388
v 0.038268 -0.938828 -0.092388
v 0.055557 -1.079715 -0.083147
v 0.055557 -0.938828 -0.083147
v 0.070711 -1.079715 -0.070711
v 0.070711 -0.938828 -0.070711
v 0.083147 -1.079715 -0.055557
v 0.083147 -0.938828 -0.055557
v 0.092388 -1.079715 -0.038268
v 0.092388 -0.938828 -0.038268
v 0.098079 -1.079715 -0.019509
v 0.098079 -0.938828 -0.019509
v 0.100000 -1.079715 0.000000
v 0.100000 -0.938828 0.000000
v 0.098079 -1.079715 0.019509
v 0.098079 -0.938828 0.019509
v 0.092388 -1.079715 0.038268
v 0.092388 -0.938828 0.038268
v 0.083147 -1.079715 0.055557
v 0.083147 -0.938828 0.055557
v 0.070711 -1.079715 0.070711
v 0.070711 -0.938828 0.070711
v 0.055557 -1.079715 0.083147
v 0.055557 -0.938828 0.083147
v 0.038268 -1.079715 0.092388
v 0.038268 -0.938828 0.092388
v 0.019509 -1.079715 0.098079
v 0.019509 -0.938828 0.098079
v 0.000000 -1.079715 0.100000
v 0.000000 -0.938828 0.100000
v -0.019509 -1.079715 0.098079
v -0.019509 -0.938828 0.098079
v -0.038268 -1.079715 0.092388
v -0.038268 -0.938828 0.092388
v -0.055557 -1.079715 0.083147
v -0.055557 -0.938828 0.083147
v -0.070711 -1.079715 0.070711
v -0.070711 -0.938828 0.070711
v -0.083147 -1.079715 0.055557
v -0.083147 -0.938828 0.055557
v -0.092388 -1.079715 0.038268
v -0.092388 -0.938828 0.038268
v -0.098079 -1.079715 0.019509
v -0.098079 -0.938828 0.019509
v -0.100000 -1.079715 0.000000
v -0.100000 -0.938828 0.000000
v -0.098079 -1.079715 -0.019509
v -0.098079 -0.938828 -0.019509
v -0.092388 -1.079715 -0.038268
v -0.092388 -0.938828 -0.038268
v -0.083147 -1.079715 -0.055557
v -0.083147 -0.938828 -0.055557
v -0.070711 -1.079715 -0.070711
v -0.070711 -0.938828 -0.070711
v -0.055557 -1.079715 -0.083147
v -0.055557 -0.938828 -0.083147
v -0.038268 -1.079715 -0.092388
v -0.038268 -0.938828 -0.092388
v -0.019509 -1.079715 -0.098079
v -0.019509 -0.938828 -0.098079
v 0.850563 0.213749 0.511629
v 0.850563 0.142822 0.567065
v 0.850563 0.050153 0.597066
v 0.850563 0.000000 0.600927
v 0.850563 -0.050153 0.597066
v 0.850563 -0.142822 0.567065
v 0.858106 0.252134 0.438446
v 0.865360 0.237505 0.475414
v 0.872046 0.213749 0.509484
v 0.877905 0.181778 0.539347
v 0.882714 0.142822 0.563855
v 0.886288 0.098378 0.582065
v 0.888488 0.050153 0.593280
v 0.889231 0.000000 0.597066
v 0.888488 -0.050153 0.593280
v 0.886288 -0.098378 0.582065
v 0.882714 -0.142822 0.563855
v 0.877905 -0.181778 0.539347
v 0.872046 -0.213749 0.509484
v 0.865360 -0.237505 0.475414
v 0.858106 -0.252134 0.438446
v 0.865360 0.252134 0.436215
v 0.879589 0.237505 0.471038
v 0.892703 0.213749 0.503132
v 0.904197 0.181778 0.531262
v 0.913630 0.142822 0.554348
v 0.920640 0.098378 0.571502
v 0.924956 0.050153 0.582065
v 0.926414 0.000000 0.585632
v 0.924956 -0.050153 0.582065
v 0.920640 -0.098378 0.571502
v 0.913630 -0.142822 0.554348
v 0.904197 -0.181778 0.531262
v 0.892703 -0.213749 0.503132
v 0.879589 -0.237505 0.471038
v 0.865360 -0.252134 0.436215
v 0.872046 0.252134 0.432593
v 0.892703 0.237505 0.463933
v 0.911741 0.213749 0.492816
v 0.928428 0.181778 0.518133
v 0.942123 0.142822 0.538909
v 0.952299 0.098378 0.554348
v 0.958565 0.050153 0.563855
v 0.960681 0.000000 0.567065
v 0.958565 -0.050153 0.563855
v 0.952299 -0.098378 0.554348
v 0.942123 -0.142822 0.538909
v 0.928428 -0.181778 0.518133
v 0.911741 -0.213749 0.492816
v 0.892703 -0.237505 0.463933
v 0.872046 -0.252134 0.432593
v 0.877905 0.252134 0.427718
v 0.904197 0.237505 0.454371
v 0.928428 0.213749 0.478934
v 0.949667 0.181778 0.500464
v 0.967097 0.142822 0.518133
v 0.980048 0.098378 0.531262
v 0.988024 0.050153 0.539347
v 0.990717 0.000000 0.542077
v 0.988024 -0.050153 0.539347
v 0.980048 -0.098378 0.531262
v 0.967097 -0.142822 0.518133
v 0.949667 -0.181778 0.500464
v 0.928428 -0.213749 0.478934
v 0.904197 -0.237505 0.454371
v 0.877905 -0.252134 0.427718
v 0.882714 0.252134 0.421778
v 0.913630 0.237505 0.442719
v 0.942123 0.213749 0.462018
v 0.967097 0.181778 0.478934
v 0.987592 0.142822 0.492816
v 1.002822 0.098378 0.503132
v 1.012200 0.050153 0.509484
v 1.015367 0.000000 0.511629
v 1.012200 -0.050153 0.509484
v 1.002822 -0.098378 0.503132
v 0.987592 -0.142822 0.492816
v 0.967097 -0.181778 0.478934
v 0.942123 -0.213749 0.462018
v 0.913630 -0.237505 0.442719
v 0.882714 -0.252134 0.421778
v 0.850563 0.257073 0.400000
v 0.886288 0.252134 0.415001
v 0.920640 0.237505 0.429425
v 0.952299 0.213749 0.442719
v 0.980048 0.181778 0.454371
v 1.002822 0.142822 0.463933
v 1.019744 0.098378 0.471038
v 1.030164 0.050153 0.475414
v 1.033683 0.000000 0.476891
v 1.030164 -0.050153 0.475414
v 1.019744 -0.098378 0.471038
v 1.002822 -0.142822 0.463933
v 0.980048 -0.181778 0.454371
v 0.952299 -0.213749 0.442719
v 0.920640 -0.237505 0.429425
v 0.886288 -0.252134 0.415001
v 0.888488 0.252134 0.407647
v 0.924956 0.237505 0.415001
v 0.958565 0.213749 0.421778
v 0.988024 0.181778 0.427718
v 1.012200 0.142822 0.432593
v 1.030164 0.098378 0.436215
v 1.041227 0.050153 0.438446
v 1.044962 0.000000 0.439199
v 1.041227 -0.050153 0.438446
v 1.030164 -0.098378 0.436215
v 1.012200 -0.142822 0.432593
v 0.988024 -0.181778 0.427718
v 0.958565 -0.213749 0.421778
v 0.924956 -0.237505 0.415001
v 0.888488 -0.252134 0.407647
v 0.889231 0.252134 0.400000
v 0.926414 0.237505 0.400000
v 0.960681 0.213749 0.400000
v 0.990717 0.181778 0.400000
v 1.015367 0.142822 0.400000
v 1.033683 0.098378 0.400000
v 1.044962 0.050153 0.400000
v 1.048771 0.000000 0.400000
v 1.044962 -0.050153 0.400000
v 1.033683 -0.098378 0.400000
v 1.015367 -0.142822 0.400000
v 0.990717 -0.181778 0.400000
v 0.960681 -0.213749 0.400000
v 0.926414 -0.237505 0.400000
v 0.889231 -0.252134 0.400000
v 0.888488 0.252134 0.392353
v 0.924956 0.237505 0.384999
v 0.958565 0.213749 0.378222
v 0.988024 0.181778 0.372282
v 1.012200 0.142822 0.367407
v 1.030164 0.098378 0.363785
v 1.041227 0.050153 0.361554
v 1.044962 0.000000 0.360801
v 1.041227 -0.050153 0.361554
v 1.030164 -0.098378 0.363785
v 1.012200 -0.142822 0.367407
v 0.988024 -0.181778 0.372282
v 0.958565 -0.213749 0.378222
v 0.924956 -0.237505 0.384999
v 0.888488 -0.252134 0.392353
v 0.886288 0.252134 0.384999
v 0.920640 0.237505 0.370575
v 0.952299 0.213749 0.357282
v 0.980048 0.181778 0.345630
v 1.002822 0.142822 0.336067
v 1.019744 0.098378 0.328962
v 1.030164 0.050153 0.324586
v 1.033683 0.000000 0.323109
v 1.030164 -0.050153 0.324586
v 1.019744 -0.098378 0.328962
v 1.002822 -0.142822 0.336067
v 0.980048 -0.181778 0.345630
v 0.952299 -0.213749 0.357282
v 0.920640 -0.237505 0.370575
v 0.886288 -0.252134 0.384999
v 0.882714 0.252134 0.378222
v 0.913630 0.237505 0.357282
v 0.942123 0.213749 0.337982
v 0.967097 0.181778 0.321066
v 0.987592 0.142822 0.307184
v 1.002822 0.098378 0.296868
v 1.012200 0.050153 0.290516
v 1.015367 0.000000 0.288371
v 1.012200 -0.050153 0.290516
v 1.002822 -0.098378 0.296868
v 0.987592 -0.142822 0.307184
v 0.967097 -0.181778 0.321066
v 0.942123 -0.213749 0.337982
v 0.913630 -0.237505 0.357282
v 0.882714 -0.252134 0.378222
v 0.877905 0.252134 0.372282
v 0.904197 0.237505 0.345630
v 0.928428 0.213749 0.321066
v 0.949667 0.181778 0.299537
v 0.967097 0.142822 0.281868
v 0.980048 0.098378 0.268738
v 0.988024 0.050153 0.260653
v 0.990717 0.000000 0.257923
v 0.988024 -0.050153 0.260653
v 0.980048 -0.098378 0.268738
v 0.967097 -0.142822 0.281868
v 0.949667 -0.181778 0.299537
v 0.928428 -0.213749 0.321066
v 0.904197 -0.237505 0.345630
v 0.877905 -0.252134 0.372282
v 0.872046 0.252134 0.367407
v 0.892703 0.237505 0.336067
v 0.911741 0.213749 0.307184
v 0.928428 0.181778 0.281868
v 0.942123 0.142822 0.261091
v 0.952299 0.098378 0.245653
v 0.958565 0.050153 0.236146
v 0.960681 0.000000 0.232936
v 0.958565 -0.050153 0.236146
v 0.952299 -0.098378 0.245653
v 0.942123 -0.142822 0.261091
v 0.928428 -0.181778 0.281868
v 0.911741 -0.213749 0.307184
v 0.892703 -0.237505 0.336067
v 0.872046 -0.252134 0.367407
v 0.865360 0.252134 0.363785
v 0.879589 0.237505 0.328962
v 0.892703 0.213749 0.296868
v 0.904197 0.181778 0.268738
v 0.913630 0.142822 0.245653
v 0.920640 0.098378 0.228498
v 0.924956 0.050153 0.217935
v 0.926413 0.000000 0.214368
v 0.924956 -0.050153 0.217935
v 0.920640 -0.098378 0.228498
v 0.913630 -0.142822 0.245653
v 0.904197 -0.181778 0.268738
v 0.892703 -0.213749 0.296868
v 0.879589 -0.237505 0.328962
v 0.865360 -0.252134 0.363785
v 0.858106 0.252134 0.361554
v 0.865360 0.237505 0.324586
v 0.872046 0.213749 0.290516
v 0.877905 0.181778 0.260653
v 0.882714 0.142822 0.236146
v 0.886288 0.098378 0.217935
v 0.888488 0.050153 0.206721
v 0.889231 0.000000 0.202934
v 0.888488 -0.050153 0.206721
v 0.886288 -0.098378 0.217935
v 0.882714 -0.142822 0.236146
v 0.877905 -0.181778 0.260653
v 0.872046 -0.213749 0.290516
v 0.865360 -0.237505 0.324586
v 0.858106 -0.252134 0.361554
v 0.850563 0.252134 0.360801
v 0.850563 0.237505 0.323109
v 0.850563 0.213749 0.288371
v 0.850563 0.181778 0.257923
v 0.850563 0.142822 0.232936
v 0.850563 0.098378 0.214368
v 0.850563 0.050153 0.202934
v 0.850563 0.000000 0.199073
v 0.850563 -0.050153 0.202934
v 0.850563 -0.098378 0.214368
v 0.850563 -0.142822 0.232936
v 0.850563 -0.181778 0.257923
v 0.850563 -0.213749 0.288371
v 0.850563 -0.237505 0.323109
v 0.850563 -0.252134 0.360801
v 0.843019 0.252134 0.361554
v 0.835765 0.237505 0.324586
v 0.829080 0.213749 0.290516
v 0.823220 0.181778 0.260653
v 0.818411 0.142822 0.236146
v 0.814838 0.098378 0.217935
v 0.812637 0.050153 0.206721
v 0.811894 0.000000 0.202934
v 0.812637 -0.050153 0.206721
v 0.814838 -0.098378 0.217935
v 0.818411 -0.142822 0.236146
v 0.823220 -0.181778 0.260653
v 0.829080 -0.213749 0.290516
v 0.835765 -0.237505 0.324586
v 0.843019 -0.252134 0.361554
v 0.835765 0.252134 0.363785
v 0.821536 0.237505 0.328962
v 0.808422 0.213749 0.296868
v 0.796928 0.181778 0.268738
v 0.787495 0.142822 0.245653
v 0.780485 0.098378 0.228498
v 0.776169 0.050153 0.217935
v 0.774712 0.000000 0.214368
v 0.776169 -0.050153 0.217935
v 0.780485 -0.098378 0.228498
v 0.787495 -0.142822 0.245653
v 0.796928 -0.181778 0.268738
v 0.808422 -0.213749 0.296868
v 0.821536 -0.237505 0.328962
v 0.835765 -0.252134 0.363785
v 0.829080 0.252134 0.367407
v 0.808422 0.237505 0.336067
v 0.789384 0.213749 0.307184
v 0.772697 0.181778 0.281868
v 0.759002 0.142822 0.261091
v 0.748826 0.098378 0.245653
v 0.742560 0.050153 0.236146
v 0.740444 0.000000 0.232936
v 0.742560 -0.050153 0.236146
v 0.748826 -0.098378 0.245653
v 0.759002 -0.142822 0.261091
v 0.772697 -0.181778 0.281868
v 0.789384 -0.213749 0.307184
v 0.808422 -0.237505 0.336067
v 0.829080 -0.252134 0.367407
v 0.823220 0.252134 0.372282
v 0.796928 0.237505 0.345630
v 0.772697 0.213749 0.321067
v 0.751459 0.181778 0.299537
v 0.734029 0.142822 0.281868
v 0.721077 0.098378 0.268738
v 0.713101 0.050153 0.260653
v 0.710408 0.000000 0.257923
v 0.713101 -0.050153 0.260653
v 0.721077 -0.098378 0.268738
v 0.734029 -0.142822 0.281868
v 0.751459 -0.181778 0.299537
v 0.772697 -0.213749 0.321067
v 0.796928 -0.237505 0.345630
v 0.823220 -0.252134 0.372282
v 0.850563 -0.257073 0.400000
v 0.818411 0.252134 0.378222
v 0.787495 0.237505 0.357282
v 0.759002 0.213749 0.337982
v 0.734029 0.181778 0.321066
v 0.713533 0.142822 0.307184
v 0.698304 0.098378 0.296868
v 0.688925 0.050153 0.290516
v 0.685759 0.000000 0.288371
v 0.688925 -0.050153 0.290516
v 0.698304 -0.098378 0.296868
v 0.713533 -0.142822 0.307184
v 0.734029 -0.181778 0.321066
v 0.759002 -0.213749 0.337982
v 0.787495 -0.237505 0.357282
v 0.818411 -0.252134 0.378222
v 0.814838 0.252134 0.384999
v 0.780485 0.237505 0.370575
v 0.748826 0.213749 0.357282
v 0.721077 0.181778 0.345630
v 0.698304 0.142822 0.336067
v 0.681381 0.098378 0.328962
v 0.670961 0.050153 0.324586
v 0.667442 0.000000 0.323109
v 0.670961 -0.050153 0.324586
v 0.681381 -0.098378 0.328962
v 0.698304 -0.142822 0.336067
v 0.721077 -0.181778 0.345630
v 0.748826 -0.213749 0.357282
v 0.780485 -0.237505 0.370575
v 0.814838 -0.252134 0.384999
v 0.812637 0.252134 0.392353
v 0.776169 0.237505 0.384999
v 0.742560 0.213749 0.378222
v 0.713101 0.181778 0.372282
v 0.688925 0.142822 0.367407
v 0.670961 0.098378 0.363785
v 0.659898 0.050153 0.361554
v 0.656163 0.000000 0.360801
v 0.659898 -0.050153 0.361554
v 0.670961 -0.098378 0.363785
v 0.688925 -0.142822 0.367407
v 0.713101 -0.181778 0.372282
v 0.742560 -0.213749 0.378222
v 0.776169 -0.237505 0.384999
v 0.812637 -0.252134 0.392353
v 0.811894 0.252134 0.400000
v 0.774712 0.237505 0.400000
v 0.740444 0.213749 0.400000
v 0.710408 0.181778 0.400000
v 0.685759 0.142822 0.400000
v 0.667442 0.098378 0.400000
v 0.656163 0.050153 0.400000
v 0.652355 0.000000 0.400000
v 0.656163 -0.050153 0.400000
v 0.667442 -0.098378 0.400000
v 0.685759 -0.142822 0.400000
v 0.710408 -0.181778 0.400000
v 0.740444 -0.213749 0.400000
v 0.774712 -0.237505 0.400000
v 0.811894 -0.252134 0.400000
v 0.812637 0.252134 0.407647
v 0.776169 0.237505 0.415001
v 0.742560 0.213749 0.421778
v 0.713101 0.181778 0.427718
v 0.688925 0.142822 0.432593
v 0.670961 0.098378 0.436215
v 0.659898 0.050153 0.438446
v 0.656163 0.000000 0.439199
v 0.659898 -0.050153 0.438446
v 0.670961 -0.098378 0.436215
v 0.688925 -0.142822 0.432593
v 0.713101 -0.181778 0.427718
v 0.742560 -0.213749 0.421778
v 0.776169 -0.237505 0.415001
v 0.812637 -0.252134 0.407647
v 0.814838 0.252134 0.415001
v 0.780485 0.237505 0.429425
v 0.748826 0.213749 0.442719
v 0.721077 0.181778 0.454370
v 0.698304 0.142822 0.463933
v 0.681381 0.098378 0.471038
v 0.670961 0.050153 0.475414
v 0.667442 0.000000 0.476892
v 0.670961 -0.050153 0.475414
v 0.681381 -0.098378 0.471038
v 0.698304 -0.142822 0.463933
v 0.721077 -0.181778 0.454370
v 0.748826 -0.213749 0.442719
v 0.780485 -0.237505 0.429425
v 0.814838 -0.252134 0.415001
v 0.818411 0.252134 0.421778
v 0.787495 0.237505 0.442719
v 0.759002 0.213749 0.462018
v 0.734029 0.181778 0.478934
v 0.713533 0.142822 0.492816
v 0.698304 0.098378 0.503132
v 0.688925 0.050153 0.509484
v 0.685759 0.000000 0.511629
v 0.688925 -0.050153 0.509484
v 0.698304 -0.098378 0.503132
v 0.713533 -0.142822 0.492816
v 0.734029 -0.181778 0.478934
v 0.759002 -0.213749 0.462018
v 0.787495 -0.237505 0.442719
v 0.818411 -0.252134 0.421778
v 0.823220 0.252134 0.427718
v 0.796928 0.237505 0.454370
v 0.772697 0.213749 0.478934
v 0.751459 0.181778 0.500464
v 0.734029 0.142822 0.518133
v 0.721077 0.098378 0.531262
v 0.713101 0.050153 0.539347
v 0.710408 0.000000 0.542077
v 0.713101 -0.050153 0.539347
v 0.721077 -0.098378 0.531262
v 0.734029 -0.142822 0.518133
v 0.751459 -0.181778 0.500464
v 0.772697 -0.213749 0.478934
v 0.796928 -0.237505 0.454370
v 0.823220 -0.252134 0.427718
v 0.829080 0.252134 0.432593
v 0.808422 0.237505 0.463933
v 0.789384 0.213749 0.492816
v 0.772697 0.181778 0.518133
v 0.759002 0.142822 0.538909
v 0.748826 0.098378 0.554348
v 0.742560 0.050153 0.563855
v 0.740444 0.000000 0.567065
v 0.742560 -0.050153 0.563855
v 0.748826 -0.098378 0.554348
v 0.759002 -0.142822 0.538909
v 0.772697 -0.181778 0.518133
v 0.789384 -0.213749 0.492816
v 0.808422 -0.237505 0.463933
v 0.829080 -0.252134 0.432593
v 0.835765 0.252134 0.436215
v 0.821536 0.237505 0.471038
v 0.808422 0.213749 0.503132
v 0.796928 0.181778 0.531262
v 0.787495 0.142822 0.554348
v 0.780485 0.098378 0.571502
v 0.776169 0.050153 0.582065
v 0.774712 0.000000 0.585632
v 0.776169 -0.050153 0.582065
v 0.780485 -0.098378 0.571502
v 0.787495 -0.142822 0.554348
v 0.796928 -0.181778 0.531262
v 0.808422 -0.213749 0.503132
v 0.821536 -0.237505 0.471038
v 0.835765 -0.252134 0.436215
v 0.843019 0.252134 0.438446
v 0.835765 0.237505 0.475414
v 0.829080 0.213749 0.509484
v 0.823220 0.181778 0.539347
v 0.818411 0.142822 0.563854
v 0.814838 0.098378 0.582065
v 0.812637 0.050153 0.593280
v 0.811894 0.000000 0.597066
v 0.812637 -0.050153 0.593280
v 0.814838 -0.098378 0.582065
v 0.818411 -0.142822 0.563854
v 0.823220 -0.181778 0.539347
v 0.829080 -0.213749 0.509484
v 0.835765 -0.237505 0.475414
v 0.843019 -0.252134 0.438446
v 0.850563 0.252134 0.439199
v 0.850563 0.237505 0.476891
v 0.850563 0.181778 0.542077
v 0.850563 0.098378 0.585632
v 0.850563 -0.098378 0.585632
v 0.850563 -0.181778 0.542077
v 0.850563 -0.213749 0.511629
v 0.850563 -0.237505 0.476891
v 0.850563 -0.252134 0.439199
v 0.850563 0.213749 -0.286187
v 0.850563 0.142822 -0.230752
v 0.850563 0.050153 -0.200750
v 0.850563 -0.000000 -0.196889
v 0.850563 -0.050153 -0.200750
v 0.850563 -0.142822 -0.230752
v 0.858106 0.252134 -0.359370
v 0.865360 0.237505 -0.322402
v 0.872046 0.213749 -0.288332
v 0.877905 0.181778 -0.258469
v 0.882714 0.142822 -0.233962
v 0.886288 0.098378 -0.215751
v 0.888488 0.050153 -0.204537
v 0.889231 -0.000000 -0.200750
v 0.888488 -0.050153 -0.204537
v 0.886288 -0.098378 -0.215751
v 0.882714 -0.142822 -0.233962
v 0.877905 -0.181778 -0.258469
v 0.872046 -0.213749 -0.288332
v 0.865360 -0.237505 -0.322402
v 0.858106 -0.252134 -0.359370
v 0.865360 0.252134 -0.361601
v 0.879589 0.237505 -0.326778
v 0.892703 0.213749 -0.294684
v 0.904197 0.181778 -0.266554
v 0.913630 0.142822 -0.243469
v 0.920640 0.098378 -0.226314
v 0.924956 0.050153 -0.215751
v 0.926414 -0.000000 -0.212184
v 0.924956 -0.050153 -0.215751
v 0.920640 -0.098378 -0.226314
v 0.913630 -0.142822 -0.243469
v 0.904197 -0.181778 -0.266554
v 0.892703 -0.213749 -0.294684
v 0.879589 -0.237505 -0.326778
v 0.865360 -0.252134 -0.361601
v 0.872046 0.252134 -0.365223
v 0.892703 0.237505 -0.333883
v 0.911741 0.213749 -0.305000
v 0.928428 0.181778 -0.279684
v 0.942123 0.142822 -0.258907
v 0.952299 0.098378 -0.243469
v 0.958565 0.050153 -0.233962
v 0.960681 -0.000000 -0.230752
v 0.958565 -0.050153 -0.233962
v 0.952299 -0.098378 -0.243469
v 0.942123 -0.142822 -0.258907
v 0.928428 -0.181778 -0.279684
v 0.911741 -0.213749 -0.305000
v 0.892703 -0.237505 -0.333883
v 0.872046 -0.252134 -0.365223
v 0.877905 0.252134 -0.370098
v 0.904197 0.237505 -0.343446
v 0.928428 0.213749 -0.318883
v 0.949667 0.181778 -0.297353
v 0.967097 0.142822 -0.279684
v 0.980048 0.098378 -0.266554
v 0.988024 0.050153 -0.258469
v 0.990717 -0.000000 -0.255739
v 0.988024 -0.050153 -0.258469
v 0.980048 -0.098378 -0.266554
v 0.967097 -0.142822 -0.279684
v 0.949667 -0.181778 -0.297353
v 0.928428 -0.213749 -0.318883
v 0.904197 -0.237505 -0.343446
v 0.877905 -0.252134 -0.370098
v 0.882714 0.252134 -0.376038
v 0.913630 0.237505 -0.355098
v 0.942123 0.213749 -0.335798
v 0.967097 0.181778 -0.318883
v 0.987592 0.142822 -0.305000
v 1.002822 0.098378 -0.294684
v 1.012200 0.050153 -0.288332
v 1.015367 -0.000000 -0.286187
v 1.012200 -0.050153 -0.288332
v 1.002822 -0.098378 -0.294684
v 0.987592 -0.142822 -0.305000
v 0.967097 -0.181778 -0.318883
v 0.942123 -0.213749 -0.335798
v 0.913630 -0.237505 -0.355098
v 0.882714 -0.252134 -0.376038
v 0.850563 0.257073 -0.397816
v 0.886288 0.252134 -0.382815
v 0.920640 0.237505 -0.368391
v 0.952299 0.213749 -0.355098
v 0.980048 0.181778 -0.343446
v 1.002822 0.142822 -0.333883
v 1.019744 0.098378 -0.326778
v 1.030164 0.050153 -0.322402
v 1.033683 -0.000000 -0.320925
v 1.030164 -0.050153 -0.322402
v 1.019744 -0.098378 -0.326778
v 1.002822 -0.142822 -0.333883
v 0.980048 -0.181778 -0.343446
v 0.952299 -0.213749 -0.355098
v 0.920640 -0.237505 -0.368391
v 0.886288 -0.252134 -0.382815
v 0.888488 0.252134 -0.390169
v 0.924956 0.237505 -0.382815
v 0.958565 0.213749 -0.376038
v 0.988024 0.181778 -0.370098
v 1.012200 0.142822 -0.365224
v 1.030164 0.098378 -0.361601
v 1.041227 0.050153 -0.359370
v 1.044962 -0.000000 -0.358617
v 1.041227 -0.050153 -0.359370
v 1.030164 -0.098378 -0.361601
v 1.012200 -0.142822 -0.365224
v 0.988024 -0.181778 -0.370098
v 0.958565 -0.213749 -0.376038
v 0.924956 -0.237505 -0.382815
v 0.888488 -0.252134 -0.390169
v 0.889231 0.252134 -0.397816
v 0.926414 0.237505 -0.397816
v 0.960681 0.213749 -0.397816
v 0.990717 0.181778 -0.397816
v 1.015367 0.142822 -0.397816
v 1.033683 0.098378 -0.397816
v 1.044962 0.050153 -0.397816
v 1.048771 -0.000000 -0.397816
v 1.044962 -0.050153 -0.397816
v 1.033683 -0.098378 -0.397816
v 1.015367 -0.142822 -0.397816
v 0.990717 -0.181778 -0.397816
v 0.960681 -0.213749 -0.397816
v 0.926414 -0.237505 -0.397816
v 0.889231 -0.252134 -0.397816
v 0.888488 0.252134 -0.405464
v 0.924956 0.237505 -0.412817
v 0.958565 0.213749 -0.419594
v 0.988024 0.181778 -0.425534
v 1.012200 0.142822 -0.430409
v 1.030164 0.098378 -0.434031
v 1.041227 0.050153 -0.436262
v 1.044962 -0.000000 -0.437015
v 1.041227 -0.050153 -0.436262
v 1.030164 -0.098378 -0.434031
v 1.012200 -0.142822 -0.430409
v 0.988024 -0.181778 -0.425534
v 0.958565 -0.213749 -0.419594
v 0.924956 -0.237505 -0.412817
v 0.888488 -0.252134 -0.405464
v 0.886288 0.252134 -0.412817
v 0.920640 0.237505 -0.427241
v 0.952299 0.213749 -0.440535
v 0.980048 0.181778 -0.452187
v 1.002822 0.142822 -0.461749
v 1.019744 0.098378 -0.468855
v 1.030164 0.050153 -0.473230
v 1.033683 -0.000000 -0.474708
v 1.030164 -0.050153 -0.473230
v 1.019744 -0.098378 -0.468855
v 1.002822 -0.142822 -0.461749
v 0.980048 -0.181778 -0.452187
v 0.952299 -0.213749 -0.440535
v 0.920640 -0.237505 -0.427241
v 0.886288 -0.252134 -0.412817
v 0.882714 0.252134 -0.419594
v 0.913630 0.237505 -0.440535
v 0.942123 0.213749 -0.459834
v 0.967097 0.181778 -0.476750
v 0.987592 0.142822 -0.490632
v 1.002822 0.098378 -0.500948
v 1.012200 0.050153 -0.507300
v 1.015367 -0.000000 -0.509445
v 1.012200 -0.050153 -0.507300
v 1.002822 -0.098378 -0.500948
v 0.987592 -0.142822 -0.490632
v 0.967097 -0.181778 -0.476750
v 0.942123 -0.213749 -0.459834
v 0.913630 -0.237505 -0.440535
v 0.882714 -0.252134 -0.419594
v 0.877905 0.252134 -0.425534
v 0.904197 0.237505 -0.452187
v 0.928428 0.213749 -0.476750
v 0.949667 0.181778 -0.498280
v 0.967097 0.142822 -0.515949
v 0.980048 0.098378 -0.529078
v 0.988024 0.050153 -0.537163
v 0.990717 -0.000000 -0.539893
v 0.988024 -0.050153 -0.537163
v 0.980048 -0.098378 -0.529078
v 0.967097 -0.142822 -0.515949
v 0.949667 -0.181778 -0.498280
v 0.928428 -0.213749 -0.476750
v 0.904197 -0.237505 -0.452187
v 0.877905 -0.252134 -0.425534
v 0.872046 0.252134 -0.430409
v 0.892703 0.237505 -0.461749
v 0.911741 0.213749 -0.490632
v 0.928428 0.181778 -0.515949
v 0.942123 0.142822 -0.536725
v 0.952299 0.098378 -0.552164
v 0.958565 0.050153 -0.561671
v 0.960681 -0.000000 -0.564881
v 0.958565 -0.050153 -0.561671
v 0.952299 -0.098378 -0.552164
v 0.942123 -0.142822 -0.536725
v 0.928428 -0.181778 -0.515949
v 0.911741 -0.213749 -0.490632
v 0.892703 -0.237505 -0.461749
v 0.872046 -0.252134 -0.430409
v 0.865360 0.252134 -0.434031
v 0.879589 0.237505 -0.468855
v 0.892703 0.213749 -0.500948
v 0.904197 0.181778 -0.529078
v 0.913630 0.142822 -0.552164
v 0.920640 0.098378 -0.569318
v 0.924956 0.050153 -0.579882
v 0.926413 -0.000000 -0.583448
v 0.924956 -0.050153 -0.579882
v 0.920640 -0.098378 -0.569318
v 0.913630 -0.142822 -0.552164
v 0.904197 -0.181778 -0.529078
v 0.892703 -0.213749 -0.500948
v 0.879589 -0.237505 -0.468855
v 0.865360 -0.252134 -0.434031
v 0.858106 0.252134 -0.436262
v 0.865360 0.237505 -0.473230
v 0.872046 0.213749 -0.507300
v 0.877905 0.181778 -0.537163
v 0.882714 0.142822 -0.561671
v 0.886288 0.098378 -0.579882
v 0.888488 0.050153 -0.591096
v 0.889231 -0.000000 -0.594882
v 0.888488 -0.050153 -0.591096
v 0.886288 -0.098378 -0.579882
v 0.882714 -0.142822 -0.561671
v 0.877905 -0.181778 -0.537163
v 0.872046 -0.213749 -0.507300
v 0.865360 -0.237505 -0.473230
v 0.858106 -0.252134 -0.436262
v 0.850563 0.252134 -0.437015
v 0.850563 0.237505 -0.474708
v 0.850563 0.213749 -0.509445
v 0.850563 0.181778 -0.539893
v 0.850563 0.142822 -0.564881
v 0.850563 0.098378 -0.583448
v 0.850563 0.050153 -0.594882
v 0.850563 -0.000000 -0.598743
v 0.850563 -0.050153 -0.594882
v 0.850563 -0.098378 -0.583448
v 0.850563 -0.142822 -0.564881
v 0.850563 -0.181778 -0.539893
v 0.850563 -0.213749 -0.509445
v 0.850563 -0.237505 -0.474708
v 0.850563 -0.252134 -0.437015
v 0.843019 0.252134 -0.436262
v 0.835765 0.237505 -0.473230
v 0.829080 0.213749 -0.507300
v 0.823220 0.181778 -0.537163
v 0.818411 0.142822 -0.561671
v 0.814838 0.098378 -0.579881
v 0.812637 0.050153 -0.591096
v 0.811894 -0.000000 -0.594882
v 0.812637 -0.050153 -0.591096
v 0.814838 -0.098378 -0.579881
v 0.818411 -0.142822 -0.561671
v 0.823220 -0.181778 -0.537163
v 0.829080 -0.213749 -0.507300
v 0.835765 -0.237505 -0.473230
v 0.843019 -0.252134 -0.436262
v 0.835765 0.252134 -0.434031
v 0.821536 0.237505 -0.468855
v 0.808422 0.213749 -0.500948
v 0.796928 0.181778 -0.529078
v 0.787495 0.142822 -0.552164
v 0.780485 0.098378 -0.569318
v 0.776169 0.050153 -0.579881
v 0.774712 -0.000000 -0.583448
v 0.776169 -0.050153 -0.579881
v 0.780485 -0.098378 -0.569318
v 0.787495 -0.142822 -0.552164
v 0.796928 -0.181778 -0.529078
v 0.808422 -0.213749 -0.500948
v 0.821536 -0.237505 -0.468855
v 0.835765 -0.252134 -0.434031
v 0.829080 0.252134 -0.430409
v 0.808422 0.237505 -0.461749
v 0.789384 0.213749 -0.490632
v 0.772697 0.181778 -0.515949
v 0.759002 0.142822 -0.536725
v 0.748826 0.098378 -0.552164
v 0.742560 0.050153 -0.561671
v 0.740444 -0.000000 -0.564881
v 0.742560 -0.050153 -0.561671
v 0.748826 -0.098378 -0.552164
v 0.759002 -0.142822 -0.536725
v 0.772697 -0.181778 -0.515949
v 0.789384 -0.213749 -0.490632
v 0.808422 -0.237505 -0.461749
v 0.829080 -0.252134 -0.430409
v 0.823220 0.252134 -0.425534
v 0.796928 0.237505 -0.452187
v 0.772697 0.213749 -0.476750
v 0.751459 0.181778 -0.498280
v 0.734029 0.142822 -0.515949
v 0.721077 0.098378 -0.529078
v 0.713101 0.050153 -0.537163
v 0.710408 -0.000000 -0.539893
v 0.713101 -0.050153 -0.537163
v 0.721077 -0.098378 -0.529078
v 0.734029 -0.142822 -0.515949
v 0.751459 -0.181778 -0.498280
v 0.772697 -0.213749 -0.476750
v 0.796928 -0.237505 -0.452187
v 0.823220 -0.252134 -0.425534
v 0.850563 -0.257073 -0.397816
v 0.818411 0.252134 -0.419594
v 0.787495 0.237505 -0.440535
v 0.759002 0.213749 -0.459834
v 0.734029 0.181778 -0.476750
v 0.713533 0.142822 -0.490632
v 0.698304 0.098378 -0.500948
v 0.688925 0.050153 -0.507300
v 0.685759 -0.000000 -0.509445
v 0.688925 -0.050153 -0.507300
v 0.698304 -0.098378 -0.500948
v 0.713533 -0.142822 -0.490632
v 0.734029 -0.181778 -0.476750
v 0.759002 -0.213749 -0.459834
v 0.787495 -0.237505 -0.440535
v 0.818411 -0.252134 -0.419594
v 0.814838 0.252134 -0.412817
v 0.780485 0.237505 -0.427241
v 0.748826 0.213749 -0.440535
v 0.721077 0.181778 -0.452187
v 0.698304 0.142822 -0.461749
v 0.681381 0.098378 -0.468855
v 0.670961 0.050153 -0.473230
v 0.667442 -0.000000 -0.474707
v 0.670961 -0.050153 -0.473230
v 0.681381 -0.098378 -0.468855
v 0.698304 -0.142822 -0.461749
v 0.721077 -0.181778 -0.452187
v 0.748826 -0.213749 -0.440535
v 0.780485 -0.237505 -0.427241
v 0.814838 -0.252134 -0.412817
v 0.812637 0.252134 -0.405463
v 0.776169 0.237505 -0.412817
v 0.742560 0.213749 -0.419594
v 0.713101 0.181778 -0.425534
v 0.688925 0.142822 -0.430409
v 0.670961 0.098378 -0.434031
v 0.659898 0.050153 -0.436262
v 0.656163 -0.000000 -0.437015
v 0.659898 -0.050153 -0.436262
v 0.670961 -0.098378 -0.434031
v 0.688925 -0.142822 -0.430409
v 0.713101 -0.181778 -0.425534
v 0.742560 -0.213749 -0.419594
v 0.776169 -0.237505 -0.412817
v 0.812637 -0.252134 -0.405463
v 0.811894 0.252134 -0.397816
v 0.774712 0.237505 -0.397816
v 0.740444 0.213749 -0.397816
v 0.710408 0.181778 -0.397816
v 0.685759 0.142822 -0.397816
v 0.667442 0.098378 -0.397816
v 0.656163 0.050153 -0.397816
v 0.652355 -0.000000 -0.397816
v 0.656163 -0.050153 -0.397816
v 0.667442 -0.098378 -0.397816
v 0.685759 -0.142822 -0.397816
v 0.710408 -0.181778 -0.397816
v 0.740444 -0.213749 -0.397816
v 0.774712 -0.237505 -0.397816
v 0.811894 -0.252134 -0.397816
v 0.812637 0.252134 -0.390169
v 0.776169 0.237505 -0.382815
v 0.742560 0.213749 -0.376038
v 0.713101 0.181778 -0.370098
v 0.688925 0.142822 -0.365223
v 0.670961 0.098378 -0.361601
v 0.659898 0.050153 -0.359370
v 0.656163 -0.000000 -0.358617
v 0.659898 -0.050153 -0.359370
v 0.670961 -0.098378 -0.361601
v 0.688925 -0.142822 -0.365223
v 0.713101 -0.181778 -0.370098
v 0.742560 -0.213749 -0.376038
v 0.776169 -0.237505 -0.382815
v 0.812637 -0.252134 -0.390169
v 0.814838 0.252134 -0.382815
v 0.780485 0.237505 -0.368391
v 0.748826 0.213749 -0.355098
v 0.721077 0.181778 -0.343446
v 0.698304 0.142822 -0.333883
v 0.681381 0.098378 -0.326778
v 0.670961 0.050153 -0.322402
v 0.667442 -0.000000 -0.320925
v 0.670961 -0.050153 -0.322402
v 0.681381 -0.098378 -0.326778
v 0.698304 -0.142822 -0.333883
v 0.721077 -0.181778 -0.343446
v 0.748826 -0.213749 -0.355098
v 0.780485 -0.237505 -0.368391
v 0.814838 -0.252134 -0.382815
v 0.818411 0.252134 -0.376038
v 0.787495 0.237505 -0.355098
v 0.759002 0.213749 -0.335798
v 0.734029 0.181778 -0.318883
v 0.713533 0.142822 -0.305000
v 0.698304 0.098378 -0.294684
v 0.688925 0.050153 -0.288332
v 0.685759 -0.000000 -0.286187
v 0.688925 -0.050153 -0.288332
v 0.698304 -0.098378 -0.294684
v 0.713533 -0.142822 -0.305000
v 0.734029 -0.181778 -0.318883
v 0.759002 -0.213749 -0.335798
v 0.787495 -0.237505 -0.355098
v 0.818411 -0.252134 -0.376038
v 0.823220 0.252134 -0.370098
v 0.796928 0.237505 -0.343446
v 0.772697 0.213749 -0.318883
v 0.751459 0.181778 -0.297353
v 0.734029 0.142822 -0.279684
v 0.721077 0.098378 -0.266554
v 0.713101 0.050153 -0.258469
v 0.710408 -0.000000 -0.255740
v 0.713101 -0.050153 -0.258469
v 0.721077 -0.098378 -0.266554
v 0.734029 -0.142822 -0.279684
v 0.751459 -0.181778 -0.297353
v 0.772697 -0.213749 -0.318883
v 0.796928 -0.237505 -0.343446
v 0.823220 -0.252134 -0.370098
v 0.829080 0.252134 -0.365224
v 0.808422 0.237505 -0.333883
v 0.789384 0.213749 -0.305000
v 0.772697 0.181778 -0.279684
v 0.759002 0.142822 -0.258907
v 0.748826 0.098378 -0.243469
v 0.742560 0.050153 -0.233962
v 0.740444 -0.000000 -0.230752
v 0.742560 -0.050153 -0.233962
v 0.748826 -0.098378 -0.243469
v 0.759002 -0.142822 -0.258907
v 0.772697 -0.181778 -0.279684
v 0.789384 -0.213749 -0.305000
v 0.808422 -0.237505 -0.333883
v 0.829080 -0.252134 -0.365224
v 0.835765 0.252134 -0.361601
v 0.821536 0.237505 -0.326778
v 0.808422 0.213749 -0.294685
v 0.796928 0.181778 -0.266554
v 0.787495 0.142822 -0.243469
v 0.780485 0.098378 -0.226314
v 0.776169 0.050153 -0.215751
v 0.774712 -0.000000 -0.212184
v 0.776169 -0.050153 -0.215751
v 0.780485 -0.098378 -0.226314
v 0.787495 -0.142822 -0.243469
v 0.796928 -0.181778 -0.266554
v 0.808422 -0.213749 -0.294685
v 0.821536 -0.237505 -0.326778
v 0.835765 -0.252134 -0.361601
v 0.843019 0.252134 -0.359371
v 0.835765 0.237505 -0.322402
v 0.829080 0.213749 -0.288332
v 0.823220 0.181778 -0.258469
v 0.818411 0.142822 -0.233962
v 0.814838 0.098378 -0.215751
v 0.812637 0.050153 -0.204537
v 0.811894 -0.000000 -0.200750
v 0.812637 -0.050153 -0.204537
v 0.814838 -0.098378 -0.215751
v 0.818411 -0.142822 -0.233962
v 0.823220 -0.181778 -0.258469
v 0.829080 -0.213749 -0.288332
v 0.835765 -0.237505 -0.322402
v 0.843019 -0.252134 -0.359371
v 0.850563 0.252134 -0.358617
v 0.850563 0.237505 -0.320925
v 0.850563 0.181778 -0.255739
v 0.850563 0.098378 -0.212184
v 0.850563 -0.098378 -0.212184
v 0.850563 -0.181778 -0.255739
v 0.850563 -0.213749 -0.286187
v 0.850563 -0.237505 -0.320925
v 0.850563 -0.252134 -0.358617
vn -0.0000 0.9217 -0.3879
vn 0.0392 0.9796 -0.1971
vn 0.0757 0.9217 -0.3804
vn -0.0000 -0.1939 -0.9810
vn 0.1804 -0.3805 -0.9070
vn -0.0000 -0.3805 -0.9248
vn 0.1092 0.8286 -0.5490
vn -0.0000 0.8286 -0.5598
vn -0.0000 -0.5528 -0.8333
vn 0.1626 -0.5528 -0.8173
vn -0.0000 0.7041 -0.7101
vn 0.1385 0.7041 -0.6965
vn -0.0000 -0.7041 -0.7101
vn 0.1385 -0.7041 -0.6965
vn 0.1626 0.5528 -0.8173
vn -0.0000 0.5528 -0.8333
vn 0.1092 -0.8286 -0.5490
vn -0.0000 -0.8286 -0.5598
vn 0.1804 0.3805 -0.9070
vn -0.0000 0.3805 -0.9248
vn 0.0757 -0.9217 -0.3804
vn -0.0000 -0.9217 -0.3879
vn -0.0000 0.1939 -0.9810
vn 0.1914 0.1939 -0.9622
vn 0.0392 -0.9796 -0.1971
vn -0.0000 -0.9796 -0.2010
vn 0.1951 -0.0000 -0.9808
vn -0.0000 -0.0000 -1.0000
vn -0.0000 0.9796 -0.2010
vn -0.0000 1.0000 -0.0000
vn -0.0000 -1.0000 -0.0000
vn 0.1914 -0.1939 -0.9622
vn 0.0769 0.9796 -0.1857
vn 0.0769 -0.9796 -0.1857
vn 0.3827 -0.0000 -0.9239
vn 0.3754 -0.1939 -0.9063
vn 0.1484 0.9217 -0.3584
vn 0.3539 -0.3805 -0.8544
vn 0.2142 0.8286 -0.5172
vn 0.3189 -0.5528 -0.7699
vn 0.2718 0.7041 -0.6561
vn 0.2718 -0.7041 -0.6561
vn 0.3189 0.5528 -0.7699
vn 0.2142 -0.8286 -0.5172
vn 0.3539 0.3805 -0.8544
vn 0.1484 -0.9217 -0.3584
vn 0.3754 0.1939 -0.9063
vn 0.3945 0.7041 -0.5905
vn 0.4630 0.5528 -0.6929
vn 0.3945 -0.7041 -0.5905
vn 0.3110 -0.8286 -0.4654
vn 0.5138 0.3805 -0.7689
vn 0.2155 -0.9217 -0.3225
vn 0.5450 0.1939 -0.8157
vn 0.1116 -0.9796 -0.1671
vn 0.5556 -0.0000 -0.8315
vn 0.1116 0.9796 -0.1671
vn 0.5450 -0.1939 -0.8157
vn 0.2155 0.9217 -0.3225
vn 0.5138 -0.3805 -0.7689
vn 0.3110 0.8286 -0.4654
vn 0.4630 -0.5528 -0.6929
vn 0.6937 -0.1939 -0.6937
vn 0.1421 0.9796 -0.1421
vn 0.2743 0.9217 -0.2743
vn 0.6539 -0.3805 -0.6539
vn 0.3958 0.8286 -0.3958
vn 0.5893 -0.5528 -0.5893
vn 0.5021 0.7041 -0.5021
vn 0.5021 -0.7041 -0.5021
vn 0.5893 0.5528 -0.5893
vn 0.3958 -0.8286 -0.3958
vn 0.6539 0.3805 -0.6539
vn 0.2743 -0.9217 -0.2743
vn 0.6937 0.1939 -0.6937
vn 0.1421 -0.9796 -0.1421
vn 0.7071 -0.0000 -0.7071
vn 0.4654 -0.8286 -0.3110
vn 0.6929 0.5528 -0.4630
vn 0.7689 0.3805 -0.5138
vn 0.3225 -0.9217 -0.2155
vn 0.8157 0.1939 -0.5450
vn 0.1671 -0.9796 -0.1116
vn 0.8315 -0.0000 -0.5556
vn 0.1671 0.9796 -0.1116
vn 0.8157 -0.1939 -0.5450
vn 0.3225 0.9217 -0.2155
vn 0.7689 -0.3805 -0.5138
vn 0.4654 0.8286 -0.3110
vn 0.6929 -0.5528 -0.4630
vn 0.5905 0.7041 -0.3945
vn 0.5905 -0.7041 -0.3945
vn 0.3584 0.9217 -0.1484
vn 0.9063 -0.1939 -0.3754
vn 0.8544 -0.3805 -0.3539
vn 0.5172 0.8286 -0.2142
vn 0.7699 -0.5528 -0.3189
vn 0.6561 0.7041 -0.2718
vn 0.6561 -0.7041 -0.2718
vn 0.7699 0.5528 -0.3189
vn 0.5172 -0.8286 -0.2142
vn 0.8544 0.3805 -0.3539
vn 0.3584 -0.9217 -0.1484
vn 0.9063 0.1939 -0.3754
vn 0.1857 -0.9796 -0.0769
vn 0.9239 -0.0000 -0.3827
vn 0.1857 0.9796 -0.0769
vn 0.8173 0.5528 -0.1626
vn 0.9070 0.3805 -0.1804
vn 0.3804 -0.9217 -0.0757
vn 0.9622 0.1939 -0.1914
vn 0.1971 -0.9796 -0.0392
vn 0.9808 -0.0000 -0.1951
vn 0.1971 0.9796 -0.0392
vn 0.9622 -0.1939 -0.1914
vn 0.3804 0.9217 -0.0757
vn 0.9070 -0.3805 -0.1804
vn 0.5490 0.8286 -0.1092
vn 0.8173 -0.5528 -0.1626
vn 0.6965 0.7041 -0.1385
vn 0.6965 -0.7041 -0.1385
vn 0.5490 -0.8286 -0.1092
vn 0.9810 -0.1939 -0.0000
vn 0.9248 -0.3805 -0.0000
vn 0.5598 0.8286 -0.0000
vn 0.8333 -0.5528 -0.0000
vn 0.7101 0.7041 -0.0000
vn 0.7101 -0.7041 -0.0000
vn 0.8333 0.5528 -0.0000
vn 0.5598 -0.8286 -0.0000
vn 0.9248 0.3805 -0.0000
vn 0.3879 -0.9217 -0.0000
vn 0.9810 0.1939 -0.0000
vn 0.2010 -0.9796 -0.0000
vn 1.0000 -0.0000 -0.0000
vn 0.2010 0.9796 -0.0000
vn 0.3879 0.9217 -0.0000
vn 0.3804 -0.9217 0.0757
vn 0.9070 0.3805 0.1804
vn 0.9622 0.1939 0.1914
vn 0.1971 -0.9796 0.0392
vn 0.9808 -0.0000 0.1951
vn 0.1971 0.9796 0.0392
vn 0.9622 -0.1939 0.1914
vn 0.3804 0.9217 0.0757
vn 0.9070 -0.3805 0.1804
vn 0.5490 0.8286 0.1092
vn 0.8173 -0.5528 0.1626
vn 0.6965 0.7041 0.1385
vn 0.6965 -0.7041 0.1385
vn 0.8173 0.5528 0.1626
vn 0.5490 -0.8286 0.1092
vn 0.8544 -0.3805 0.3539
vn 0.7699 -0.5528 0.3189
vn 0.6561 0.7041 0.2718
vn 0.6561 -0.7041 0.2718
vn 0.7699 0.5528 0.3189
vn 0.5172 -0.8286 0.2142
vn 0.8544 0.3805 0.3539
vn 0.3584 -0.9217 0.1484
vn 0.9063 0.1939 0.3754
vn 0.1857 -0.9796 0.0769
vn 0.9239 -0.0000 0.3827
vn 0.1857 0.9796 0.0769
vn 0.9063 -0.1939 0.3754
vn 0.3584 0.9217 0.1484
vn 0.5172 0.8286 0.2142
vn 0.1671 -0.9796 0.1116
vn 0.8157 0.1939 0.5450
vn 0.8315 -0.0000 0.5556
vn 0.1671 0.9796 0.1116
vn 0.8157 -0.1939 0.5450
vn 0.3225 0.9217 0.2155
vn 0.7689 -0.3805 0.5138
vn 0.4654 0.8286 0.3110
vn 0.6929 -0.5528 0.4630
vn 0.5905 0.7041 0.3945
vn 0.5905 -0.7041 0.3945
vn 0.6929 0.5528 0.4630
vn 0.4654 -0.8286 0.3110
vn 0.7689 0.3805 0.5138
vn 0.3225 -0.9217 0.2155
vn 0.5021 0.7041 0.5021
vn 0.5021 -0.7041 0.5021
vn 0.5893 0.5528 0.5893
vn 0.3958 -0.8286 0.3958
vn 0.6539 0.3805 0.6539
vn 0.2743 -0.9217 0.2743
vn 0.6937 0.1939 0.6937
vn 0.1421 -0.9796 0.1421
vn 0.7071 -0.0000 0.7071
vn 0.1421 0.9796 0.1421
vn 0.6937 -0.1939 0.6937
vn 0.2743 0.9217 0.2743
vn 0.6539 -0.3805 0.6539
vn 0.3958 0.8286 0.3958
vn 0.5893 -0.5528 0.5893
vn 0.5450 0.1939 0.8157
vn 0.5556 -0.0000 0.8315
vn 0.1116 0.9796 0.1671
vn 0.1116 -0.9796 0.1671
vn 0.5450 -0.1939 0.8157
vn 0.2155 0.9217 0.3225
vn 0.5138 -0.3805 0.7689
vn 0.3110 0.8286 0.4654
vn 0.4630 -0.5528 0.6929
vn 0.3945 0.7041 0.5905
vn 0.3945 -0.7041 0.5905
vn 0.4630 0.5528 0.6929
vn 0.3110 -0.8286 0.4654
vn 0.5138 0.3805 0.7689
vn 0.2155 -0.9217 0.3225
vn 0.3189 -0.5528 0.7699
vn 0.2718 -0.7041 0.6561
vn 0.3189 0.5528 0.7699
vn 0.2142 -0.8286 0.5172
vn 0.3539 0.3805 0.8544
vn 0.1484 -0.9217 0.3584
vn 0.3754 0.1939 0.9063
vn 0.0769 -0.9796 0.1857
vn 0.3827 -0.0000 0.9239
vn 0.0769 0.9796 0.1857
vn 0.3754 -0.1939 0.9063
vn 0.1484 0.9217 0.3584
vn 0.3539 -0.3805 0.8544
vn 0.2142 0.8286 0.5172
vn 0.2718 0.7041 0.6561
vn 0.0392 0.9796 0.1971
vn 0.0392 -0.9796 0.1971
vn 0.1914 -0.1939 0.9622
vn 0.0757 0.9217 0.3804
vn 0.1804 -0.3805 0.9070
vn 0.1092 0.8286 0.5490
vn 0.1626 -0.5528 0.8173
vn 0.1385 0.7041 0.6965
vn 0.1385 -0.7041 0.6965
vn 0.1626 0.5528 0.8173
vn 0.1092 -0.8286 0.5490
vn 0.1804 0.3805 0.9070
vn 0.0757 -0.9217 0.3804
vn 0.1914 0.1939 0.9622
vn 0.1951 -0.0000 0.9808
vn -0.0000 0.5528 0.8333
vn -0.0000 -0.7041 0.7101
vn -0.0000 -0.8286 0.5598
vn -0.0000 0.3805 0.9248
vn -0.0000 -0.9217 0.3879
vn -0.0000 0.1939 0.9810
vn -0.0000 -0.9796 0.2010
vn -0.0000 -0.0000 1.0000
vn -0.0000 0.9796 0.2010
vn -0.0000 -0.1939 0.9810
vn -0.0000 0.9217 0.3879
vn -0.0000 -0.3805 0.9248
vn -0.0000 0.8286 0.5598
vn -0.0000 -0.5528 0.8333
vn -0.0000 0.7041 0.7101
vn -0.1914 -0.1939 0.9622
vn -0.0392 0.9796 0.1971
vn -0.0757 0.9217 0.3804
vn -0.1804 -0.3805 0.9070
vn -0.1092 0.8286 0.5490
vn -0.1626 -0.5528 0.8173
vn -0.1385 0.7041 0.6965
vn -0.1385 -0.7041 0.6965
vn -0.1626 0.5528 0.8173
vn -0.1092 -0.8286 0.5490
vn -0.1804 0.3805 0.9070
vn -0.0757 -0.9217 0.3804
vn -0.1914 0.1939 0.9622
vn -0.0392 -0.9796 0.1971
vn -0.1951 -0.0000 0.9808
vn -0.2142 -0.8286 0.5172
vn -0.3539 0.3805 0.8544
vn -0.1484 -0.9217 0.3584
vn -0.3754 0.1939 0.9063
vn -0.0769 -0.9796 0.1857
vn -0.3827 -0.0000 0.9239
vn -0.0769 0.9796 0.1857
vn -0.3754 -0.1939 0.9063
vn -0.1484 0.9217 0.3584
vn -0.3539 -0.3805 0.8544
vn -0.2142 0.8286 0.5172
vn -0.3189 -0.5528 0.7699
vn -0.2718 0.7041 0.6561
vn -0.2718 -0.7041 0.6561
vn -0.3189 0.5528 0.7699
vn -0.5138 -0.3805 0.7689
vn -0.3110 0.8286 0.4654
vn -0.4630 -0.5528 0.6929
vn -0.3945 0.7041 0.5905
vn -0.3945 -0.7041 0.5905
vn -0.4630 0.5528 0.6929
vn -0.3110 -0.8286 0.4654
vn -0.5138 0.3805 0.7689
vn -0.2155 -0.9217 0.3225
vn -0.5450 0.1939 0.8157
vn -0.1116 -0.9796 0.1671
vn -0.5556 -0.0000 0.8315
vn -0.1116 0.9796 0.1671
vn -0.5450 -0.1939 0.8157
vn -0.2155 0.9217 0.3225
vn -0.3958 -0.8286 0.3958
vn -0.2743 -0.9217 0.2743
vn -0.6539 0.3805 0.6539
vn -0.6937 0.1939 0.6937
vn -0.1421 -0.9796 0.1421
vn -0.7071 -0.0000 0.7071
vn -0.1421 0.9796 0.1421
vn -0.6937 -0.1939 0.6937
vn -0.2743 0.9217 0.2743
vn -0.6539 -0.3805 0.6539
vn -0.3958 0.8286 0.3958
vn -0.5893 -0.5528 0.5893
vn -0.5021 0.7041 0.5021
vn -0.5021 -0.7041 0.5021
vn -0.5893 0.5528 0.5893
vn -0.3225 0.9217 0.2155
vn -0.4654 0.8286 0.3110
vn -0.7689 -0.3805 0.5138
vn -0.6929 -0.5528 0.4630
vn -0.5905 0.7041 0.3945
vn -0.5905 -0.7041 0.3945
vn -0.6929 0.5528 0.4630
vn -0.4654 -0.8286 0.3110
vn -0.7689 0.3805 0.5138
vn -0.3225 -0.9217 0.2155
vn -0.8157 0.1939 0.5450
vn -0.1671 -0.9796 0.1116
vn -0.8315 -0.0000 0.5556
vn -0.1671 0.9796 0.1116
vn -0.8157 -0.1939 0.5450
vn -0.8544 0.3805 0.3539
vn -0.9063 0.1939 0.3754
vn -0.3584 -0.9217 0.1484
vn -0.1857 -0.9796 0.0769
vn -0.9239 -0.0000 0.3827
vn -0.1857 0.9796 0.0769
vn -0.9063 -0.1939 0.3754
vn -0.3584 0.9217 0.1484
vn -0.8544 -0.3805 0.3539
vn -0.5172 0.8286 0.2142
vn -0.7699 -0.5528 0.3189
vn -0.6561 0.7041 0.2718
vn -0.6561 -0.7041 0.2718
vn -0.7699 0.5528 0.3189
vn -0.5172 -0.8286 0.2142
vn -0.9070 -0.3805 0.1804
vn -0.8173 -0.5528 0.1626
vn -0.6965 0.7041 0.1385
vn -0.6965 -0.7041 0.1385
vn -0.8173 0.5528 0.1626
vn -0.5490 -0.8286 0.1092
vn -0.9070 0.3805 0.1804
vn -0.3804 -0.9217 0.0757
vn -0.9622 0.1939 0.1914
vn -0.1971 -0.9796 0.0392
vn -0.9808 -0.0000 0.1951
vn -0.1971 0.9796 0.0392
vn -0.9622 -0.1939 0.1914
vn -0.3804 0.9217 0.0757
vn -0.5490 0.8286 0.1092
vn -0.3879 -0.9217 -0.0000
vn -0.2010 -0.9796 -0.0000
vn -1.0000 -0.0000 -0.0000
vn -0.2010 0.9796 -0.0000
vn -0.9810 -0.1939 -0.0000
vn -0.3879 0.9217 -0.0000
vn -0.9248 -0.3805 -0.0000
vn -0.5598 0.8286 -0.0000
vn -0.8333 -0.5528 -0.0000
vn -0.7101 0.7041 -0.0000
vn -0.7101 -0.7041 -0.0000
vn -0.8333 0.5528 -0.0000
vn -0.5598 -0.8286 -0.0000
vn -0.9248 0.3805 -0.0000
vn -0.9810 0.1939 -0.0000
vn -0.5490 0.8286 -0.1092
vn -0.6965 0.7041 -0.1385
vn -0.6965 -0.7041 -0.1385
vn -0.8173 0.5528 -0.1626
vn -0.5490 -0.8286 -0.1092
vn -0.9070 0.3805 -0.1804
vn -0.3804 -0.9217 -0.0757
vn -0.9622 0.1939 -0.1914
vn -0.1971 -0.9796 -0.0392
vn -0.9808 -0.0000 -0.1951
vn -0.1971 0.9796 -0.0392
vn -0.9622 -0.1939 -0.1914
vn -0.3804 0.9217 -0.0757
vn -0.9070 -0.3805 -0.1804
vn -0.8173 -0.5528 -0.1626
vn -0.9063 0.1939 -0.3754
vn -0.9239 -0.0000 -0.3827
vn -0.1857 0.9796 -0.0769
vn -0.1857 -0.9796 -0.0769
vn -0.9063 -0.1939 -0.3754
vn -0.3584 0.9217 -0.1484
vn -0.8544 -0.3805 -0.3539
vn -0.5172 0.8286 -0.2142
vn -0.7699 -0.5528 -0.3189
vn -0.6561 0.7041 -0.2718
vn -0.6561 -0.7041 -0.2718
vn -0.7699 0.5528 -0.3189
vn -0.5172 -0.8286 -0.2142
vn -0.8544 0.3805 -0.3539
vn -0.3584 -0.9217 -0.1484
vn -0.5905 -0.7041 -0.3945
vn -0.5905 0.7041 -0.3945
vn -0.6929 0.5528 -0.4630
vn -0.4654 -0.8286 -0.3110
vn -0.7689 0.3805 -0.5138
vn -0.3225 -0.9217 -0.2155
vn -0.8157 0.1939 -0.5450
vn -0.1671 -0.9796 -0.1116
vn -0.8315 -0.0000 -0.5556
vn -0.1671 0.9796 -0.1117
vn -0.8157 -0.1939 -0.5450
vn -0.3225 0.9217 -0.2155
vn -0.7689 -0.3805 -0.5138
vn -0.4654 0.8286 -0.3110
vn -0.6929 -0.5528 -0.4630
vn -0.1421 -0.9796 -0.1421
vn -0.6937 -0.1939 -0.6937
vn -0.1421 0.9796 -0.1421
vn -0.2743 0.9217 -0.2743
vn -0.6539 -0.3805 -0.6539
vn -0.3958 0.8286 -0.3958
vn -0.5893 -0.5528 -0.5893
vn -0.5021 0.7041 -0.5021
vn -0.5021 -0.7041 -0.5021
vn -0.5893 0.5528 -0.5893
vn -0.3958 -0.8286 -0.3958
vn -0.6539 0.3805 -0.6539
vn -0.2743 -0.9217 -0.2743
vn -0.6937 0.1939 -0.6937
vn -0.7071 -0.0000 -0.7071
vn -0.3110 -0.8286 -0.4654
vn -0.5138 0.3805 -0.7689
vn -0.2155 -0.9217 -0.3225
vn -0.5450 0.1939 -0.8157
vn -0.1116 -0.9796 -0.1671
vn -0.5556 -0.0000 -0.8315
vn -0.1116 0.9796 -0.1671
vn -0.5450 -0.1939 -0.8157
vn -0.2155 0.9217 -0.3225
vn -0.5138 -0.3805 -0.7689
vn -0.3110 0.8286 -0.4654
vn -0.4630 -0.5528 -0.6929
vn -0.3945 0.7041 -0.5905
vn -0.3945 -0.7041 -0.5905
vn -0.4630 0.5528 -0.6929
vn -0.1484 0.9217 -0.3584
vn -0.3539 -0.3805 -0.8544
vn -0.2142 0.8286 -0.5172
vn -0.3189 -0.5528 -0.7699
vn -0.2718 0.7041 -0.6561
vn -0.2718 -0.7041 -0.6561
vn -0.3189 0.5528 -0.7699
vn -0.2142 -0.8286 -0.5172
vn -0.3539 0.3805 -0.8544
vn -0.1484 -0.9217 -0.3584
vn -0.3754 0.1939 -0.9063
vn -0.0769 -0.9796 -0.1857
vn -0.3827 -0.0000 -0.9239
vn -0.0769 0.9796 -0.1857
vn -0.3754 -0.1939 -0.9063
vn -0.1804 0.3805 -0.9070
vn -0.0757 -0.9217 -0.3804
vn -0.1914 0.1939 -0.9622
vn -0.0392 -0.9796 -0.1971
vn -0.1951 -0.0000 -0.9808
vn -0.0392 0.9796 -0.1971
vn -0.1914 -0.1939 -0.9622
vn -0.0757 0.9217 -0.3804
vn -0.1804 -0.3805 -0.9070
vn -0.1092 0.8286 -0.5490
vn -0.1626 -0.5528 -0.8173
vn -0.1385 0.7041 -0.6965
vn -0.1385 -0.7041 -0.6965
vn -0.1626 0.5528 -0.8173
vn -0.1092 -0.8286 -0.5490
vn -0.0000 0.4472 -0.8944
vn 0.1745 0.4472 -0.8772
vn 0.3423 0.4472 -0.8263
vn 0.4969 0.4472 -0.7437
vn 0.6325 0.4472 -0.6325
vn 0.7437 0.4472 -0.4969
vn 0.8263 0.4472 -0.3423
vn 0.8772 0.4472 -0.1745
vn 0.8944 0.4472 -0.0000
vn 0.8772 0.4472 0.1745
vn 0.8263 0.4472 0.3423
vn 0.7437 0.4472 0.4969
vn 0.6325 0.4472 0.6325
vn 0.4969 0.4472 0.7437
vn 0.3423 0.4472 0.8263
vn 0.1745 0.4472 0.8772
vn -0.0000 0.4472 0.8944
vn -0.1745 0.4472 0.8772
vn -0.3423 0.4472 0.8263
vn -0.4969 0.4472 0.7437
vn -0.6325 0.4472 0.6325
vn -0.7437 0.4472 0.4969
vn -0.8263 0.4472 0.3423
vn -0.8772 0.4472 0.1745
vn -0.8944 0.4472 -0.0000
vn -0.8772 0.4472 -0.1745
vn -0.8263 0.4472 -0.3423
vn -0.7437 0.4472 -0.4969
vn -0.6325 0.4472 -0.6325
vn -0.4969 0.4472 -0.7437
vn -0.3423 0.4472 -0.8263
vn -0.1745 0.4472 -0.8772
vn -0.0025 -0.0142 0.9999
vn -0.0000 -0.4840 0.8750
vn -0.1707 -0.4840 0.8582
vn -0.0075 -0.0142 0.9999
vn -0.3349 -0.4840 0.8084
vn -0.0122 -0.0142 0.9998
vn -0.4861 -0.4840 0.7276
vn -0.0164 -0.0143 0.9998
vn -0.6187 -0.4840 0.6187
vn -0.0201 -0.0143 0.9997
vn -0.7276 -0.4840 0.4861
vn -0.0230 -0.0144 0.9996
vn -0.8084 -0.4840 0.3349
vn -0.0251 -0.0145 0.9996
vn -0.8582 -0.4840 0.1707
vn -0.0263 -0.0145 0.9995
vn -0.8750 -0.4840 -0.0000
vn -0.0264 -0.0146 0.9995
vn -0.8582 -0.4840 -0.1707
vn -0.0255 -0.0147 0.9996
vn -0.8084 -0.4840 -0.3349
vn -0.0236 -0.0147 0.9996
vn -0.7276 -0.4840 -0.4861
vn -0.0208 -0.0148 0.9997
vn -0.6187 -0.4840 -0.6187
vn -0.0171 -0.0149 0.9997
vn -0.4861 -0.4840 -0.7276
vn -0.0128 -0.0149 0.9998
vn -0.3349 -0.4840 -0.8084
vn -0.0079 -0.0149 0.9999
vn -0.1707 -0.4840 -0.8582
vn -0.0027 -0.0150 0.9999
vn -0.0000 -0.4840 -0.8750
vn 0.0027 -0.0150 0.9999
vn 0.1707 -0.4840 -0.8582
vn 0.0079 -0.0149 0.9999
vn 0.3349 -0.4840 -0.8084
vn 0.0128 -0.0149 0.9998
vn 0.4861 -0.4840 -0.7276
vn 0.0171 -0.0149 0.9997
vn 0.6187 -0.4840 -0.6187
vn 0.0208 -0.0148 0.9997
vn 0.7276 -0.4840 -0.4861
vn 0.0236 -0.0147 0.9996
vn 0.8084 -0.4840 -0.3349
vn 0.0255 -0.0147 0.9996
vn 0.8582 -0.4840 -0.1707
vn 0.0264 -0.0146 0.9995
vn 0.8750 -0.4840 -0.0000
vn 0.0263 -0.0145 0.9995
vn 0.8582 -0.4840 0.1707
vn 0.0251 -0.0145 0.9996
vn 0.8084 -0.4840 0.3349
vn 0.0230 -0.0144 0.9996
vn 0.7276 -0.4840 0.4861
vn 0.0201 -0.0143 0.9997
vn 0.6187 -0.4840 0.6187
vn 0.0164 -0.0143 0.9998
vn 0.4861 -0.4840 0.7276
vn 0.0122 -0.0142 0.9998
vn 0.3349 -0.4840 0.8084
vn 0.0075 -0.0142 0.9999
vn 0.1707 -0.4840 0.8582
vn 0.0025 -0.0142 0.9999
vn -0.0000 0.3076 -0.9515
vn -0.1953 0.1534 -0.9687
vn -0.1880 0.3075 -0.9328
vn -0.0000 -0.8817 -0.4719
vn -0.1288 -0.7583 -0.6390
vn -0.0000 -0.7585 -0.6517
vn -0.0000 0.4622 -0.8868
vn -0.1752 0.4620 -0.8694
vn -0.1559 -0.6145 -0.7734
vn -0.0000 -0.6147 -0.7888
vn -0.0000 0.6147 -0.7888
vn -0.1559 0.6145 -0.7734
vn -0.1752 -0.4620 -0.8694
vn -0.0000 -0.4622 -0.8868
vn -0.0000 0.7585 -0.6517
vn -0.1288 0.7583 -0.6390
vn -0.1880 -0.3075 -0.9328
vn -0.0000 -0.3076 -0.9515
vn -0.0000 0.8817 -0.4719
vn -0.0933 0.8816 -0.4627
vn -0.1953 -0.1534 -0.9687
vn -0.0000 -0.1534 -0.9882
vn -0.0000 0.9676 -0.2525
vn -0.0500 0.9676 -0.2476
vn -0.1976 -0.0000 -0.9803
vn -0.0000 -0.9676 -0.2525
vn -0.0500 -0.9676 -0.2476
vn -0.0000 0.1534 -0.9882
vn -0.0933 -0.8816 -0.4627
vn -0.3870 -0.0000 -0.9221
vn -0.3825 0.1532 -0.9112
vn -0.1830 -0.8813 -0.4357
vn -0.3683 0.3071 -0.8775
vn -0.2526 -0.7579 -0.6016
vn -0.3434 0.4615 -0.8180
vn -0.3055 -0.6139 -0.7278
vn -0.3055 0.6139 -0.7278
vn -0.3434 -0.4615 -0.8180
vn -0.2526 0.7579 -0.6016
vn -0.3683 -0.3071 -0.8775
vn -0.1830 0.8813 -0.4357
vn -0.3825 -0.1532 -0.9112
vn -0.0980 0.9675 -0.2332
vn -0.0980 -0.9675 -0.2332
vn -0.4430 0.6131 -0.6541
vn -0.3663 0.7572 -0.5408
vn -0.5337 -0.3065 -0.7882
vn -0.2655 0.8809 -0.3919
vn -0.5541 -0.1528 -0.8183
vn -0.1422 0.9674 -0.2098
vn -0.5606 -0.0000 -0.8281
vn -0.1422 -0.9674 -0.2098
vn -0.5541 0.1528 -0.8183
vn -0.2655 -0.8809 -0.3919
vn -0.5337 0.3065 -0.7882
vn -0.3663 -0.7572 -0.5408
vn -0.4976 0.4607 -0.7349
vn -0.4430 -0.6131 -0.6541
vn -0.4976 -0.4607 -0.7349
vn -0.3376 -0.8804 -0.3330
vn -0.7035 0.1525 -0.6942
vn -0.6777 0.3058 -0.6688
vn -0.4657 -0.7564 -0.4594
vn -0.6321 0.4598 -0.6237
vn -0.5629 -0.6122 -0.5554
vn -0.5629 0.6121 -0.5554
vn -0.6321 -0.4598 -0.6237
vn -0.4657 0.7564 -0.4594
vn -0.6777 -0.3058 -0.6688
vn -0.3376 0.8804 -0.3330
vn -0.7035 -0.1525 -0.6942
vn -0.1809 0.9672 -0.1783
vn -0.7118 -0.0000 -0.7024
vn -0.1809 -0.9672 -0.1783
vn -0.7951 -0.3051 -0.5242
vn -0.5469 0.7556 -0.3605
vn -0.3967 0.8799 -0.2615
vn -0.8251 -0.1521 -0.5441
vn -0.2126 0.9671 -0.1400
vn -0.8348 -0.0000 -0.5505
vn -0.2126 -0.9671 -0.1400
vn -0.8251 0.1521 -0.5441
vn -0.3967 -0.8799 -0.2615
vn -0.7951 0.3051 -0.5242
vn -0.5469 -0.7556 -0.3605
vn -0.7418 0.4589 -0.4891
vn -0.6608 -0.6112 -0.4356
vn -0.6608 0.6112 -0.4356
vn -0.7418 -0.4589 -0.4891
vn -0.9149 0.1518 -0.3740
vn -0.8817 0.3045 -0.3604
vn -0.6071 -0.7549 -0.2481
vn -0.8228 0.4581 -0.3363
vn -0.7332 -0.6104 -0.2997
vn -0.7332 0.6104 -0.2997
vn -0.8228 -0.4581 -0.3363
vn -0.6071 0.7549 -0.2481
vn -0.8817 -0.3045 -0.3604
vn -0.4405 0.8795 -0.1800
vn -0.9149 -0.1518 -0.3740
vn -0.2361 0.9669 -0.0964
vn -0.9257 -0.0000 -0.3784
vn -0.2361 -0.9669 -0.0964
vn -0.4405 -0.8795 -0.1800
vn -0.6441 0.7544 -0.1264
vn -0.4675 0.8792 -0.0917
vn -0.9699 -0.1515 -0.1904
vn -0.2505 0.9669 -0.0491
vn -0.9813 -0.0000 -0.1926
vn -0.2505 -0.9669 -0.0491
vn -0.9699 0.1515 -0.1904
vn -0.4675 -0.8792 -0.0917
vn -0.9348 0.3041 -0.1835
vn -0.6441 -0.7544 -0.1264
vn -0.8725 0.4576 -0.1713
vn -0.7777 -0.6098 -0.1526
vn -0.7777 0.6098 -0.1526
vn -0.8725 -0.4576 -0.1713
vn -0.9348 -0.3041 -0.1835
vn -0.9527 0.3039 -0.0000
vn -0.8892 0.4574 -0.0000
vn -0.7927 -0.6097 -0.0000
vn -0.7927 0.6097 -0.0000
vn -0.8892 -0.4574 -0.0000
vn -0.6566 0.7543 -0.0000
vn -0.9527 -0.3039 -0.0000
vn -0.4766 0.8791 -0.0000
vn -0.9885 -0.1515 -0.0000
vn -0.2554 0.9668 -0.0000
vn -0.2554 -0.9668 -0.0000
vn -0.9885 0.1515 -0.0000
vn -0.4766 -0.8791 -0.0000
vn -0.6566 -0.7543 -0.0000
vn -0.2505 0.9669 0.0491
vn -0.9699 -0.1515 0.1904
vn -0.9813 -0.0000 0.1926
vn -0.2505 -0.9669 0.0491
vn -0.9699 0.1515 0.1904
vn -0.4675 -0.8792 0.0917
vn -0.9348 0.3041 0.1835
vn -0.6441 -0.7544 0.1264
vn -0.8725 0.4576 0.1713
vn -0.7777 -0.6098 0.1526
vn -0.7777 0.6098 0.1526
vn -0.8725 -0.4576 0.1713
vn -0.6441 0.7544 0.1264
vn -0.9348 -0.3041 0.1835
vn -0.4675 0.8792 0.0917
vn -0.6071 -0.7549 0.2481
vn -0.7332 -0.6104 0.2997
vn -0.7332 0.6104 0.2997
vn -0.8228 -0.4581 0.3363
vn -0.6071 0.7549 0.2481
vn -0.8817 -0.3045 0.3604
vn -0.4405 0.8795 0.1800
vn -0.9149 -0.1518 0.3740
vn -0.2361 0.9669 0.0964
vn -0.9257 -0.0000 0.3784
vn -0.2361 -0.9669 0.0964
vn -0.9149 0.1518 0.3740
vn -0.4405 -0.8795 0.1800
vn -0.8817 0.3045 0.3604
vn -0.8228 0.4581 0.3363
vn -0.8251 -0.1521 0.5441
vn -0.8348 -0.0000 0.5505
vn -0.2126 -0.9671 0.1400
vn -0.2126 0.9671 0.1400
vn -0.8251 0.1521 0.5441
vn -0.3967 -0.8799 0.2615
vn -0.7951 0.3051 0.5242
vn -0.5469 -0.7556 0.3605
vn -0.7418 0.4589 0.4891
vn -0.6608 -0.6112 0.4356
vn -0.6608 0.6112 0.4356
vn -0.7418 -0.4589 0.4891
vn -0.5469 0.7556 0.3605
vn -0.7951 -0.3051 0.5242
vn -0.3967 0.8799 0.2615
vn -0.5629 0.6121 0.5554
vn -0.5629 -0.6121 0.5554
vn -0.6321 -0.4598 0.6237
vn -0.4657 0.7564 0.4594
vn -0.6777 -0.3058 0.6688
vn -0.3376 0.8804 0.3330
vn -0.7034 -0.1525 0.6942
vn -0.1809 0.9672 0.1783
vn -0.7118 -0.0000 0.7024
vn -0.1809 -0.9672 0.1783
vn -0.7034 0.1525 0.6942
vn -0.3376 -0.8804 0.3330
vn -0.6777 0.3058 0.6688
vn -0.4657 -0.7564 0.4594
vn -0.6321 0.4598 0.6237
vn -0.1422 -0.9674 0.2098
vn -0.1422 0.9674 0.2098
vn -0.5541 0.1528 0.8183
vn -0.2655 -0.8809 0.3919
vn -0.5337 0.3065 0.7882
vn -0.3663 -0.7572 0.5408
vn -0.4976 0.4607 0.7349
vn -0.4430 -0.6131 0.6541
vn -0.4430 0.6131 0.6541
vn -0.4976 -0.4607 0.7349
vn -0.3663 0.7572 0.5408
vn -0.5337 -0.3065 0.7882
vn -0.2655 0.8809 0.3919
vn -0.5541 -0.1528 0.8183
vn -0.5606 -0.0000 0.8281
vn -0.3056 -0.6139 0.7278
vn -0.3434 -0.4615 0.8180
vn -0.2526 0.7579 0.6016
vn -0.3683 -0.3071 0.8775
vn -0.1830 0.8813 0.4357
vn -0.3825 -0.1531 0.9112
vn -0.0980 0.9675 0.2332
vn -0.3870 -0.0000 0.9221
vn -0.0980 -0.9675 0.2332
vn -0.3825 0.1532 0.9112
vn -0.1830 -0.8813 0.4357
vn -0.3683 0.3071 0.8775
vn -0.2526 -0.7579 0.6016
vn -0.3434 0.4615 0.8180
vn -0.3056 0.6139 0.7278
vn -0.1953 0.1534 0.9687
vn -0.0500 -0.9676 0.2476
vn -0.0933 -0.8816 0.4627
vn -0.1880 0.3075 0.9328
vn -0.1288 -0.7583 0.6390
vn -0.1752 0.4620 0.8694
vn -0.1559 -0.6145 0.7734
vn -0.1559 0.6145 0.7734
vn -0.1752 -0.4620 0.8694
vn -0.1288 0.7583 0.6390
vn -0.1880 -0.3075 0.9328
vn -0.0933 0.8816 0.4627
vn -0.1953 -0.1534 0.9687
vn -0.0500 0.9676 0.2476
vn -0.1976 -0.0000 0.9803
vn -0.0000 0.7585 0.6517
vn -0.0000 -0.4622 0.8868
vn -0.0000 -0.3076 0.9515
vn -0.0000 0.8817 0.4719
vn -0.0000 -0.1535 0.9882
vn -0.0000 0.9676 0.2525
vn -0.0000 -0.9676 0.2525
vn -0.0000 0.1535 0.9882
vn -0.0000 -0.8817 0.4719
vn -0.0000 0.3076 0.9515
vn -0.0000 -0.7585 0.6517
vn -0.0000 0.4622 0.8868
vn -0.0000 -0.6147 0.7888
vn -0.0000 0.6147 0.7888
vn 0.1953 0.1534 0.9687
vn 0.1880 0.3075 0.9328
vn 0.1288 -0.7583 0.6390
vn 0.1752 0.4620 0.8694
vn 0.1559 -0.6145 0.7734
vn 0.1559 0.6145 0.7734
vn 0.1752 -0.4620 0.8694
vn 0.1288 0.7583 0.6390
vn 0.1880 -0.3075 0.9328
vn 0.0933 0.8816 0.4627
vn 0.1953 -0.1534 0.9687
vn 0.0500 0.9676 0.2476
vn 0.1976 -0.0000 0.9803
vn 0.0500 -0.9676 0.2476
vn 0.0933 -0.8816 0.4627
vn 0.2526 0.7579 0.6016
vn 0.1830 0.8813 0.4357
vn 0.3825 -0.1532 0.9112
vn 0.0980 0.9675 0.2332
vn 0.3870 -0.0000 0.9221
vn 0.0980 -0.9675 0.2332
vn 0.3825 0.1532 0.9112
vn 0.1830 -0.8813 0.4357
vn 0.3683 0.3071 0.8775
vn 0.2526 -0.7579 0.6016
vn 0.3434 0.4615 0.8180
vn 0.3056 -0.6139 0.7278
vn 0.3056 0.6139 0.7278
vn 0.3434 -0.4615 0.8180
vn 0.3683 -0.3071 0.8775
vn 0.3663 -0.7572 0.5408
vn 0.5337 0.3065 0.7882
vn 0.4976 0.4607 0.7349
vn 0.4430 -0.6131 0.6541
vn 0.4430 0.6131 0.6541
vn 0.4976 -0.4607 0.7349
vn 0.3663 0.7572 0.5408
vn 0.5337 -0.3065 0.7882
vn 0.2655 0.8809 0.3919
vn 0.5541 -0.1528 0.8183
vn 0.1422 0.9674 0.2098
vn 0.5606 -0.0000 0.8281
vn 0.1422 -0.9674 0.2098
vn 0.5541 0.1528 0.8183
vn 0.2655 -0.8809 0.3919
vn 0.7035 -0.1525 0.6942
vn 0.3376 0.8804 0.3330
vn 0.1809 0.9672 0.1783
vn 0.7118 -0.0000 0.7024
vn 0.1809 -0.9672 0.1783
vn 0.7035 0.1525 0.6942
vn 0.3376 -0.8804 0.3330
vn 0.6777 0.3058 0.6688
vn 0.4657 -0.7564 0.4594
vn 0.6321 0.4598 0.6237
vn 0.5629 -0.6121 0.5554
vn 0.5629 0.6121 0.5554
vn 0.6321 -0.4598 0.6237
vn 0.4657 0.7564 0.4594
vn 0.6777 -0.3058 0.6688
vn 0.7951 0.3051 0.5242
vn 0.7418 0.4589 0.4891
vn 0.6608 -0.6112 0.4357
vn 0.6608 0.6112 0.4357
vn 0.7418 -0.4589 0.4891
vn 0.5469 0.7556 0.3605
vn 0.7951 -0.3051 0.5242
vn 0.3967 0.8799 0.2615
vn 0.8251 -0.1521 0.5441
vn 0.2126 0.9671 0.1400
vn 0.8348 -0.0000 0.5505
vn 0.2126 -0.9671 0.1400
vn 0.8251 0.1521 0.5441
vn 0.3967 -0.8799 0.2615
vn 0.5469 -0.7556 0.3605
vn 0.4405 0.8795 0.1800
vn 0.2361 0.9669 0.0964
vn 0.9257 -0.0000 0.3784
vn 0.2361 -0.9669 0.0964
vn 0.9149 0.1518 0.3740
vn 0.4405 -0.8795 0.1800
vn 0.8817 0.3045 0.3604
vn 0.6071 -0.7549 0.2481
vn 0.8228 0.4581 0.3363
vn 0.7332 -0.6104 0.2997
vn 0.7332 0.6104 0.2997
vn 0.8228 -0.4581 0.3363
vn 0.6071 0.7549 0.2481
vn 0.8817 -0.3045 0.3604
vn 0.9149 -0.1518 0.3740
vn 0.7777 -0.6098 0.1526
vn 0.8725 0.4576 0.1713
vn 0.7777 0.6098 0.1526
vn 0.8725 -0.4576 0.1713
vn 0.6441 0.7544 0.1264
vn 0.9348 -0.3041 0.1835
vn 0.4675 0.8792 0.0917
vn 0.9699 -0.1515 0.1904
vn 0.2505 0.9669 0.0491
vn 0.9813 -0.0000 0.1926
vn 0.2505 -0.9669 0.0491
vn 0.9699 0.1515 0.1904
vn 0.4675 -0.8792 0.0917
vn 0.9348 0.3041 0.1835
vn 0.6441 -0.7544 0.1264
vn 0.2554 -0.9668 -0.0000
vn 0.2554 0.9668 -0.0000
vn 0.9885 0.1515 -0.0000
vn 0.4766 -0.8791 -0.0000
vn 0.9527 0.3039 -0.0000
vn 0.6566 -0.7543 -0.0000
vn 0.8892 0.4574 -0.0000
vn 0.7927 -0.6097 -0.0000
vn 0.7927 0.6097 -0.0000
vn 0.8892 -0.4574 -0.0000
vn 0.6566 0.7543 -0.0000
vn 0.9527 -0.3039 -0.0000
vn 0.4766 0.8791 -0.0000
vn 0.9885 -0.1515 -0.0000
vn 0.7777 0.6098 -0.1526
vn 0.7777 -0.6098 -0.1526
vn 0.8725 -0.4576 -0.1713
vn 0.6441 0.7544 -0.1264
vn 0.9348 -0.3041 -0.1835
vn 0.4675 0.8792 -0.0917
vn 0.9699 -0.1515 -0.1904
vn 0.2505 0.9669 -0.0491
vn 0.9813 -0.0000 -0.1926
vn 0.2505 -0.9669 -0.0491
vn 0.9699 0.1515 -0.1904
vn 0.4675 -0.8792 -0.0917
vn 0.9348 0.3041 -0.1835
vn 0.6441 -0.7544 -0.1264
vn 0.8725 0.4576 -0.1713
vn 0.2361 0.9669 -0.0964
vn 0.9149 0.1518 -0.3740
vn 0.2361 -0.9669 -0.0964
vn 0.4405 -0.8795 -0.1800
vn 0.8817 0.3045 -0.3604
vn 0.6071 -0.7549 -0.2481
vn 0.8228 0.4581 -0.3363
vn 0.7332 -0.6104 -0.2997
vn 0.7332 0.6104 -0.2997
vn 0.8228 -0.4581 -0.3363
vn 0.6071 0.7549 -0.2481
vn 0.8817 -0.3045 -0.3604
vn 0.4405 0.8795 -0.1800
vn 0.9149 -0.1518 -0.3740
vn 0.9257 -0.0000 -0.3784
vn 0.5469 0.7556 -0.3605
vn 0.7418 -0.4589 -0.4891
vn 0.7951 -0.3051 -0.5242
vn 0.3967 0.8799 -0.2615
vn 0.8251 -0.1521 -0.5441
vn 0.2126 0.9671 -0.1400
vn 0.8348 -0.0000 -0.5505
vn 0.2126 -0.9671 -0.1400
vn 0.8251 0.1521 -0.5441
vn 0.3967 -0.8799 -0.2615
vn 0.7951 0.3051 -0.5242
vn 0.5469 -0.7556 -0.3605
vn 0.7418 0.4589 -0.4891
vn 0.6608 -0.6112 -0.4356
vn 0.6608 0.6112 -0.4356
vn 0.1809 -0.9672 -0.1783
vn 0.3376 -0.8804 -0.3330
vn 0.6777 0.3058 -0.6688
vn 0.4657 -0.7564 -0.4594
vn 0.6321 0.4598 -0.6237
vn 0.5629 -0.6121 -0.5554
vn 0.5629 0.6121 -0.5554
vn 0.6321 -0.4598 -0.6237
vn 0.4657 0.7564 -0.4594
vn 0.6777 -0.3058 -0.6688
vn 0.3376 0.8804 -0.3330
vn 0.7035 -0.1525 -0.6942
vn 0.1809 0.9672 -0.1783
vn 0.7118 -0.0000 -0.7024
vn 0.7035 0.1525 -0.6942
vn 0.4976 -0.4607 -0.7349
vn 0.5337 -0.3065 -0.7882
vn 0.2655 0.8809 -0.3919
vn 0.5541 -0.1528 -0.8183
vn 0.1422 0.9674 -0.2098
vn 0.5606 -0.0000 -0.8281
vn 0.1422 -0.9674 -0.2098
vn 0.5541 0.1528 -0.8183
vn 0.2655 -0.8809 -0.3919
vn 0.5337 0.3065 -0.7882
vn 0.3663 -0.7572 -0.5408
vn 0.4976 0.4607 -0.7349
vn 0.4430 -0.6131 -0.6541
vn 0.4430 0.6131 -0.6541
vn 0.3663 0.7572 -0.5408
vn 0.3683 0.3071 -0.8775
vn 0.1830 -0.8813 -0.4357
vn 0.2526 -0.7579 -0.6016
vn 0.3434 0.4615 -0.8180
vn 0.3055 -0.6139 -0.7278
vn 0.3055 0.6139 -0.7278
vn 0.3434 -0.4615 -0.8180
vn 0.2526 0.7579 -0.6016
vn 0.3683 -0.3071 -0.8775
vn 0.1830 0.8813 -0.4357
vn 0.3825 -0.1532 -0.9112
vn 0.0980 0.9675 -0.2332
vn 0.3870 -0.0000 -0.9221
vn 0.0980 -0.9675 -0.2332
vn 0.3825 0.1532 -0.9112
vn 0.0933 0.8816 -0.4627
vn 0.1880 -0.3075 -0.9328
vn 0.1953 -0.1534 -0.9687
vn 0.0500 0.9676 -0.2476
vn 0.1976 -0.0000 -0.9803
vn 0.0500 -0.9676 -0.2476
vn 0.1953 0.1534 -0.9687
vn 0.0933 -0.8816 -0.4627
vn 0.1880 0.3075 -0.9328
vn 0.1288 -0.7583 -0.6390
vn 0.1753 0.4620 -0.8694
vn 0.1559 -0.6145 -0.7734
vn 0.1559 0.6145 -0.7734
vn 0.1753 -0.4620 -0.8694
vn 0.1288 0.7583 -0.6390
vn -0.0000 -0.1535 -0.9882
vn -0.0000 0.1535 -0.9882
vn -0.3056 -0.6139 -0.7278
vn -0.3056 0.6139 -0.7278
vn -0.5607 -0.0000 -0.8281
vn -0.7034 0.1525 -0.6942
vn -0.5629 -0.6121 -0.5554
vn -0.7034 -0.1525 -0.6942
vn -0.7035 -0.1525 0.6942
vn -0.7035 0.1525 0.6942
vn -0.5607 -0.0000 0.8281
vn -0.3055 -0.6139 0.7278
vn -0.3825 0.1531 0.9112
vn -0.3055 0.6139 0.7278
vn -0.1952 0.1534 0.9687
vn -0.1753 0.4620 0.8694
vn -0.1753 -0.4620 0.8694
vn -0.1952 -0.1534 0.9687
vn -0.0000 -0.1534 0.9882
vn -0.0000 0.1534 0.9882
vn 0.3055 -0.6139 0.7278
vn 0.3055 0.6139 0.7278
vn 0.7927 0.6096 -0.0000
vn 0.2506 0.9669 -0.0491
vn 0.2506 -0.9669 -0.0491
vn 0.6608 -0.6112 -0.4357
vn 0.6608 0.6112 -0.4357
vn 0.7034 -0.1524 -0.6942
vn 0.7034 0.1524 -0.6942
vn 0.5607 -0.0000 -0.8280
vn 0.2526 -0.7579 -0.6015
vn 0.3056 -0.6139 -0.7278
vn 0.3056 0.6139 -0.7278
vn 0.2526 0.7579 -0.6015
vn 0.1289 -0.7583 -0.6390
vn 0.1752 0.4620 -0.8694
vn 0.1752 -0.4620 -0.8694
vn 0.1289 0.7583 -0.6390
vt 0.750000 0.875000
vt 0.718750 0.937500
vt 0.718750 0.875000
vt 0.750000 0.437500
vt 0.718750 0.375000
vt 0.750000 0.375000
vt 0.718750 0.812500
vt 0.750000 0.812500
vt 0.750000 0.312500
vt 0.718750 0.312500
vt 0.750000 0.750000
vt 0.718750 0.750000
vt 0.750000 0.250000
vt 0.718750 0.250000
vt 0.718750 0.687500
vt 0.750000 0.687500
vt 0.718750 0.187500
vt 0.750000 0.187500
vt 0.718750 0.625000
vt 0.750000 0.625000
vt 0.718750 0.125000
vt 0.750000 0.125000
vt 0.750000 0.562500
vt 0.718750 0.562500
vt 0.718750 0.062500
vt 0.750000 0.062500
vt 0.718750 0.500000
vt 0.750000 0.500000
vt 0.750000 0.937500
vt 0.734375 1.000000
vt 0.734375 0.000000
vt 0.718750 0.437500
vt 0.703125 1.000000
vt 0.687500 0.937500
vt 0.703125 0.000000
vt 0.687500 0.062500
vt 0.687500 0.500000
vt 0.687500 0.437500
vt 0.687500 0.875000
vt 0.687500 0.375000
vt 0.687500 0.812500
vt 0.687500 0.312500
vt 0.687500 0.750000
vt 0.687500 0.250000
vt 0.687500 0.687500
vt 0.687500 0.187500
vt 0.687500 0.625000
vt 0.687500 0.125000
vt 0.687500 0.562500
vt 0.656250 0.750000
vt 0.656250 0.687500
vt 0.656250 0.250000
vt 0.656250 0.187500
vt 0.656250 0.625000
vt 0.656250 0.125000
vt 0.656250 0.562500
vt 0.656250 0.062500
vt 0.656250 0.500000
vt 0.671875 1.000000
vt 0.656250 0.937500
vt 0.671875 0.000000
vt 0.656250 0.437500
vt 0.656250 0.875000
vt 0.656250 0.375000
vt 0.656250 0.812500
vt 0.656250 0.312500
vt 0.625000 0.437500
vt 0.625000 0.937500
vt 0.625000 0.875000
vt 0.625000 0.375000
vt 0.625000 0.812500
vt 0.625000 0.312500
vt 0.625000 0.750000
vt 0.625000 0.250000
vt 0.625000 0.687500
vt 0.625000 0.187500
vt 0.625000 0.625000
vt 0.625000 0.125000
vt 0.625000 0.562500
vt 0.625000 0.062500
vt 0.625000 0.500000
vt 0.640625 1.000000
vt 0.640625 0.000000
vt 0.593750 0.187500
vt 0.593750 0.687500
vt 0.593750 0.625000
vt 0.593750 0.125000
vt 0.593750 0.562500
vt 0.593750 0.062500
vt 0.593750 0.500000
vt 0.609375 1.000000
vt 0.593750 0.937500
vt 0.609375 0.000000
vt 0.593750 0.437500
vt 0.593750 0.875000
vt 0.593750 0.375000
vt 0.593750 0.812500
vt 0.593750 0.312500
vt 0.593750 0.750000
vt 0.593750 0.250000
vt 0.562500 0.875000
vt 0.562500 0.437500
vt 0.562500 0.375000
vt 0.562500 0.812500
vt 0.562500 0.312500
vt 0.562500 0.750000
vt 0.562500 0.250000
vt 0.562500 0.687500
vt 0.562500 0.187500
vt 0.562500 0.625000
vt 0.562500 0.125000
vt 0.562500 0.562500
vt 0.562500 0.062500
vt 0.562500 0.500000
vt 0.578125 1.000000
vt 0.562500 0.937500
vt 0.578125 0.000000
vt 0.531250 0.687500
vt 0.531250 0.625000
vt 0.531250 0.125000
vt 0.531250 0.562500
vt 0.531250 0.062500
vt 0.531250 0.500000
vt 0.546875 1.000000
vt 0.531250 0.937500
vt 0.546875 0.000000
vt 0.531250 0.437500
vt 0.531250 0.875000
vt 0.531250 0.375000
vt 0.531250 0.812500
vt 0.531250 0.312500
vt 0.531250 0.750000
vt 0.531250 0.250000
vt 0.531250 0.187500
vt 0.500000 0.437500
vt 0.500000 0.375000
vt 0.500000 0.812500
vt 0.500000 0.312500
vt 0.500000 0.750000
vt 0.500000 0.250000
vt 0.500000 0.687500
vt 0.500000 0.187500
vt 0.500000 0.625000
vt 0.500000 0.125000
vt 0.500000 0.562500
vt 0.500000 0.062500
vt 0.500000 0.500000
vt 0.515625 1.000000
vt 0.500000 0.937500
vt 0.515625 0.000000
vt 0.500000 0.875000
vt 0.468750 0.125000
vt 0.468750 0.625000
vt 0.468750 0.562500
vt 0.468750 0.062500
vt 0.468750 0.500000
vt 0.484375 1.000000
vt 0.468750 0.937500
vt 0.484375 0.000000
vt 0.468750 0.437500
vt 0.468750 0.875000
vt 0.468750 0.375000
vt 0.468750 0.812500
vt 0.468750 0.312500
vt 0.468750 0.750000
vt 0.468750 0.250000
vt 0.468750 0.687500
vt 0.468750 0.187500
vt 0.437500 0.375000
vt 0.437500 0.312500
vt 0.437500 0.750000
vt 0.437500 0.250000
vt 0.437500 0.687500
vt 0.437500 0.187500
vt 0.437500 0.625000
vt 0.437500 0.125000
vt 0.437500 0.562500
vt 0.437500 0.062500
vt 0.437500 0.500000
vt 0.453125 1.000000
vt 0.437500 0.937500
vt 0.453125 0.000000
vt 0.437500 0.437500
vt 0.437500 0.875000
vt 0.437500 0.812500
vt 0.406250 0.062500
vt 0.406250 0.562500
vt 0.406250 0.500000
vt 0.421875 1.000000
vt 0.406250 0.937500
vt 0.421875 0.000000
vt 0.406250 0.437500
vt 0.406250 0.875000
vt 0.406250 0.375000
vt 0.406250 0.812500
vt 0.406250 0.312500
vt 0.406250 0.750000
vt 0.406250 0.250000
vt 0.406250 0.687500
vt 0.406250 0.187500
vt 0.406250 0.625000
vt 0.406250 0.125000
vt 0.375000 0.750000
vt 0.375000 0.250000
vt 0.375000 0.687500
vt 0.375000 0.187500
vt 0.375000 0.625000
vt 0.375000 0.125000
vt 0.375000 0.562500
vt 0.375000 0.062500
vt 0.375000 0.500000
vt 0.390625 1.000000
vt 0.375000 0.937500
vt 0.390625 0.000000
vt 0.375000 0.437500
vt 0.375000 0.875000
vt 0.375000 0.375000
vt 0.375000 0.812500
vt 0.375000 0.312500
vt 0.343750 0.562500
vt 0.343750 0.500000
vt 0.359375 1.000000
vt 0.343750 0.937500
vt 0.359375 0.000000
vt 0.343750 0.062500
vt 0.343750 0.437500
vt 0.343750 0.875000
vt 0.343750 0.375000
vt 0.343750 0.812500
vt 0.343750 0.312500
vt 0.343750 0.750000
vt 0.343750 0.250000
vt 0.343750 0.687500
vt 0.343750 0.187500
vt 0.343750 0.625000
vt 0.343750 0.125000
vt 0.312500 0.312500
vt 0.312500 0.250000
vt 0.312500 0.687500
vt 0.312500 0.187500
vt 0.312500 0.625000
vt 0.312500 0.125000
vt 0.312500 0.562500
vt 0.312500 0.062500
vt 0.312500 0.500000
vt 0.328125 1.000000
vt 0.312500 0.937500
vt 0.328125 0.000000
vt 0.312500 0.437500
vt 0.312500 0.875000
vt 0.312500 0.375000
vt 0.312500 0.812500
vt 0.312500 0.750000
vt 0.296875 1.000000
vt 0.281250 0.937500
vt 0.296875 0.000000
vt 0.281250 0.062500
vt 0.281250 0.437500
vt 0.281250 0.875000
vt 0.281250 0.375000
vt 0.281250 0.812500
vt 0.281250 0.312500
vt 0.281250 0.750000
vt 0.281250 0.250000
vt 0.281250 0.687500
vt 0.281250 0.187500
vt 0.281250 0.625000
vt 0.281250 0.125000
vt 0.281250 0.562500
vt 0.281250 0.500000
vt 0.250000 0.687500
vt 0.250000 0.250000
vt 0.250000 0.187500
vt 0.250000 0.625000
vt 0.250000 0.125000
vt 0.250000 0.562500
vt 0.250000 0.062500
vt 0.250000 0.500000
vt 0.265625 1.000000
vt 0.250000 0.937500
vt 0.265625 0.000000
vt 0.250000 0.437500
vt 0.250000 0.875000
vt 0.250000 0.375000
vt 0.250000 0.812500
vt 0.250000 0.312500
vt 0.250000 0.750000
vt 0.218750 0.437500
vt 0.218750 0.937500
vt 0.218750 0.875000
vt 0.218750 0.375000
vt 0.218750 0.812500
vt 0.218750 0.312500
vt 0.218750 0.750000
vt 0.218750 0.250000
vt 0.218750 0.687500
vt 0.218750 0.187500
vt 0.218750 0.625000
vt 0.218750 0.125000
vt 0.218750 0.562500
vt 0.218750 0.062500
vt 0.218750 0.500000
vt 0.234375 1.000000
vt 0.234375 0.000000
vt 0.187500 0.187500
vt 0.187500 0.625000
vt 0.187500 0.125000
vt 0.187500 0.562500
vt 0.187500 0.062500
vt 0.187500 0.500000
vt 0.203125 1.000000
vt 0.187500 0.937500
vt 0.203125 0.000000
vt 0.187500 0.437500
vt 0.187500 0.875000
vt 0.187500 0.375000
vt 0.187500 0.812500
vt 0.187500 0.312500
vt 0.187500 0.750000
vt 0.187500 0.250000
vt 0.187500 0.687500
vt 0.156250 0.375000
vt 0.156250 0.812500
vt 0.156250 0.312500
vt 0.156250 0.750000
vt 0.156250 0.250000
vt 0.156250 0.687500
vt 0.156250 0.187500
vt 0.156250 0.625000
vt 0.156250 0.125000
vt 0.156250 0.562500
vt 0.156250 0.062500
vt 0.156250 0.500000
vt 0.171875 1.000000
vt 0.156250 0.937500
vt 0.171875 0.000000
vt 0.156250 0.437500
vt 0.156250 0.875000
vt 0.125000 0.187500
vt 0.125000 0.125000
vt 0.125000 0.625000
vt 0.125000 0.562500
vt 0.125000 0.062500
vt 0.125000 0.500000
vt 0.140625 1.000000
vt 0.125000 0.937500
vt 0.140625 0.000000
vt 0.125000 0.437500
vt 0.125000 0.875000
vt 0.125000 0.375000
vt 0.125000 0.812500
vt 0.125000 0.312500
vt 0.125000 0.750000
vt 0.125000 0.250000
vt 0.125000 0.687500
vt 0.093750 0.875000
vt 0.093750 0.812500
vt 0.093750 0.375000
vt 0.093750 0.312500
vt 0.093750 0.750000
vt 0.093750 0.250000
vt 0.093750 0.687500
vt 0.093750 0.187500
vt 0.093750 0.625000
vt 0.093750 0.125000
vt 0.093750 0.562500
vt 0.093750 0.062500
vt 0.093750 0.500000
vt 0.109375 1.000000
vt 0.093750 0.937500
vt 0.109375 0.000000
vt 0.093750 0.437500
vt 0.062500 0.625000
vt 0.062500 0.562500
vt 0.062500 0.125000
vt 0.062500 0.062500
vt 0.062500 0.500000
vt 0.078125 1.000000
vt 0.062500 0.937500
vt 0.078125 0.000000
vt 0.062500 0.437500
vt 0.062500 0.875000
vt 0.062500 0.375000
vt 0.062500 0.812500
vt 0.062500 0.312500
vt 0.062500 0.750000
vt 0.062500 0.250000
vt 0.062500 0.687500
vt 0.062500 0.187500
vt 0.031250 0.375000
vt 0.031250 0.312500
vt 0.031250 0.750000
vt 0.031250 0.250000
vt 0.031250 0.687500
vt 0.031250 0.187500
vt 0.031250 0.625000
vt 0.031250 0.125000
vt 0.031250 0.562500
vt 0.031250 0.062500
vt 0.031250 0.500000
vt 0.046875 1.000000
vt 0.031250 0.937500
vt 0.046875 0.000000
vt 0.031250 0.437500
vt 0.031250 0.875000
vt 0.031250 0.812500
vt 0.000000 0.125000
vt 0.000000 0.062500
vt 0.000000 0.500000
vt 0.015625 1.000000
vt 0.000000 0.937500
vt 0.015625 0.000000
vt 0.000000 0.437500
vt 0.000000 0.875000
vt 0.000000 0.375000
vt 0.000000 0.812500
vt 0.000000 0.312500
vt 0.000000 0.750000
vt 0.000000 0.250000
vt 0.000000 0.687500
vt 0.000000 0.187500
vt 0.000000 0.625000
vt 0.000000 0.562500
vt 1.000000 0.750000
vt 0.968750 0.812500
vt 0.968750 0.750000
vt 1.000000 0.312500
vt 0.968750 0.250000
vt 1.000000 0.250000
vt 1.000000 0.687500
vt 0.968750 0.687500
vt 0.968750 0.187500
vt 1.000000 0.187500
vt 0.968750 0.625000
vt 1.000000 0.625000
vt 0.968750 0.125000
vt 1.000000 0.125000
vt 1.000000 0.562500
vt 0.968750 0.562500
vt 0.968750 0.062500
vt 1.000000 0.062500
vt 1.000000 0.500000
vt 0.968750 0.500000
vt 1.000000 0.937500
vt 0.984375 1.000000
vt 0.968750 0.937500
vt 0.984375 0.000000
vt 0.968750 0.437500
vt 1.000000 0.437500
vt 1.000000 0.875000
vt 0.968750 0.875000
vt 0.968750 0.375000
vt 1.000000 0.375000
vt 1.000000 0.812500
vt 0.968750 0.312500
vt 0.937500 0.562500
vt 0.937500 0.500000
vt 0.953125 1.000000
vt 0.937500 0.937500
vt 0.953125 0.000000
vt 0.937500 0.062500
vt 0.937500 0.437500
vt 0.937500 0.875000
vt 0.937500 0.375000
vt 0.937500 0.812500
vt 0.937500 0.312500
vt 0.937500 0.750000
vt 0.937500 0.250000
vt 0.937500 0.687500
vt 0.937500 0.187500
vt 0.937500 0.625000
vt 0.937500 0.125000
vt 0.906250 0.250000
vt 0.906250 0.750000
vt 0.906250 0.687500
vt 0.906250 0.187500
vt 0.906250 0.625000
vt 0.906250 0.125000
vt 0.906250 0.562500
vt 0.906250 0.062500
vt 0.906250 0.500000
vt 0.921875 1.000000
vt 0.906250 0.937500
vt 0.921875 0.000000
vt 0.906250 0.437500
vt 0.906250 0.875000
vt 0.906250 0.375000
vt 0.906250 0.812500
vt 0.906250 0.312500
vt 0.890625 0.000000
vt 0.875000 0.062500
vt 0.875000 0.437500
vt 0.875000 0.937500
vt 0.875000 0.875000
vt 0.875000 0.375000
vt 0.875000 0.812500
vt 0.875000 0.312500
vt 0.875000 0.750000
vt 0.875000 0.250000
vt 0.875000 0.687500
vt 0.875000 0.187500
vt 0.875000 0.625000
vt 0.875000 0.125000
vt 0.875000 0.562500
vt 0.875000 0.500000
vt 0.890625 1.000000
vt 0.843750 0.187500
vt 0.843750 0.625000
vt 0.843750 0.125000
vt 0.843750 0.562500
vt 0.843750 0.062500
vt 0.843750 0.500000
vt 0.859375 1.000000
vt 0.843750 0.937500
vt 0.859375 0.000000
vt 0.843750 0.437500
vt 0.843750 0.875000
vt 0.843750 0.375000
vt 0.843750 0.812500
vt 0.843750 0.312500
vt 0.843750 0.750000
vt 0.843750 0.250000
vt 0.843750 0.687500
vt 0.812500 0.875000
vt 0.812500 0.375000
vt 0.812500 0.812500
vt 0.812500 0.312500
vt 0.812500 0.750000
vt 0.812500 0.250000
vt 0.812500 0.687500
vt 0.812500 0.187500
vt 0.812500 0.625000
vt 0.812500 0.125000
vt 0.812500 0.562500
vt 0.812500 0.062500
vt 0.812500 0.500000
vt 0.828125 1.000000
vt 0.812500 0.937500
vt 0.828125 0.000000
vt 0.812500 0.437500
vt 0.781250 0.625000
vt 0.781250 0.125000
vt 0.781250 0.562500
vt 0.781250 0.062500
vt 0.781250 0.500000
vt 0.796875 1.000000
vt 0.781250 0.937500
vt 0.796875 0.000000
vt 0.781250 0.437500
vt 0.781250 0.875000
vt 0.781250 0.375000
vt 0.781250 0.812500
vt 0.781250 0.312500
vt 0.781250 0.750000
vt 0.781250 0.250000
vt 0.781250 0.687500
vt 0.781250 0.187500
vt 0.765625 1.000000
vt 0.765625 0.000000
vt 0.250000 0.490000
vt 0.296822 0.485388
vt 0.341844 0.471731
vt 0.383337 0.449553
vt 0.419706 0.419706
vt 0.449553 0.383337
vt 0.471731 0.341844
vt 0.485388 0.296822
vt 0.490000 0.250000
vt 0.485388 0.203178
vt 0.471731 0.158156
vt 0.449553 0.116663
vt 0.419706 0.080294
vt 0.383337 0.050447
vt 0.341844 0.028269
vt 0.296822 0.014612
vt 0.250000 0.010000
vt 0.203178 0.014612
vt 0.158156 0.028269
vt 0.116663 0.050447
vt 0.080294 0.080294
vt 0.050447 0.116663
vt 0.028269 0.158156
vt 0.014612 0.203178
vt 0.010000 0.250000
vt 0.014612 0.296822
vt 0.028269 0.341844
vt 0.050447 0.383337
vt 0.080294 0.419706
vt 0.116663 0.449553
vt 0.158156 0.471731
vt 0.787332 0.437679
vt 0.823229 0.426790
vt 0.712668 0.062321
vt 0.203178 0.485388
vt 0.788544 0.443775
vt 0.750000 0.490000
vt 0.796822 0.485388
vt 0.825607 0.432532
vt 0.841844 0.471731
vt 0.859764 0.414274
vt 0.883337 0.449553
vt 0.889704 0.389704
vt 0.919706 0.419706
vt 0.949553 0.383337
vt 0.914274 0.359765
vt 0.971731 0.341844
vt 0.932532 0.325607
vt 0.985388 0.296822
vt 0.943775 0.288544
vt 0.990000 0.250000
vt 0.947571 0.250000
vt 0.943775 0.211456
vt 0.985388 0.203178
vt 0.932532 0.174393
vt 0.971731 0.158156
vt 0.914274 0.140235
vt 0.949553 0.116663
vt 0.889704 0.110296
vt 0.919706 0.080294
vt 0.883337 0.050447
vt 0.859764 0.085726
vt 0.841844 0.028269
vt 0.825607 0.067468
vt 0.796822 0.014612
vt 0.788544 0.056225
vt 0.750000 0.010000
vt 0.750000 0.052429
vt 0.711456 0.056225
vt 0.703178 0.014612
vt 0.674393 0.067468
vt 0.658156 0.028269
vt 0.640235 0.085726
vt 0.616663 0.050447
vt 0.610296 0.110296
vt 0.580294 0.080294
vt 0.550447 0.116663
vt 0.585726 0.140235
vt 0.528269 0.158156
vt 0.567468 0.174393
vt 0.514612 0.203178
vt 0.556225 0.211456
vt 0.510000 0.250000
vt 0.552429 0.250000
vt 0.556225 0.288544
vt 0.514612 0.296822
vt 0.567468 0.325607
vt 0.528269 0.341844
vt 0.585726 0.359765
vt 0.550447 0.383337
vt 0.610296 0.389704
vt 0.580294 0.419706
vt 0.616663 0.449553
vt 0.640235 0.414274
vt 0.658156 0.471731
vt 0.674393 0.432532
vt 0.703178 0.485388
vt 0.711456 0.443775
vt 0.750000 0.447571
vt 0.856312 0.409107
vt 0.885309 0.385309
vt 0.909107 0.356312
vt 0.926790 0.323229
vt 0.937679 0.287332
vt 0.941356 0.250000
vt 0.937679 0.212668
vt 0.926790 0.176771
vt 0.909107 0.143688
vt 0.885309 0.114691
vt 0.856312 0.090893
vt 0.823229 0.073210
vt 0.787332 0.062321
vt 0.750000 0.058644
vt 0.676771 0.073210
vt 0.643688 0.090893
vt 0.614691 0.114691
vt 0.590893 0.143688
vt 0.573210 0.176771
vt 0.562320 0.212668
vt 0.558644 0.250000
vt 0.562321 0.287332
vt 0.573210 0.323229
vt 0.590893 0.356312
vt 0.614691 0.385309
vt 0.643688 0.409107
vt 0.676771 0.426790
vt 0.712668 0.437679
vt 0.750000 0.441356
vt 1.000000 1.000000
vt 0.968750 1.000000
vt 0.937500 1.000000
vt 0.906250 1.000000
vt 0.875000 1.000000
vt 0.843750 1.000000
vt 0.812500 1.000000
vt 0.781250 1.000000
vt 0.750000 1.000000
vt 0.718750 1.000000
vt 0.687500 1.000000
vt 0.656250 1.000000
vt 0.625000 1.000000
vt 0.593750 1.000000
vt 0.562500 1.000000
vt 0.531250 1.000000
vt 0.500000 1.000000
vt 0.468750 1.000000
vt 0.437500 1.000000
vt 0.406250 1.000000
vt 0.375000 1.000000
vt 0.343750 1.000000
vt 0.312500 1.000000
vt 0.281250 1.000000
vt 0.250000 1.000000
vt 0.218750 1.000000
vt 0.187500 1.000000
vt 0.156250 1.000000
vt 0.125000 1.000000
vt 0.093750 1.000000
vt 0.062500 1.000000
vt 0.031250 1.000000
vt 0.000000 1.000000
s 1
usemtl Material.007
f 475/1/1 7/2/2 8/3/3
f 5/4/4 16/5/5 478/6/6
f 475/1/1 9/7/7 1/8/8
f 6/9/9 16/5/5 17/10/10
f 476/11/11 9/7/7 10/12/12
f 479/13/13 17/10/10 18/14/14
f 476/11/11 11/15/15 2/16/16
f 479/13/13 19/17/17 480/18/18
f 2/16/16 12/19/19 477/20/20
f 480/18/18 20/21/21 481/22/22
f 3/23/23 12/19/19 13/24/24
f 481/22/22 21/25/25 482/26/26
f 3/23/23 14/27/27 4/28/28
f 474/29/29 82/30/30 7/2/2
f 308/31/31 482/26/26 21/25/25
f 5/4/4 14/27/27 15/32/32
f 7/2/2 82/33/30 22/34/33
f 308/35/31 21/25/25 36/36/34
f 15/32/32 29/37/35 30/38/36
f 8/3/3 22/34/33 23/39/37
f 16/5/5 30/38/36 31/40/38
f 8/3/3 24/41/39 9/7/7
f 17/10/10 31/40/38 32/42/40
f 10/12/12 24/41/39 25/43/41
f 17/10/10 33/44/42 18/14/14
f 10/12/12 26/45/43 11/15/15
f 18/14/14 34/46/44 19/17/17
f 11/15/15 27/47/45 12/19/19
f 20/21/21 34/46/44 35/48/46
f 12/19/19 28/49/47 13/24/24
f 20/21/21 36/36/34 21/25/25
f 13/24/24 29/37/35 14/27/27
f 26/45/43 40/50/48 41/51/49
f 34/46/44 48/52/50 49/53/51
f 26/45/43 42/54/52 27/47/45
f 34/46/44 50/55/53 35/48/46
f 28/49/47 42/54/52 43/56/54
f 35/48/46 51/57/55 36/36/34
f 28/49/47 44/58/56 29/37/35
f 22/34/33 82/59/30 37/60/57
f 308/61/31 36/36/34 51/57/55
f 29/37/35 45/62/58 30/38/36
f 23/39/37 37/60/57 38/63/59
f 30/38/36 46/64/60 31/40/38
f 24/41/39 38/63/59 39/65/61
f 32/42/40 46/64/60 47/66/62
f 24/41/39 40/50/48 25/43/41
f 32/42/40 48/52/50 33/44/42
f 44/58/56 60/67/63 45/62/58
f 38/63/59 52/68/64 53/69/65
f 45/62/58 61/70/66 46/64/60
f 38/63/59 54/71/67 39/65/61
f 47/66/62 61/70/66 62/72/68
f 39/65/61 55/73/69 40/50/48
f 47/66/62 63/74/70 48/52/50
f 41/51/49 55/73/69 56/75/71
f 49/53/51 63/74/70 64/76/72
f 41/51/49 57/77/73 42/54/52
f 50/55/53 64/76/72 65/78/74
f 43/56/54 57/77/73 58/79/75
f 50/55/53 66/80/76 51/57/55
f 44/58/56 58/79/75 59/81/77
f 37/60/57 82/82/30 52/68/64
f 308/83/31 51/57/55 66/80/76
f 63/74/70 79/84/78 64/76/72
f 57/77/73 71/85/79 72/86/80
f 64/76/72 80/87/81 65/78/74
f 57/77/73 73/88/82 58/79/75
f 66/80/76 80/87/81 81/89/83
f 59/81/77 73/88/82 74/90/84
f 52/68/64 82/91/30 67/92/85
f 308/93/31 66/80/76 81/89/83
f 59/81/77 75/94/86 60/67/63
f 52/68/64 68/95/87 53/69/65
f 60/67/63 76/96/88 61/70/66
f 54/71/67 68/95/87 69/97/89
f 61/70/66 77/98/90 62/72/68
f 55/73/69 69/97/89 70/99/91
f 63/74/70 77/98/90 78/100/92
f 55/73/69 71/85/79 56/75/71
f 67/92/85 84/101/93 68/95/87
f 76/96/88 91/102/94 92/103/95
f 68/95/87 85/104/96 69/97/89
f 76/96/88 93/105/97 77/98/90
f 69/97/89 86/106/98 70/99/91
f 78/100/92 93/105/97 94/107/99
f 70/99/91 87/108/100 71/85/79
f 79/84/78 94/107/99 95/109/101
f 72/86/80 87/108/100 88/110/102
f 80/87/81 95/109/101 96/111/103
f 72/86/80 89/112/104 73/88/82
f 81/89/83 96/111/103 97/113/105
f 74/90/84 89/112/104 90/114/106
f 67/92/85 82/115/30 83/116/107
f 308/117/31 81/89/83 97/113/105
f 74/90/84 91/102/94 75/94/86
f 88/110/102 102/118/108 103/119/109
f 95/109/101 111/120/110 96/111/103
f 89/112/104 103/119/109 104/121/111
f 97/113/105 111/120/110 112/122/112
f 90/114/106 104/121/111 105/123/113
f 83/116/107 82/124/30 98/125/114
f 308/126/31 97/113/105 112/122/112
f 90/114/106 106/127/115 91/102/94
f 83/116/107 99/128/116 84/101/93
f 91/102/94 107/129/117 92/103/95
f 85/104/96 99/128/116 100/130/118
f 92/103/95 108/131/119 93/105/97
f 85/104/96 101/132/120 86/106/98
f 93/105/97 109/133/121 94/107/99
f 86/106/98 102/118/108 87/108/100
f 95/109/101 109/133/121 110/134/122
f 107/129/117 121/135/123 122/136/124
f 99/128/116 115/137/125 100/130/118
f 108/131/119 122/136/124 123/138/126
f 100/130/118 116/139/127 101/132/120
f 109/133/121 123/138/126 124/140/128
f 101/132/120 117/141/129 102/118/108
f 110/134/122 124/140/128 125/142/130
f 102/118/108 118/143/131 103/119/109
f 110/134/122 126/144/132 111/120/110
f 103/119/109 119/145/133 104/121/111
f 112/122/112 126/144/132 127/146/134
f 105/123/113 119/145/133 120/147/135
f 98/125/114 82/148/30 113/149/136
f 308/150/31 112/122/112 127/146/134
f 105/123/113 121/135/123 106/127/115
f 98/125/114 114/151/137 99/128/116
f 125/142/130 141/152/138 126/144/132
f 119/145/133 133/153/139 134/154/140
f 126/144/132 142/155/141 127/146/134
f 119/145/133 135/156/142 120/147/135
f 113/149/136 82/157/30 128/158/143
f 308/159/31 127/146/134 142/155/141
f 121/135/123 135/156/142 136/160/144
f 114/151/137 128/158/143 129/161/145
f 121/135/123 137/162/146 122/136/124
f 114/151/137 130/163/147 115/137/125
f 122/136/124 138/164/148 123/138/126
f 116/139/127 130/163/147 131/165/149
f 123/138/126 139/166/150 124/140/128
f 117/141/129 131/165/149 132/167/151
f 124/140/128 140/168/152 125/142/130
f 117/141/129 133/153/139 118/143/131
f 138/164/148 152/169/153 153/170/154
f 130/163/147 146/171/155 131/165/149
f 139/166/150 153/170/154 154/172/156
f 131/165/149 147/173/157 132/167/151
f 139/166/150 155/174/158 140/168/152
f 132/167/151 148/175/159 133/153/139
f 141/152/138 155/174/158 156/176/160
f 133/153/139 149/177/161 134/154/140
f 141/152/138 157/178/162 142/155/141
f 134/154/140 150/179/163 135/156/142
f 128/158/143 82/180/30 143/181/164
f 308/182/31 142/155/141 157/178/162
f 136/160/144 150/179/163 151/183/165
f 129/161/145 143/181/164 144/184/166
f 137/162/146 151/183/165 152/169/153
f 129/161/145 145/185/167 130/163/147
f 156/176/160 172/186/168 157/178/162
f 150/179/163 164/187/169 165/188/170
f 143/181/164 82/189/30 158/190/171
f 308/191/31 157/178/162 172/186/168
f 150/179/163 166/192/172 151/183/165
f 144/184/166 158/190/171 159/193/173
f 151/183/165 167/194/174 152/169/153
f 145/185/167 159/193/173 160/195/175
f 153/170/154 167/194/174 168/196/176
f 145/185/167 161/197/177 146/171/155
f 153/170/154 169/198/178 154/172/156
f 147/173/157 161/197/177 162/199/179
f 155/174/158 169/198/178 170/200/180
f 147/173/157 163/201/181 148/175/159
f 155/174/158 171/202/182 156/176/160
f 149/177/161 163/201/181 164/187/169
f 160/195/175 176/203/183 161/197/177
f 168/196/176 184/204/184 169/198/178
f 162/199/179 176/203/183 177/205/185
f 170/200/180 184/204/184 185/206/186
f 162/199/179 178/207/187 163/201/181
f 171/202/182 185/206/186 186/208/188
f 163/201/181 179/209/189 164/187/169
f 171/202/182 187/210/190 172/186/168
f 165/188/170 179/209/189 180/211/191
f 158/190/171 82/212/30 173/213/192
f 308/214/31 172/186/168 187/210/190
f 165/188/170 181/215/193 166/192/172
f 159/193/173 173/213/192 174/216/194
f 166/192/172 182/217/195 167/194/174
f 159/193/173 175/218/196 160/195/175
f 168/196/176 182/217/195 183/219/197
f 180/211/191 194/220/198 195/221/199
f 173/213/192 82/222/30 188/223/200
f 308/224/31 187/210/190 202/225/201
f 180/211/191 196/226/202 181/215/193
f 173/213/192 189/227/203 174/216/194
f 182/217/195 196/226/202 197/228/204
f 175/218/196 189/227/203 190/229/205
f 182/217/195 198/230/206 183/219/197
f 176/203/183 190/229/205 191/231/207
f 184/204/184 198/230/206 199/232/208
f 176/203/183 192/233/209 177/205/185
f 184/204/184 200/234/210 185/206/186
f 178/207/187 192/233/209 193/235/211
f 185/206/186 201/236/212 186/208/188
f 178/207/187 194/220/198 179/209/189
f 187/210/190 201/236/212 202/225/201
f 199/232/208 213/237/213 214/238/214
f 191/231/207 207/239/215 192/233/209
f 200/234/210 214/238/214 215/240/216
f 192/233/209 208/241/217 193/235/211
f 201/236/212 215/240/216 216/242/218
f 193/235/211 209/243/219 194/220/198
f 202/225/201 216/242/218 217/244/220
f 194/220/198 210/245/221 195/221/199
f 188/223/200 82/246/30 203/247/222
f 308/248/31 202/225/201 217/244/220
f 195/221/199 211/249/223 196/226/202
f 188/223/200 204/250/224 189/227/203
f 197/228/204 211/249/223 212/251/225
f 189/227/203 205/252/226 190/229/205
f 198/230/206 212/251/225 213/237/213
f 190/229/205 206/253/227 191/231/207
f 203/247/222 82/254/30 218/255/228
f 308/256/31 217/244/220 232/257/229
f 210/245/221 226/258/230 211/249/223
f 203/247/222 219/259/231 204/250/224
f 212/251/225 226/258/230 227/260/232
f 205/252/226 219/259/231 220/261/233
f 213/237/213 227/260/232 228/262/234
f 205/252/226 221/263/235 206/253/227
f 213/237/213 229/264/236 214/238/214
f 207/239/215 221/263/235 222/265/237
f 215/240/216 229/264/236 230/266/238
f 207/239/215 223/267/239 208/241/217
f 215/240/216 231/268/240 216/242/218
f 208/241/217 224/269/241 209/243/219
f 217/244/220 231/268/240 232/257/229
f 210/245/221 224/269/241 225/270/242
f 221/263/235 237/271/243 222/265/237
f 230/266/238 244/272/244 245/273/245
f 222/265/237 238/274/246 223/267/239
f 230/266/238 246/275/247 231/268/240
f 223/267/239 239/276/248 224/269/241
f 232/257/229 246/275/247 247/277/249
f 225/270/242 239/276/248 240/278/250
f 218/255/228 82/279/30 233/280/251
f 308/281/31 232/257/229 247/277/249
f 225/270/242 241/282/252 226/258/230
f 218/255/228 234/283/253 219/259/231
f 227/260/232 241/282/252 242/284/254
f 220/261/233 234/283/253 235/285/255
f 227/260/232 243/286/256 228/262/234
f 220/261/233 236/287/257 221/263/235
f 229/264/236 243/286/256 244/272/244
f 240/278/250 256/288/258 241/282/252
f 234/283/253 248/289/259 249/290/260
f 241/282/252 257/291/261 242/284/254
f 234/283/253 250/292/262 235/285/255
f 242/284/254 258/293/263 243/286/256
f 236/287/257 250/292/262 251/294/264
f 243/286/256 259/295/265 244/272/244
f 237/271/243 251/294/264 252/296/266
f 244/272/244 260/297/267 245/273/245
f 237/271/243 253/298/268 238/274/246
f 245/273/245 261/299/269 246/275/247
f 239/276/248 253/298/268 254/300/270
f 246/275/247 262/301/271 247/277/249
f 240/278/250 254/300/270 255/302/272
f 233/280/251 82/303/30 248/289/259
f 308/304/31 247/277/249 262/301/271
f 259/295/265 275/305/273 260/297/267
f 252/296/266 268/306/274 253/298/268
f 261/299/269 275/305/273 276/307/275
f 254/300/270 268/306/274 269/308/276
f 261/299/269 277/309/277 262/301/271
f 255/302/272 269/308/276 270/310/278
f 248/289/259 82/311/30 263/312/279
f 308/313/31 262/301/271 277/309/277
f 255/302/272 271/314/280 256/288/258
f 249/290/260 263/312/279 264/315/281
f 256/288/258 272/316/282 257/291/261
f 249/290/260 265/317/283 250/292/262
f 258/293/263 272/316/282 273/318/284
f 251/294/264 265/317/283 266/319/285
f 259/295/265 273/318/284 274/320/286
f 251/294/264 267/321/287 252/296/266
f 271/314/280 287/322/288 272/316/282
f 264/315/281 280/323/289 265/317/283
f 273/318/284 287/322/288 288/324/290
f 265/317/283 281/325/291 266/319/285
f 273/318/284 289/326/292 274/320/286
f 267/321/287 281/325/291 282/327/293
f 275/305/273 289/326/292 290/328/294
f 267/321/287 283/329/295 268/306/274
f 275/305/273 291/330/296 276/307/275
f 269/308/276 283/329/295 284/331/297
f 276/307/275 292/332/298 277/309/277
f 269/308/276 285/333/299 270/310/278
f 263/312/279 82/334/30 278/335/300
f 308/336/31 277/309/277 292/332/298
f 270/310/278 286/337/301 271/314/280
f 264/315/281 278/335/300 279/338/302
f 291/330/296 305/339/303 306/340/304
f 284/331/297 298/341/305 299/342/306
f 291/330/296 307/343/307 292/332/298
f 285/333/299 299/342/306 300/344/308
f 278/335/300 82/345/30 293/346/309
f 308/347/31 292/332/298 307/343/307
f 285/333/299 301/348/310 286/337/301
f 279/338/302 293/346/309 294/349/311
f 286/337/301 302/350/312 287/322/288
f 279/338/302 295/351/313 280/323/289
f 288/324/290 302/350/312 303/352/314
f 280/323/289 296/353/315 281/325/291
f 288/324/290 304/354/316 289/326/292
f 282/327/293 296/353/315 297/355/317
f 290/328/294 304/354/316 305/339/303
f 282/327/293 298/341/305 283/329/295
f 295/351/313 310/356/318 311/357/319
f 303/352/314 318/358/320 319/359/321
f 296/353/315 311/357/319 312/360/322
f 304/354/316 319/359/321 320/361/323
f 296/353/315 313/362/324 297/355/317
f 304/354/316 321/363/325 305/339/303
f 297/355/317 314/364/326 298/341/305
f 305/339/303 322/365/327 306/340/304
f 299/342/306 314/364/326 315/366/328
f 307/343/307 322/365/327 323/367/329
f 300/344/308 315/366/328 316/368/330
f 293/346/309 82/369/30 309/370/331
f 308/371/31 307/343/307 323/367/329
f 300/344/308 317/372/332 301/348/310
f 293/346/309 310/356/318 294/349/311
f 301/348/310 318/358/320 302/350/312
f 315/366/328 329/373/333 330/374/334
f 323/367/329 337/375/335 338/376/336
f 316/368/330 330/374/334 331/377/337
f 309/370/331 82/378/30 324/379/338
f 308/380/31 323/367/329 338/376/336
f 316/368/330 332/381/339 317/372/332
f 309/370/331 325/382/340 310/356/318
f 317/372/332 333/383/341 318/358/320
f 310/356/318 326/384/342 311/357/319
f 319/359/321 333/383/341 334/385/343
f 311/357/319 327/386/344 312/360/322
f 320/361/323 334/385/343 335/387/345
f 312/360/322 328/388/346 313/362/324
f 321/363/325 335/387/345 336/389/347
f 313/362/324 329/373/333 314/364/326
f 322/365/327 336/389/347 337/375/335
f 334/385/343 348/390/348 349/391/349
f 326/384/342 342/392/350 327/386/344
f 334/385/343 350/393/351 335/387/345
f 328/388/346 342/392/350 343/394/352
f 336/389/347 350/393/351 351/395/353
f 328/388/346 344/396/354 329/373/333
f 336/389/347 352/397/355 337/375/335
f 330/374/334 344/396/354 345/398/356
f 338/376/336 352/397/355 353/399/357
f 330/374/334 346/400/358 331/377/337
f 324/379/338 82/401/30 339/402/359
f 308/403/31 338/376/336 353/399/357
f 332/381/339 346/400/358 347/404/360
f 324/379/338 340/405/361 325/382/340
f 332/381/339 348/390/348 333/383/341
f 326/384/342 340/405/361 341/406/362
f 353/399/357 367/407/363 368/408/364
f 345/398/356 361/409/365 346/400/358
f 339/402/359 82/410/30 354/411/366
f 308/412/31 353/399/357 368/408/364
f 347/404/360 361/409/365 362/413/367
f 339/402/359 355/414/368 340/405/361
f 347/404/360 363/415/369 348/390/348
f 340/405/361 356/416/370 341/406/362
f 349/391/349 363/415/369 364/417/371
f 341/406/362 357/418/372 342/392/350
f 349/391/349 365/419/373 350/393/351
f 343/394/352 357/418/372 358/420/374
f 351/395/353 365/419/373 366/421/375
f 343/394/352 359/422/376 344/396/354
f 351/395/353 367/407/363 352/397/355
f 345/398/356 359/422/376 360/423/377
f 357/424/372 371/425/378 372/426/379
f 364/427/371 380/428/380 365/429/373
f 358/430/374 372/426/379 373/431/381
f 365/429/373 381/432/382 366/433/375
f 358/430/374 374/434/383 359/435/376
f 366/433/375 382/436/384 367/437/363
f 360/438/377 374/434/383 375/439/385
f 367/437/363 383/440/386 368/441/364
f 361/442/365 375/439/385 376/443/387
f 354/444/366 82/445/30 369/446/388
f 308/447/31 368/441/364 383/440/386
f 361/442/365 377/448/389 362/449/367
f 355/450/368 369/446/388 370/451/390
f 362/449/367 378/452/391 363/453/369
f 355/450/368 371/425/378 356/454/370
f 363/453/369 379/455/392 364/427/371
f 376/443/387 390/456/393 391/457/394
f 369/446/388 82/458/30 384/459/395
f 308/460/31 383/440/386 398/461/396
f 376/443/387 392/462/397 377/448/389
f 370/451/390 384/459/395 385/463/398
f 377/448/389 393/464/399 378/452/391
f 370/451/390 386/465/400 371/425/378
f 379/455/392 393/464/399 394/466/401
f 371/425/378 387/467/402 372/426/379
f 380/428/380 394/466/401 395/468/403
f 372/426/379 388/469/404 373/431/381
f 381/432/382 395/468/403 396/470/405
f 373/431/381 389/471/406 374/434/383
f 382/436/384 396/470/405 397/472/407
f 375/439/385 389/471/406 390/456/393
f 382/436/384 398/461/396 383/440/386
f 394/466/401 410/473/408 395/468/403
f 388/469/404 402/474/409 403/475/410
f 395/468/403 411/476/411 396/470/405
f 388/469/404 404/477/412 389/471/406
f 397/472/407 411/476/411 412/478/413
f 389/471/406 405/479/414 390/456/393
f 398/461/396 412/478/413 413/480/415
f 391/457/394 405/479/414 406/481/416
f 384/459/395 82/482/30 399/483/417
f 308/484/31 398/461/396 413/480/415
f 391/457/394 407/485/418 392/462/397
f 384/459/395 400/486/419 385/463/398
f 393/464/399 407/485/418 408/487/420
f 385/463/398 401/488/421 386/465/400
f 394/466/401 408/487/420 409/489/422
f 387/467/402 401/488/421 402/474/409
f 308/490/31 413/480/415 428/491/423
f 406/481/416 422/492/424 407/485/418
f 400/486/419 414/493/425 415/494/426
f 408/487/420 422/492/424 423/495/427
f 401/488/421 415/494/426 416/496/428
f 409/489/422 423/495/427 424/497/429
f 401/488/421 417/498/430 402/474/409
f 409/489/422 425/499/431 410/473/408
f 403/475/410 417/498/430 418/500/432
f 411/476/411 425/499/431 426/501/433
f 403/475/410 419/502/434 404/477/412
f 411/476/411 427/503/435 412/478/413
f 405/479/414 419/502/434 420/504/436
f 412/478/413 428/491/423 413/480/415
f 406/481/416 420/504/436 421/505/437
f 399/483/417 82/506/30 414/493/425
f 425/499/431 441/507/438 426/501/433
f 418/500/432 434/508/439 419/502/434
f 427/503/435 441/507/438 442/509/440
f 420/504/436 434/508/439 435/510/441
f 428/491/423 442/509/440 443/511/442
f 420/504/436 436/512/443 421/505/437
f 414/493/425 82/513/30 429/514/444
f 308/515/31 428/491/423 443/511/442
f 422/492/424 436/512/443 437/516/445
f 414/493/425 430/517/446 415/494/426
f 422/492/424 438/518/447 423/495/427
f 415/494/426 431/519/448 416/496/428
f 424/497/429 438/518/447 439/520/449
f 417/498/430 431/519/448 432/521/450
f 425/499/431 439/520/449 440/522/451
f 417/498/430 433/523/452 418/500/432
f 429/514/444 445/524/453 430/517/446
f 437/516/445 453/525/454 438/518/447
f 430/517/446 446/526/455 431/519/448
f 439/520/449 453/525/454 454/527/456
f 431/519/448 447/528/457 432/521/450
f 440/522/451 454/527/456 455/529/458
f 432/521/450 448/530/459 433/523/452
f 441/507/438 455/529/458 456/531/460
f 433/523/452 449/532/461 434/508/439
f 442/509/440 456/531/460 457/533/462
f 435/510/441 449/532/461 450/534/463
f 443/511/442 457/533/462 458/535/464
f 436/512/443 450/534/463 451/536/465
f 429/514/444 82/537/30 444/538/466
f 308/539/31 443/511/442 458/535/464
f 436/512/443 452/540/467 437/516/445
f 448/530/459 464/541/468 449/532/461
f 456/531/460 472/542/469 457/533/462
f 450/534/463 464/541/468 465/543/470
f 457/533/462 473/544/471 458/535/464
f 450/534/463 466/545/472 451/536/465
f 444/538/466 82/546/30 459/547/473
f 308/548/31 458/535/464 473/544/471
f 452/540/467 466/545/472 467/549/474
f 445/524/453 459/547/473 460/550/475
f 452/540/467 468/551/476 453/525/454
f 446/526/455 460/550/475 461/552/477
f 454/527/456 468/551/476 469/553/478
f 447/528/457 461/552/477 462/554/479
f 454/527/456 470/555/480 455/529/458
f 448/530/459 462/554/479 463/556/481
f 455/529/458 471/557/482 456/531/460
f 467/549/474 478/6/6 468/551/476
f 461/552/477 475/1/1 1/8/8
f 469/553/478 478/6/6 6/9/9
f 461/552/477 476/11/11 462/554/479
f 469/553/478 479/13/13 470/555/480
f 463/556/481 476/11/11 2/16/16
f 471/557/482 479/13/13 480/18/18
f 463/556/481 477/20/20 464/541/468
f 471/557/482 481/22/22 472/542/469
f 465/543/470 477/20/20 3/23/23
f 473/544/471 481/22/22 482/26/26
f 465/543/470 4/28/28 466/545/472
f 459/547/473 82/558/30 474/29/29
f 308/559/31 473/544/471 482/26/26
f 467/549/474 4/28/28 5/4/4
f 459/547/473 475/1/1 460/550/475
f 475/1/1 474/29/29 7/2/2
f 5/4/4 15/32/32 16/5/5
f 475/1/1 8/3/3 9/7/7
f 6/9/9 478/6/6 16/5/5
f 476/11/11 1/8/8 9/7/7
f 479/13/13 6/9/9 17/10/10
f 476/11/11 10/12/12 11/15/15
f 479/13/13 18/14/14 19/17/17
f 2/16/16 11/15/15 12/19/19
f 480/18/18 19/17/17 20/21/21
f 3/23/23 477/20/20 12/19/19
f 481/22/22 20/21/21 21/25/25
f 3/23/23 13/24/24 14/27/27
f 5/4/4 4/28/28 14/27/27
f 15/32/32 14/27/27 29/37/35
f 8/3/3 7/2/2 22/34/33
f 16/5/5 15/32/32 30/38/36
f 8/3/3 23/39/37 24/41/39
f 17/10/10 16/5/5 31/40/38
f 10/12/12 9/7/7 24/41/39
f 17/10/10 32/42/40 33/44/42
f 10/12/12 25/43/41 26/45/43
f 18/14/14 33/44/42 34/46/44
f 11/15/15 26/45/43 27/47/45
f 20/21/21 19/17/17 34/46/44
f 12/19/19 27/47/45 28/49/47
f 20/21/21 35/48/46 36/36/34
f 13/24/24 28/49/47 29/37/35
f 26/45/43 25/43/41 40/50/48
f 34/46/44 33/44/42 48/52/50
f 26/45/43 41/51/49 42/54/52
f 34/46/44 49/53/51 50/55/53
f 28/49/47 27/47/45 42/54/52
f 35/48/46 50/55/53 51/57/55
f 28/49/47 43/56/54 44/58/56
f 29/37/35 44/58/56 45/62/58
f 23/39/37 22/34/33 37/60/57
f 30/38/36 45/62/58 46/64/60
f 24/41/39 23/39/37 38/63/59
f 32/42/40 31/40/38 46/64/60
f 24/41/39 39/65/61 40/50/48
f 32/42/40 47/66/62 48/52/50
f 44/58/56 59/81/77 60/67/63
f 38/63/59 37/60/57 52/68/64
f 45/62/58 60/67/63 61/70/66
f 38/63/59 53/69/65 54/71/67
f 47/66/62 46/64/60 61/70/66
f 39/65/61 54/71/67 55/73/69
f 47/66/62 62/72/68 63/74/70
f 41/51/49 40/50/48 55/73/69
f 49/53/51 48/52/50 63/74/70
f 41/51/49 56/75/71 57/77/73
f 50/55/53 49/53/51 64/76/72
f 43/56/54 42/54/52 57/77/73
f 50/55/53 65/78/74 66/80/76
f 44/58/56 43/56/54 58/79/75
f 63/74/70 78/100/92 79/84/78
f 57/77/73 56/75/71 71/85/79
f 64/76/72 79/84/78 80/87/81
f 57/77/73 72/86/80 73/88/82
f 66/80/76 65/78/74 80/87/81
f 59/81/77 58/79/75 73/88/82
f 59/81/77 74/90/84 75/94/86
f 52/68/64 67/92/85 68/95/87
f 60/67/63 75/94/86 76/96/88
f 54/71/67 53/69/65 68/95/87
f 61/70/66 76/96/88 77/98/90
f 55/73/69 54/71/67 69/97/89
f 63/74/70 62/72/68 77/98/90
f 55/73/69 70/99/91 71/85/79
f 67/92/85 83/116/107 84/101/93
f 76/96/88 75/94/86 91/102/94
f 68/95/87 84/101/93 85/104/96
f 76/96/88 92/103/95 93/105/97
f 69/97/89 85/104/96 86/106/98
f 78/100/92 77/98/90 93/105/97
f 70/99/91 86/106/98 87/108/100
f 79/84/78 78/100/92 94/107/99
f 72/86/80 71/85/79 87/108/100
f 80/87/81 79/84/78 95/109/101
f 72/86/80 88/110/102 89/112/104
f 81/89/83 80/87/81 96/111/103
f 74/90/84 73/88/82 89/112/104
f 74/90/84 90/114/106 91/102/94
f 88/110/102 87/108/100 102/118/108
f 95/109/101 110/134/122 111/120/110
f 89/112/104 88/110/102 103/119/109
f 97/113/105 96/111/103 111/120/110
f 90/114/106 89/112/104 104/121/111
f 90/114/106 105/123/113 106/127/115
f 83/116/107 98/125/114 99/128/116
f 91/102/94 106/127/115 107/129/117
f 85/104/96 84/101/93 99/128/116
f 92/103/95 107/129/117 108/131/119
f 85/104/96 100/130/118 101/132/120
f 93/105/97 108/131/119 109/133/121
f 86/106/98 101/132/120 102/118/108
f 95/109/101 94/107/99 109/133/121
f 107/129/117 106/127/115 121/135/123
f 99/128/116 114/151/137 115/137/125
f 108/131/119 107/129/117 122/136/124
f 100/130/118 115/137/125 116/139/127
f 109/133/121 108/131/119 123/138/126
f 101/132/120 116/139/127 117/141/129
f 110/134/122 109/133/121 124/140/128
f 102/118/108 117/141/129 118/143/131
f 110/134/122 125/142/130 126/144/132
f 103/119/109 118/143/131 119/145/133
f 112/122/112 111/120/110 126/144/132
f 105/123/113 104/121/111 119/145/133
f 105/123/113 120/147/135 121/135/123
f 98/125/114 113/149/136 114/151/137
f 125/142/130 140/168/152 141/152/138
f 119/145/133 118/143/131 133/153/139
f 126/144/132 141/152/138 142/155/141
f 119/145/133 134/154/140 135/156/142
f 121/135/123 120/147/135 135/156/142
f 114/151/137 113/149/136 128/158/143
f 121/135/123 136/160/144 137/162/146
f 114/151/137 129/161/145 130/163/147
f 122/136/124 137/162/146 138/164/148
f 116/139/127 115/137/125 130/163/147
f 123/138/126 138/164/148 139/166/150
f 117/141/129 116/139/127 131/165/149
f 124/140/128 139/166/150 140/168/152
f 117/141/129 132/167/151 133/153/139
f 138/164/148 137/162/146 152/169/153
f 130/163/147 145/185/167 146/171/155
f 139/166/150 138/164/148 153/170/154
f 131/165/149 146/171/155 147/173/157
f 139/166/150 154/172/156 155/174/158
f 132/167/151 147/173/157 148/175/159
f 141/152/138 140/168/152 155/174/158
f 133/153/139 148/175/159 149/177/161
f 141/152/138 156/176/160 157/178/162
f 134/154/140 149/177/161 150/179/163
f 136/160/144 135/156/142 150/179/163
f 129/161/145 128/158/143 143/181/164
f 137/162/146 136/160/144 151/183/165
f 129/161/145 144/184/166 145/185/167
f 156/176/160 171/202/182 172/186/168
f 150/179/163 149/177/161 164/187/169
f 150/179/163 165/188/170 166/192/172
f 144/184/166 143/181/164 158/190/171
f 151/183/165 166/192/172 167/194/174
f 145/185/167 144/184/166 159/193/173
f 153/170/154 152/169/153 167/194/174
f 145/185/167 160/195/175 161/197/177
f 153/170/154 168/196/176 169/198/178
f 147/173/157 146/171/155 161/197/177
f 155/174/158 154/172/156 169/198/178
f 147/173/157 162/199/179 163/201/181
f 155/174/158 170/200/180 171/202/182
f 149/177/161 148/175/159 163/201/181
f 160/195/175 175/218/196 176/203/183
f 168/196/176 183/219/197 184/204/184
f 162/199/179 161/197/177 176/203/183
f 170/200/180 169/198/178 184/204/184
f 162/199/179 177/205/185 178/207/187
f 171/202/182 170/200/180 185/206/186
f 163/201/181 178/207/187 179/209/189
f 171/202/182 186/208/188 187/210/190
f 165/188/170 164/187/169 179/209/189
f 165/188/170 180/211/191 181/215/193
f 159/193/173 158/190/171 173/213/192
f 166/192/172 181/215/193 182/217/195
f 159/193/173 174/216/194 175/218/196
f 168/196/176 167/194/174 182/217/195
f 180/211/191 179/209/189 194/220/198
f 180/211/191 195/221/199 196/226/202
f 173/213/192 188/223/200 189/227/203
f 182/217/195 181/215/193 196/226/202
f 175/218/196 174/216/194 189/227/203
f 182/217/195 197/228/204 198/230/206
f 176/203/183 175/218/196 190/229/205
f 184/204/184 183/219/197 198/230/206
f 176/203/183 191/231/207 192/233/209
f 184/204/184 199/232/208 200/234/210
f 178/207/187 177/205/185 192/233/209
f 185/206/186 200/234/210 201/236/212
f 178/207/187 193/235/211 194/220/198
f 187/210/190 186/208/188 201/236/212
f 199/232/208 198/230/206 213/237/213
f 191/231/207 206/253/227 207/239/215
f 200/234/210 199/232/208 214/238/214
f 192/233/209 207/239/215 208/241/217
f 201/236/212 200/234/210 215/240/216
f 193/235/211 208/241/217 209/243/219
f 202/225/201 201/236/212 216/242/218
f 194/220/198 209/243/219 210/245/221
f 195/221/199 210/245/221 211/249/223
f 188/223/200 203/247/222 204/250/224
f 197/228/204 196/226/202 211/249/223
f 189/227/203 204/250/224 205/252/226
f 198/230/206 197/228/204 212/251/225
f 190/229/205 205/252/226 206/253/227
f 210/245/221 225/270/242 226/258/230
f 203/247/222 218/255/228 219/259/231
f 212/251/225 211/249/223 226/258/230
f 205/252/226 204/250/224 219/259/231
f 213/237/213 212/251/225 227/260/232
f 205/252/226 220/261/233 221/263/235
f 213/237/213 228/262/234 229/264/236
f 207/239/215 206/253/227 221/263/235
f 215/240/216 214/238/214 229/264/236
f 207/239/215 222/265/237 223/267/239
f 215/240/216 230/266/238 231/268/240
f 208/241/217 223/267/239 224/269/241
f 217/244/220 216/242/218 231/268/240
f 210/245/221 209/243/219 224/269/241
f 221/263/235 236/287/257 237/271/243
f 230/266/238 229/264/236 244/272/244
f 222/265/237 237/271/243 238/274/246
f 230/266/238 245/273/245 246/275/247
f 223/267/239 238/274/246 239/276/248
f 232/257/229 231/268/240 246/275/247
f 225/270/242 224/269/241 239/276/248
f 225/270/242 240/278/250 241/282/252
f 218/255/228 233/280/251 234/283/253
f 227/260/232 226/258/230 241/282/252
f 220/261/233 219/259/231 234/283/253
f 227/260/232 242/284/254 243/286/256
f 220/261/233 235/285/255 236/287/257
f 229/264/236 228/262/234 243/286/256
f 240/278/250 255/302/272 256/288/258
f 234/283/253 233/280/251 248/289/259
f 241/282/252 256/288/258 257/291/261
f 234/283/253 249/290/260 250/292/262
f 242/284/254 257/291/261 258/293/263
f 236/287/257 235/285/255 250/292/262
f 243/286/256 258/293/263 259/295/265
f 237/271/243 236/287/257 251/294/264
f 244/272/244 259/295/265 260/297/267
f 237/271/243 252/296/266 253/298/268
f 245/273/245 260/297/267 261/299/269
f 239/276/248 238/274/246 253/298/268
f 246/275/247 261/299/269 262/301/271
f 240/278/250 239/276/248 254/300/270
f 259/295/265 274/320/286 275/305/273
f 252/296/266 267/321/287 268/306/274
f 261/299/269 260/297/267 275/305/273
f 254/300/270 253/298/268 268/306/274
f 261/299/269 276/307/275 277/309/277
f 255/302/272 254/300/270 269/308/276
f 255/302/272 270/310/278 271/314/280
f 249/290/260 248/289/259 263/312/279
f 256/288/258 271/314/280 272/316/282
f 249/290/260 264/315/281 265/317/283
f 258/293/263 257/291/261 272/316/282
f 251/294/264 250/292/262 265/317/283
f 259/295/265 258/293/263 273/318/284
f 251/294/264 266/319/285 267/321/287
f 271/314/280 286/337/301 287/322/288
f 264/315/281 279/338/302 280/323/289
f 273/318/284 272/316/282 287/322/288
f 265/317/283 280/323/289 281/325/291
f 273/318/284 288/324/290 289/326/292
f 267/321/287 266/319/285 281/325/291
f 275/305/273 274/320/286 289/326/292
f 267/321/287 282/327/293 283/329/295
f 275/305/273 290/328/294 291/330/296
f 269/308/276 268/306/274 283/329/295
f 276/307/275 291/330/296 292/332/298
f 269/308/276 284/331/297 285/333/299
f 270/310/278 285/333/299 286/337/301
f 264/315/281 263/312/279 278/335/300
f 291/330/296 290/328/294 305/339/303
f 284/331/297 283/329/295 298/341/305
f 291/330/296 306/340/304 307/343/307
f 285/333/299 284/331/297 299/342/306
f 285/333/299 300/344/308 301/348/310
f 279/338/302 278/335/300 293/346/309
f 286/337/301 301/348/310 302/350/312
f 279/338/302 294/349/311 295/351/313
f 288/324/290 287/322/288 302/350/312
f 280/323/289 295/351/313 296/353/315
f 288/324/290 303/352/314 304/354/316
f 282/327/293 281/325/291 296/353/315
f 290/328/294 289/326/292 304/354/316
f 282/327/293 297/355/317 298/341/305
f 295/351/313 294/349/311 310/356/318
f 303/352/314 302/350/312 318/358/320
f 296/353/315 295/351/313 311/357/319
f 304/354/316 303/352/314 319/359/321
f 296/353/315 312/360/322 313/362/324
f 304/354/316 320/361/323 321/363/325
f 297/355/317 313/362/324 314/364/326
f 305/339/303 321/363/325 322/365/327
f 299/342/306 298/341/305 314/364/326
f 307/343/307 306/340/304 322/365/327
f 300/344/308 299/342/306 315/366/328
f 300/344/308 316/368/330 317/372/332
f 293/346/309 309/370/331 310/356/318
f 301/348/310 317/372/332 318/358/320
f 315/366/328 314/364/326 329/373/333
f 323/367/329 322/365/327 337/375/335
f 316/368/330 315/366/328 330/374/334
f 316/368/330 331/377/337 332/381/339
f 309/370/331 324/379/338 325/382/340
f 317/372/332 332/381/339 333/383/341
f 310/356/318 325/382/340 326/384/342
f 319/359/321 318/358/320 333/383/341
f 311/357/319 326/384/342 327/386/344
f 320/361/323 319/359/321 334/385/343
f 312/360/322 327/386/344 328/388/346
f 321/363/325 320/361/323 335/387/345
f 313/362/324 328/388/346 329/373/333
f 322/365/327 321/363/325 336/389/347
f 334/385/343 333/383/341 348/390/348
f 326/384/342 341/406/362 342/392/350
f 334/385/343 349/391/349 350/393/351
f 328/388/346 327/386/344 342/392/350
f 336/389/347 335/387/345 350/393/351
f 328/388/346 343/394/352 344/396/354
f 336/389/347 351/395/353 352/397/355
f 330/374/334 329/373/333 344/396/354
f 338/376/336 337/375/335 352/397/355
f 330/374/334 345/398/356 346/400/358
f 332/381/339 331/377/337 346/400/358
f 324/379/338 339/402/359 340/405/361
f 332/381/339 347/404/360 348/390/348
f 326/384/342 325/382/340 340/405/361
f 353/399/357 352/397/355 367/407/363
f 345/398/356 360/423/377 361/409/365
f 347/404/360 346/400/358 361/409/365
f 339/402/359 354/411/366 355/414/368
f 347/404/360 362/413/367 363/415/369
f 340/405/361 355/414/368 356/416/370
f 349/391/349 348/390/348 363/415/369
f 341/406/362 356/416/370 357/418/372
f 349/391/349 364/417/371 365/419/373
f 343/394/352 342/392/350 357/418/372
f 351/395/353 350/393/351 365/419/373
f 343/394/352 358/420/374 359/422/376
f 351/395/353 366/421/375 367/407/363
f 345/398/356 344/396/354 359/422/376
f 357/424/372 356/454/370 371/425/378
f 364/427/371 379/455/392 380/428/380
f 358/430/374 357/424/372 372/426/379
f 365/429/373 380/428/380 381/432/382
f 358/430/374 373/431/381 374/434/383
f 366/433/375 381/432/382 382/436/384
f 360/438/377 359/435/376 374/434/383
f 367/437/363 382/436/384 383/440/386
f 361/442/365 360/438/377 375/439/385
f 361/442/365 376/443/387 377/448/389
f 355/450/368 354/444/366 369/446/388
f 362/449/367 377/448/389 378/452/391
f 355/450/368 370/451/390 371/425/378
f 363/453/369 378/452/391 379/455/392
f 376/443/387 375/439/385 390/456/393
f 376/443/387 391/457/394 392/462/397
f 370/451/390 369/446/388 384/459/395
f 377/448/389 392/462/397 393/464/399
f 370/451/390 385/463/398 386/465/400
f 379/455/392 378/452/391 393/464/399
f 371/425/378 386/465/400 387/467/402
f 380/428/380 379/455/392 394/466/401
f 372/426/379 387/467/402 388/469/404
f 381/432/382 380/428/380 395/468/403
f 373/431/381 388/469/404 389/471/406
f 382/436/384 381/432/382 396/470/405
f 375/439/385 374/434/383 389/471/406
f 382/436/384 397/472/407 398/461/396
f 394/466/401 409/489/422 410/473/408
f 388/469/404 387/467/402 402/474/409
f 395/468/403 410/473/408 411/476/411
f 388/469/404 403/475/410 404/477/412
f 397/472/407 396/470/405 411/476/411
f 389/471/406 404/477/412 405/479/414
f 398/461/396 397/472/407 412/478/413
f 391/457/394 390/456/393 405/479/414
f 391/457/394 406/481/416 407/485/418
f 384/459/395 399/483/417 400/486/419
f 393/464/399 392/462/397 407/485/418
f 385/463/398 400/486/419 401/488/421
f 394/466/401 393/464/399 408/487/420
f 387/467/402 386/465/400 401/488/421
f 406/481/416 421/505/437 422/492/424
f 400/486/419 399/483/417 414/493/425
f 408/487/420 407/485/418 422/492/424
f 401/488/421 400/486/419 415/494/426
f 409/489/422 408/487/420 423/495/427
f 401/488/421 416/496/428 417/498/430
f 409/489/422 424/497/429 425/499/431
f 403/475/410 402/474/409 417/498/430
f 411/476/411 410/473/408 425/499/431
f 403/475/410 418/500/432 419/502/434
f 411/476/411 426/501/433 427/503/435
f 405/479/414 404/477/412 419/502/434
f 412/478/413 427/503/435 428/491/423
f 406/481/416 405/479/414 420/504/436
f 425/499/431 440/522/451 441/507/438
f 418/500/432 433/523/452 434/508/439
f 427/503/435 426/501/433 441/507/438
f 420/504/436 419/502/434 434/508/439
f 428/491/423 427/503/435 442/509/440
f 420/504/436 435/510/441 436/512/443
f 422/492/424 421/505/437 436/512/443
f 414/493/425 429/514/444 430/517/446
f 422/492/424 437/516/445 438/518/447
f 415/494/426 430/517/446 431/519/448
f 424/497/429 423/495/427 438/518/447
f 417/498/430 416/496/428 431/519/448
f 425/499/431 424/497/429 439/520/449
f 417/498/430 432/521/450 433/523/452
f 429/514/444 444/538/466 445/524/453
f 437/516/445 452/540/467 453/525/454
f 430/517/446 445/524/453 446/526/455
f 439/520/449 438/518/447 453/525/454
f 431/519/448 446/526/455 447/528/457
f 440/522/451 439/520/449 454/527/456
f 432/521/450 447/528/457 448/530/459
f 441/507/438 440/522/451 455/529/458
f 433/523/452 448/530/459 449/532/461
f 442/509/440 441/507/438 456/531/460
f 435/510/441 434/508/439 449/532/461
f 443/511/442 442/509/440 457/533/462
f 436/512/443 435/510/441 450/534/463
f 436/512/443 451/536/465 452/540/467
f 448/530/459 463/556/481 464/541/468
f 456/531/460 471/557/482 472/542/469
f 450/534/463 449/532/461 464/541/468
f 457/533/462 472/542/469 473/544/471
f 450/534/463 465/543/470 466/545/472
f 452/540/467 451/536/465 466/545/472
f 445/524/453 444/538/466 459/547/473
f 452/540/467 467/549/474 468/551/476
f 446/526/455 445/524/453 460/550/475
f 454/527/456 453/525/454 468/551/476
f 447/528/457 446/526/455 461/552/477
f 454/527/456 469/553/478 470/555/480
f 448/530/459 447/528/457 462/554/479
f 455/529/458 470/555/480 471/557/482
f 467/549/474 5/4/4 478/6/6
f 461/552/477 460/550/475 475/1/1
f 469/553/478 468/551/476 478/6/6
f 461/552/477 1/8/8 476/11/11
f 469/553/478 6/9/9 479/13/13
f 463/556/481 462/554/479 476/11/11
f 471/557/482 470/555/480 479/13/13
f 463/556/481 2/16/16 477/20/20
f 471/557/482 480/18/18 481/22/22
f 465/543/470 464/541/468 477/20/20
f 473/544/471 472/542/469 481/22/22
f 465/543/470 3/23/23 4/28/28
f 467/549/474 466/545/472 4/28/28
f 459/547/473 474/29/29 475/1/1
usemtl Material.008
f 516/560/483 515/272/30 517/561/484
f 517/561/484 515/272/30 518/562/485
f 518/562/485 515/272/30 519/563/486
f 519/563/486 515/272/30 520/564/487
f 520/564/487 515/272/30 521/565/488
f 521/565/488 515/272/30 522/566/489
f 522/566/489 515/272/30 523/567/490
f 523/567/490 515/272/30 524/568/491
f 524/568/491 515/272/30 525/569/492
f 525/569/492 515/272/30 526/570/493
f 526/570/493 515/272/30 527/571/494
f 527/571/494 515/272/30 528/572/495
f 528/572/495 515/272/30 529/573/496
f 529/573/496 515/272/30 530/574/497
f 530/574/497 515/272/30 531/575/498
f 531/575/498 515/272/30 532/576/499
f 532/576/499 515/272/30 533/577/500
f 533/577/500 515/272/30 534/578/501
f 534/578/501 515/272/30 535/579/502
f 535/579/502 515/272/30 536/580/503
f 536/580/503 515/272/30 537/581/504
f 537/581/504 515/272/30 538/582/505
f 538/582/505 515/272/30 539/583/506
f 539/583/506 515/272/30 540/584/507
f 540/584/507 515/272/30 541/585/508
f 541/585/508 515/272/30 542/586/509
f 542/586/509 515/272/30 543/587/510
f 543/587/510 515/272/30 544/588/511
f 544/588/511 515/272/30 545/589/512
f 545/589/512 515/272/30 546/590/513
s 0
f 484/591/28 485/592/28 500/593/28
s 1
f 546/590/513 515/272/30 547/594/514
f 547/594/514 515/272/30 516/560/483
f 549/595/31 516/596/31 517/597/31
f 550/598/31 517/597/31 518/599/31
f 551/600/31 518/599/31 519/601/31
f 552/602/31 519/601/31 520/603/31
f 552/602/31 521/604/31 553/605/31
f 553/605/31 522/606/31 554/607/31
f 554/607/31 523/608/31 555/609/31
f 555/609/31 524/610/31 556/611/31
f 557/612/31 524/610/31 525/613/31
f 558/614/31 525/613/31 526/615/31
f 559/616/31 526/615/31 527/617/31
f 560/618/31 527/617/31 528/619/31
f 560/618/31 529/620/31 561/621/31
f 561/621/31 530/622/31 562/623/31
f 562/623/31 531/624/31 563/625/31
f 563/625/31 532/626/31 564/627/31
f 565/628/31 532/626/31 533/629/31
f 566/630/31 533/629/31 534/631/31
f 567/632/31 534/631/31 535/633/31
f 568/634/31 535/633/31 536/635/31
f 568/634/31 537/636/31 569/637/31
f 569/637/31 538/638/31 570/639/31
f 570/639/31 539/640/31 571/641/31
f 571/641/31 540/642/31 572/643/31
f 573/644/31 540/642/31 541/645/31
f 574/646/31 541/645/31 542/647/31
f 575/648/31 542/647/31 543/649/31
f 576/650/31 543/649/31 544/651/31
f 576/650/31 545/652/31 577/653/31
f 577/653/31 546/654/31 578/655/31
f 578/655/31 547/656/31 579/657/31
f 579/657/31 516/596/31 548/658/31
f 484/591/515 548/658/516 549/595/517
f 485/592/518 549/595/517 550/598/519
f 486/659/520 550/598/519 551/600/521
f 487/660/522 551/600/521 552/602/523
f 488/661/524 552/602/523 553/605/525
f 489/662/526 553/605/525 554/607/527
f 490/663/528 554/607/527 555/609/529
f 491/664/530 555/609/529 556/611/531
f 492/665/532 556/611/531 557/612/533
f 493/666/534 557/612/533 558/614/535
f 494/667/536 558/614/535 559/616/537
f 495/668/538 559/616/537 560/618/539
f 496/669/540 560/618/539 561/621/541
f 497/670/542 561/621/541 562/623/543
f 498/671/544 562/623/543 563/625/545
f 499/672/546 563/625/545 564/627/547
f 500/593/548 564/627/547 565/628/549
f 501/673/550 565/628/549 566/630/551
f 502/674/552 566/630/551 567/632/553
f 503/675/554 567/632/553 568/634/555
f 504/676/556 568/634/555 569/637/557
f 505/677/558 569/637/557 570/639/559
f 506/678/560 570/639/559 571/641/561
f 507/679/562 571/641/561 572/643/563
f 508/680/564 572/643/563 573/644/565
f 509/681/566 573/644/565 574/646/567
f 510/682/568 574/646/567 575/648/569
f 511/683/570 575/648/569 576/650/571
f 512/684/572 576/650/571 577/653/573
f 513/685/574 577/653/573 578/655/575
f 514/686/576 578/655/575 579/657/577
f 483/687/578 579/657/577 548/658/516
s 0
f 514/686/28 483/687/28 484/591/28
f 485/592/28 486/659/28 487/660/28
f 513/685/28 514/686/28 484/591/28
f 485/592/28 487/660/28 488/661/28
f 512/684/28 513/685/28 484/591/28
f 485/592/28 488/661/28 489/662/28
f 511/683/28 512/684/28 484/591/28
f 485/592/28 489/662/28 490/663/28
f 510/682/28 511/683/28 484/591/28
f 485/592/28 490/663/28 491/664/28
f 509/681/28 510/682/28 484/591/28
f 485/592/28 491/664/28 492/665/28
f 508/680/28 509/681/28 484/591/28
f 485/592/28 492/665/28 493/666/28
f 507/679/28 508/680/28 484/591/28
f 485/592/28 493/666/28 494/667/28
f 506/678/28 507/679/28 484/591/28
f 485/592/28 494/667/28 495/668/28
f 505/677/28 506/678/28 484/591/28
f 485/592/28 495/668/28 496/669/28
f 504/676/28 505/677/28 484/591/28
f 485/592/28 496/669/28 497/670/28
f 503/675/28 504/676/28 484/591/28
f 485/592/28 497/670/28 498/671/28
f 502/674/28 503/675/28 484/591/28
f 485/592/28 498/671/28 499/672/28
f 501/673/28 502/674/28 484/591/28
f 485/592/28 499/672/28 500/593/28
f 500/593/28 501/673/28 484/591/28
s 1
f 549/595/31 548/658/31 516/596/31
f 550/598/31 549/595/31 517/597/31
f 551/600/31 550/598/31 518/599/31
f 552/602/31 551/600/31 519/601/31
f 552/602/31 520/603/31 521/604/31
f 553/605/31 521/604/31 522/606/31
f 554/607/31 522/606/31 523/608/31
f 555/609/31 523/608/31 524/610/31
f 557/612/31 556/611/31 524/610/31
f 558/614/31 557/612/31 525/613/31
f 559/616/31 558/614/31 526/615/31
f 560/618/31 559/616/31 527/617/31
f 560/618/31 528/619/31 529/620/31
f 561/621/31 529/620/31 530/622/31
f 562/623/31 530/622/31 531/624/31
f 563/625/31 531/624/31 532/626/31
f 565/628/31 564/627/31 532/626/31
f 566/630/31 565/628/31 533/629/31
f 567/632/31 566/630/31 534/631/31
f 568/634/31 567/632/31 535/633/31
f 568/634/31 536/635/31 537/636/31
f 569/637/31 537/636/31 538/638/31
f 570/639/31 538/638/31 539/640/31
f 571/641/31 539/640/31 540/642/31
f 573/644/31 572/643/31 540/642/31
f 574/646/31 573/644/31 541/645/31
f 575/648/31 574/646/31 542/647/31
f 576/650/31 575/648/31 543/649/31
f 576/650/31 544/651/31 545/652/31
f 577/653/31 545/652/31 546/654/31
f 578/655/31 546/654/31 547/656/31
f 579/657/31 547/656/31 516/596/31
f 484/591/515 483/687/578 548/658/516
f 485/592/518 484/591/515 549/595/517
f 486/659/520 485/592/518 550/598/519
f 487/660/522 486/659/520 551/600/521
f 488/661/524 487/660/522 552/602/523
f 489/662/526 488/661/524 553/605/525
f 490/663/528 489/662/526 554/607/527
f 491/664/530 490/663/528 555/609/529
f 492/665/532 491/664/530 556/611/531
f 493/666/534 492/665/532 557/612/533
f 494/667/536 493/666/534 558/614/535
f 495/668/538 494/667/536 559/616/537
f 496/669/540 495/668/538 560/618/539
f 497/670/542 496/669/540 561/621/541
f 498/671/544 497/670/542 562/623/543
f 499/672/546 498/671/544 563/625/545
f 500/593/548 499/672/546 564/627/547
f 501/673/550 500/593/548 565/628/549
f 502/674/552 501/673/550 566/630/551
f 503/675/554 502/674/552 567/632/553
f 504/676/556 503/675/554 568/634/555
f 505/677/558 504/676/556 569/637/557
f 506/678/560 505/677/558 570/639/559
f 507/679/562 506/678/560 571/641/561
f 508/680/564 507/679/562 572/643/563
f 509/681/566 508/680/564 573/644/565
f 510/682/568 509/681/566 574/646/567
f 511/683/570 510/682/568 575/648/569
f 512/684/572 511/683/570 576/650/571
f 513/685/574 512/684/572 577/653/573
f 514/686/576 513/685/574 578/655/575
f 483/687/578 514/686/576 579/657/577
usemtl Material.001
f 581/688/28 582/443/27 580/442/28
f 583/689/27 584/457/35 582/443/27
f 585/690/35 586/481/56 584/457/35
f 587/691/56 588/505/77 586/481/56
f 589/692/77 590/512/84 588/505/77
f 591/693/84 592/536/106 590/512/84
f 593/694/106 594/545/113 592/536/106
f 595/695/113 596/28/135 594/545/113
f 597/696/135 598/27/142 596/28/135
f 599/697/142 600/37/163 598/27/142
f 601/698/163 602/58/170 600/37/163
f 603/699/170 604/81/191 602/58/170
f 605/700/191 606/90/199 604/81/191
f 607/701/199 608/114/221 606/90/199
f 609/702/221 610/123/242 608/114/221
f 611/703/242 612/147/250 610/123/242
f 613/704/250 614/156/272 612/147/250
f 615/705/272 616/179/278 614/156/272
f 617/706/278 618/188/299 616/179/278
f 619/707/299 620/211/308 618/188/299
f 621/708/308 622/221/330 620/211/308
f 623/709/330 624/245/337 622/221/330
f 625/710/337 626/270/358 624/245/337
f 627/711/358 628/278/365 626/270/358
f 629/712/365 630/302/387 628/278/365
f 631/713/387 632/310/394 630/302/387
f 633/714/394 634/333/416 632/310/394
f 635/715/416 636/344/437 634/333/416
f 637/716/437 638/368/443 636/344/437
f 639/717/443 640/377/465 638/368/443
f 617/578/30 601/570/30 585/562/30
f 641/718/465 642/400/472 640/377/465
f 643/719/472 580/409/28 642/400/472
f 610/624/31 626/640/31 642/656/31
f 581/688/28 583/689/27 582/443/27
f 583/689/27 585/690/35 584/457/35
f 585/690/35 587/691/56 586/481/56
f 587/691/56 589/692/77 588/505/77
f 589/692/77 591/693/84 590/512/84
f 591/693/84 593/694/106 592/536/106
f 593/694/106 595/695/113 594/545/113
f 595/695/113 597/696/135 596/28/135
f 597/696/135 599/697/142 598/27/142
f 599/697/142 601/698/163 600/37/163
f 601/698/163 603/699/170 602/58/170
f 603/699/170 605/700/191 604/81/191
f 605/700/191 607/701/199 606/90/199
f 607/701/199 609/702/221 608/114/221
f 609/702/221 611/703/242 610/123/242
f 611/703/242 613/704/250 612/147/250
f 613/704/250 615/705/272 614/156/272
f 615/705/272 617/706/278 616/179/278
f 617/706/278 619/707/299 618/188/299
f 619/707/299 621/708/308 620/211/308
f 621/708/308 623/709/330 622/221/330
f 623/709/330 625/710/337 624/245/337
f 625/710/337 627/711/358 626/270/358
f 627/711/358 629/712/365 628/278/365
f 629/712/365 631/713/387 630/302/387
f 631/713/387 633/714/394 632/310/394
f 633/714/394 635/715/416 634/333/416
f 635/715/416 637/716/437 636/344/437
f 637/716/437 639/717/443 638/368/443
f 639/717/443 641/718/465 640/377/465
f 585/562/30 583/561/30 581/560/30
f 581/560/30 643/594/30 641/590/30
f 641/590/30 639/589/30 637/588/30
f 637/588/30 635/587/30 633/586/30
f 633/586/30 631/585/30 629/584/30
f 629/584/30 627/583/30 625/582/30
f 625/582/30 623/581/30 621/580/30
f 621/580/30 619/579/30 617/578/30
f 617/578/30 615/577/30 613/576/30
f 613/576/30 611/575/30 609/574/30
f 609/574/30 607/573/30 605/572/30
f 605/572/30 603/571/30 601/570/30
f 601/570/30 599/569/30 597/568/30
f 597/568/30 595/567/30 593/566/30
f 593/566/30 591/565/30 589/564/30
f 589/564/30 587/563/30 585/562/30
f 585/562/30 581/560/30 641/590/30
f 641/590/30 637/588/30 633/586/30
f 633/586/30 629/584/30 625/582/30
f 625/582/30 621/580/30 617/578/30
f 617/578/30 613/576/30 609/574/30
f 609/574/30 605/572/30 601/570/30
f 601/570/30 597/568/30 593/566/30
f 593/566/30 589/564/30 585/562/30
f 585/562/30 641/590/30 633/586/30
f 633/586/30 625/582/30 617/578/30
f 617/578/30 609/574/30 601/570/30
f 601/570/30 593/566/30 585/562/30
f 585/562/30 633/586/30 617/578/30
f 641/718/465 643/719/472 642/400/472
f 643/719/472 581/720/28 580/409/28
f 642/656/31 580/596/31 582/597/31
f 582/597/31 584/599/31 586/601/31
f 586/601/31 588/603/31 590/604/31
f 590/604/31 592/606/31 594/608/31
f 594/608/31 596/610/31 598/613/31
f 598/613/31 600/615/31 602/617/31
f 602/617/31 604/619/31 606/620/31
f 606/620/31 608/622/31 610/624/31
f 610/624/31 612/626/31 614/629/31
f 614/629/31 616/631/31 618/633/31
f 618/633/31 620/635/31 622/636/31
f 622/636/31 624/638/31 626/640/31
f 626/640/31 628/642/31 630/645/31
f 630/645/31 632/647/31 634/649/31
f 634/649/31 636/651/31 638/652/31
f 638/652/31 640/654/31 642/656/31
f 642/656/31 582/597/31 586/601/31
f 586/601/31 590/604/31 594/608/31
f 594/608/31 598/613/31 602/617/31
f 602/617/31 606/620/31 610/624/31
f 610/624/31 614/629/31 618/633/31
f 618/633/31 622/636/31 626/640/31
f 626/640/31 630/645/31 634/649/31
f 634/649/31 638/652/31 642/656/31
f 642/656/31 586/601/31 594/608/31
f 594/608/31 602/617/31 610/624/31
f 610/624/31 618/633/31 626/640/31
f 626/640/31 634/649/31 642/656/31
f 642/656/31 594/608/31 610/624/31
usemtl Material.002
f 1121/6/579 658/32/580 659/5/581
f 1118/1/582 652/7/583 644/8/584
f 649/9/585 659/5/581 660/10/586
f 644/8/584 653/12/587 1119/11/588
f 1122/13/589 660/10/586 661/14/590
f 1119/11/588 654/15/591 645/16/592
f 1123/18/593 661/14/590 662/17/594
f 645/16/592 655/19/595 1120/20/596
f 1124/22/597 662/17/594 663/21/598
f 1120/20/596 656/24/599 646/23/600
f 1125/26/601 663/21/598 664/25/602
f 646/23/600 657/27/603 647/28/28
f 1117/29/604 725/30/31 650/2/605
f 951/31/30 1125/26/601 664/25/602
f 648/4/606 657/27/603 658/32/580
f 1117/29/604 651/3/607 1118/1/582
f 658/32/580 672/37/608 673/38/609
f 650/2/605 666/39/610 651/3/607
f 659/5/581 673/38/609 674/40/611
f 651/3/607 667/41/612 652/7/583
f 660/10/586 674/40/611 675/42/613
f 652/7/583 668/43/614 653/12/587
f 661/14/590 675/42/613 676/44/615
f 653/12/587 669/45/616 654/15/591
f 662/17/594 676/44/615 677/46/617
f 654/15/591 670/47/618 655/19/595
f 663/21/598 677/46/617 678/48/619
f 655/19/595 671/49/620 656/24/599
f 664/25/602 678/48/619 679/36/621
f 656/24/599 672/37/608 657/27/603
f 650/2/605 725/33/31 665/34/622
f 951/35/30 664/25/602 679/36/621
f 677/46/617 691/52/623 692/53/624
f 669/45/616 685/54/625 670/47/618
f 678/48/619 692/53/624 693/55/626
f 670/47/618 686/56/627 671/49/620
f 679/36/621 693/55/626 694/57/628
f 671/49/620 687/58/629 672/37/608
f 665/34/622 725/59/31 680/60/630
f 951/61/30 679/36/621 694/57/628
f 673/38/609 687/58/629 688/62/631
f 665/34/622 681/63/632 666/39/610
f 674/40/611 688/62/631 689/64/633
f 666/39/610 682/65/634 667/41/612
f 675/42/613 689/64/633 690/66/635
f 667/41/612 683/50/636 668/43/614
f 676/44/615 690/66/635 691/52/623
f 668/43/614 684/51/637 669/45/616
f 680/60/630 696/69/638 681/63/632
f 689/64/633 703/67/639 704/70/640
f 681/63/632 697/71/641 682/65/634
f 690/66/635 704/70/640 705/72/642
f 682/65/634 698/73/643 683/50/636
f 691/52/623 705/72/642 706/74/644
f 683/50/636 699/75/645 684/51/637
f 692/53/624 706/74/644 707/76/646
f 684/51/637 700/77/647 685/54/625
f 693/55/626 707/76/646 708/78/648
f 685/54/625 701/79/649 686/56/627
f 694/57/628 708/78/648 709/80/650
f 686/56/627 702/81/651 687/58/629
f 680/60/630 725/82/31 695/68/652
f 951/83/30 694/57/628 709/80/650
f 688/62/631 702/81/651 703/67/639
f 699/75/645 715/86/653 700/77/647
f 708/78/648 722/84/654 723/87/655
f 700/77/647 716/88/656 701/79/649
f 709/80/650 723/87/655 724/89/657
f 701/79/649 717/90/658 702/81/651
f 695/68/652 725/91/31 710/92/659
f 951/93/30 709/80/650 724/89/657
f 703/67/639 717/90/658 718/94/660
f 695/68/652 711/95/661 696/69/638
f 704/70/640 718/94/660 719/96/662
f 696/69/638 712/97/663 697/71/641
f 705/72/642 719/96/662 720/98/664
f 697/71/641 713/99/665 698/73/643
f 706/74/644 720/98/664 721/100/666
f 698/73/643 714/85/667 699/75/645
f 707/76/646 721/100/666 722/84/654
f 719/96/662 734/102/668 735/103/669
f 711/95/661 728/104/670 712/97/663
f 720/98/664 735/103/669 736/105/671
f 712/97/663 729/106/672 713/99/665
f 721/100/666 736/105/671 737/107/673
f 713/99/665 730/108/674 714/85/667
f 722/84/654 737/107/673 738/109/675
f 714/85/667 731/110/676 715/86/653
f 723/87/655 738/109/675 739/111/677
f 715/86/653 732/112/678 716/88/656
f 724/89/657 739/111/677 740/113/679
f 716/88/656 733/114/680 717/90/658
f 710/92/659 725/115/31 726/116/681
f 951/117/30 724/89/657 740/113/679
f 718/94/660 733/114/680 734/102/668
f 710/92/659 727/101/682 711/95/661
f 739/111/677 753/134/683 754/120/684
f 731/110/676 747/121/685 732/112/678
f 740/113/679 754/120/684 755/122/686
f 732/112/678 748/123/687 733/114/680
f 726/116/681 725/124/31 741/125/688
f 951/126/30 740/113/679 755/122/686
f 734/102/668 748/123/687 749/127/689
f 726/116/681 742/128/690 727/101/682
f 735/103/669 749/127/689 750/129/691
f 727/101/682 743/130/692 728/104/670
f 736/105/671 750/129/691 751/131/693
f 728/104/670 744/132/694 729/106/672
f 737/107/673 751/131/693 752/133/695
f 729/106/672 745/118/696 730/108/674
f 738/109/675 752/133/695 753/134/683
f 730/108/674 746/119/697 731/110/676
f 751/131/693 765/136/698 766/138/699
f 743/130/692 759/139/700 744/132/694
f 752/133/695 766/138/699 767/140/701
f 744/132/694 760/141/702 745/118/696
f 753/134/683 767/140/701 768/142/703
f 745/118/696 761/143/704 746/119/697
f 754/120/684 768/142/703 769/144/705
f 746/119/697 762/145/706 747/121/685
f 755/122/686 769/144/705 770/146/707
f 747/121/685 763/147/365 748/123/687
f 741/125/688 725/148/31 756/149/708
f 951/150/30 755/122/686 770/146/707
f 749/127/689 763/147/365 764/135/709
f 741/125/688 757/151/710 742/128/690
f 750/129/691 764/135/709 765/136/698
f 742/128/690 758/137/711 743/130/692
f 769/144/705 785/155/712 770/146/707
f 763/147/365 777/154/713 778/156/714
f 756/149/708 725/157/31 771/158/715
f 951/159/30 770/146/707 785/155/712
f 763/147/365 779/160/716 764/135/709
f 757/151/710 771/158/715 772/161/717
f 764/135/709 780/162/718 765/136/698
f 758/137/711 772/161/717 773/163/719
f 765/136/698 781/164/720 766/138/699
f 759/139/700 773/163/719 774/165/721
f 766/138/699 782/166/722 767/140/701
f 760/141/702 774/165/721 775/167/723
f 767/140/701 783/168/724 768/142/703
f 761/143/704 775/167/723 776/153/725
f 768/142/703 784/152/726 769/144/705
f 762/145/706 776/153/725 777/154/713
f 774/165/721 788/185/727 789/171/728
f 781/164/720 797/172/729 782/166/722
f 775/167/723 789/171/728 790/173/730
f 782/166/722 798/174/731 783/168/724
f 776/153/725 790/173/730 791/175/732
f 783/168/724 799/176/733 784/152/726
f 777/154/713 791/175/732 792/177/734
f 784/152/726 800/178/735 785/155/712
f 778/156/714 792/177/734 793/179/736
f 771/158/715 725/180/31 786/181/737
f 951/182/30 785/155/712 800/178/735
f 778/156/714 794/183/738 779/160/716
f 772/161/717 786/181/737 787/184/739
f 779/160/716 795/169/740 780/162/718
f 773/163/719 787/184/739 788/185/727
f 780/162/718 796/170/741 781/164/720
f 793/179/736 807/187/742 808/188/743
f 786/181/737 725/189/31 801/190/744
f 951/191/30 800/178/735 815/186/745
f 793/179/736 809/192/746 794/183/738
f 787/184/739 801/190/744 802/193/747
f 794/183/738 810/194/748 795/169/740
f 788/185/727 802/193/747 803/195/749
f 795/169/740 811/196/750 796/170/741
f 789/171/728 803/195/749 804/197/751
f 796/170/741 812/198/752 797/172/729
f 790/173/730 804/197/751 805/199/753
f 797/172/729 813/200/754 798/174/731
f 791/175/732 805/199/753 806/201/755
f 798/174/731 814/202/756 799/176/733
f 792/177/734 806/201/755 807/187/742
f 799/176/733 815/186/745 800/178/735
f 811/196/750 827/204/757 812/198/752
f 805/199/753 819/203/758 820/205/759
f 812/198/752 828/206/760 813/200/754
f 806/201/755 820/205/759 821/207/761
f 813/200/754 829/208/762 814/202/756
f 807/187/742 821/207/761 822/209/763
f 814/202/756 830/210/764 815/186/745
f 808/188/743 822/209/763 823/211/765
f 801/190/744 725/212/31 816/213/766
f 951/214/30 815/186/745 830/210/764
f 808/188/743 824/215/767 809/192/746
f 802/193/747 816/213/766 817/216/768
f 809/192/746 825/217/769 810/194/748
f 803/195/749 817/216/768 818/218/770
f 810/194/748 826/219/771 811/196/750
f 804/197/751 818/218/770 819/203/758
f 816/213/766 725/222/31 831/223/772
f 951/224/30 830/210/764 845/225/773
f 823/211/765 839/226/774 824/215/767
f 817/216/768 831/223/772 832/227/775
f 824/215/767 840/228/776 825/217/769
f 818/218/770 832/227/775 833/229/777
f 825/217/769 841/230/778 826/219/771
f 819/203/758 833/229/777 834/231/779
f 826/219/771 842/232/780 827/204/757
f 820/205/759 834/231/779 835/233/781
f 827/204/757 843/234/782 828/206/760
f 821/207/761 835/233/781 836/235/783
f 828/206/760 844/236/784 829/208/762
f 822/209/763 836/235/783 837/220/785
f 829/208/762 845/225/773 830/210/764
f 823/211/765 837/220/785 838/221/786
f 835/233/781 849/253/787 850/239/788
f 842/232/780 858/240/789 843/234/782
f 836/235/783 850/239/788 851/241/790
f 843/234/782 859/242/791 844/236/784
f 837/220/785 851/241/790 852/243/792
f 844/236/784 860/244/793 845/225/773
f 838/221/786 852/243/792 853/245/794
f 831/223/772 725/246/31 846/247/795
f 951/248/30 845/225/773 860/244/793
f 838/221/786 854/249/796 839/226/774
f 832/227/775 846/247/795 847/250/797
f 839/226/774 855/251/798 840/228/776
f 833/229/777 847/250/797 848/252/799
f 840/228/776 856/237/800 841/230/778
f 834/231/779 848/252/799 849/253/787
f 841/230/778 857/238/801 842/232/780
f 853/245/794 869/258/802 854/249/796
f 847/250/797 861/255/803 862/259/804
f 854/249/796 870/260/805 855/251/798
f 848/252/799 862/259/804 863/261/806
f 855/251/798 871/262/807 856/237/800
f 849/253/787 863/261/806 864/263/808
f 856/237/800 872/264/809 857/238/801
f 850/239/788 864/263/808 865/265/810
f 857/238/801 873/266/811 858/240/789
f 851/241/790 865/265/810 866/267/812
f 858/240/789 874/268/813 859/242/791
f 852/243/792 866/267/812 867/269/814
f 859/242/791 875/257/815 860/244/793
f 853/245/794 867/269/814 868/270/816
f 846/247/795 725/254/31 861/255/803
f 951/256/30 860/244/793 875/257/815
f 872/264/809 888/273/817 873/266/811
f 866/267/812 880/271/818 881/274/819
f 873/266/811 889/275/820 874/268/813
f 867/269/814 881/274/819 882/276/821
f 874/268/813 890/277/822 875/257/815
f 868/270/816 882/276/821 883/278/250
f 861/255/803 725/279/31 876/280/823
f 951/281/30 875/257/815 890/277/822
f 868/270/816 884/282/824 869/258/802
f 862/259/804 876/280/823 877/283/825
f 869/258/802 885/284/826 870/260/805
f 863/261/806 877/283/825 878/285/827
f 870/260/805 886/286/828 871/262/807
f 864/263/808 878/285/827 879/287/829
f 871/262/807 887/272/830 872/264/809
f 865/265/810 879/287/829 880/271/818
f 885/284/826 899/288/831 900/291/832
f 877/283/825 893/292/833 878/285/827
f 886/286/828 900/291/832 901/293/834
f 878/285/827 894/294/835 879/287/829
f 887/272/830 901/293/834 902/295/836
f 879/287/829 895/296/837 880/271/818
f 888/273/817 902/295/836 903/297/838
f 880/271/818 896/298/839 881/274/819
f 889/275/820 903/297/838 904/299/840
f 881/274/819 897/300/841 882/276/821
f 890/277/822 904/299/840 905/301/842
f 882/276/821 898/302/843 883/278/250
f 876/280/823 725/303/31 891/289/844
f 951/304/30 890/277/822 905/301/842
f 884/282/824 898/302/843 899/288/831
f 876/280/823 892/290/845 877/283/825
f 904/299/840 918/305/846 919/307/847
f 896/298/839 912/308/848 897/300/841
f 905/301/842 919/307/847 920/309/849
f 897/300/841 913/310/850 898/302/843
f 891/289/844 725/311/31 906/312/851
f 951/313/30 905/301/842 920/309/849
f 899/288/831 913/310/850 914/314/852
f 891/289/844 907/315/853 892/290/845
f 900/291/832 914/314/852 915/316/854
f 892/290/845 908/317/855 893/292/833
f 901/293/834 915/316/854 916/318/856
f 893/292/833 909/319/857 894/294/835
f 902/295/836 916/318/856 917/320/858
f 894/294/835 910/321/859 895/296/837
f 903/297/838 917/320/858 918/305/846
f 895/296/837 911/306/860 896/298/839
f 907/315/853 923/323/861 908/317/855
f 916/318/856 930/322/862 931/324/863
f 908/317/855 924/325/864 909/319/857
f 917/320/858 931/324/863 932/326/865
f 909/319/857 925/327/866 910/321/859
f 918/305/846 932/326/865 933/328/867
f 910/321/859 926/329/868 911/306/860
f 919/307/847 933/328/867 934/330/869
f 911/306/860 927/331/870 912/308/848
f 920/309/849 934/330/869 935/332/871
f 912/308/848 928/333/872 913/310/850
f 906/312/851 725/334/31 921/335/873
f 951/336/30 920/309/849 935/332/871
f 914/314/852 928/333/872 929/337/874
f 906/312/851 922/338/875 907/315/853
f 915/316/854 929/337/874 930/322/862
f 926/329/868 942/342/876 927/331/870
f 935/332/871 949/340/877 950/343/878
f 927/331/870 943/344/879 928/333/872
f 921/335/873 725/345/31 936/346/880
f 951/347/30 935/332/871 950/343/878
f 929/337/874 943/344/879 944/348/881
f 921/335/873 937/349/882 922/338/875
f 930/322/862 944/348/881 945/350/883
f 922/338/875 938/351/884 923/323/861
f 931/324/863 945/350/883 946/352/885
f 923/323/861 939/353/886 924/325/864
f 932/326/865 946/352/885 947/354/887
f 924/325/864 940/355/888 925/327/866
f 933/328/867 947/354/887 948/339/889
f 925/327/866 941/341/890 926/329/868
f 934/330/869 948/339/889 949/340/877
f 946/352/885 961/358/891 962/359/892
f 938/351/884 955/360/893 939/353/886
f 947/354/887 962/359/892 963/361/894
f 939/353/886 956/362/895 940/355/888
f 948/339/889 963/361/894 964/363/896
f 940/355/888 957/364/897 941/341/890
f 949/340/877 964/363/896 965/365/898
f 941/341/890 958/366/899 942/342/876
f 950/343/878 965/365/898 966/367/900
f 942/342/876 959/368/901 943/344/879
f 936/346/880 725/369/31 952/370/902
f 951/371/30 950/343/878 966/367/900
f 944/348/881 959/368/901 960/372/903
f 936/346/880 953/356/904 937/349/882
f 945/350/883 960/372/903 961/358/891
f 937/349/882 954/357/905 938/351/884
f 966/367/900 980/375/906 981/376/907
f 958/366/899 974/377/908 959/368/901
f 952/370/902 725/378/31 967/379/909
f 951/380/30 966/367/900 981/376/907
f 960/372/903 974/377/908 975/381/910
f 952/370/902 968/382/911 953/356/904
f 961/358/891 975/381/910 976/383/912
f 953/356/904 969/384/913 954/357/905
f 962/359/892 976/383/912 977/385/914
f 954/357/905 970/386/915 955/360/893
f 963/361/894 977/385/914 978/387/916
f 955/360/893 971/388/917 956/362/895
f 964/363/896 978/387/916 979/389/918
f 956/362/895 972/373/919 957/364/897
f 965/365/898 979/389/918 980/375/906
f 957/364/897 973/374/920 958/366/899
f 969/384/913 985/392/921 970/386/915
f 978/387/916 992/391/922 993/393/923
f 970/386/915 986/394/924 971/388/917
f 979/389/918 993/393/923 994/395/925
f 971/388/917 987/396/926 972/373/919
f 980/375/906 994/395/925 995/397/927
f 972/373/919 988/398/928 973/374/920
f 981/376/907 995/397/927 996/399/929
f 973/374/920 989/400/930 974/377/908
f 967/379/909 725/401/31 982/402/931
f 951/403/30 981/376/907 996/399/929
f 975/381/910 989/400/930 990/404/932
f 967/379/909 983/405/933 968/382/911
f 976/383/912 990/404/932 991/390/934
f 968/382/911 984/406/935 969/384/913
f 977/385/914 991/390/934 992/391/922
f 988/398/928 1004/409/135 989/400/930
f 982/402/931 725/410/31 997/411/936
f 951/412/30 996/399/929 1011/408/937
f 990/404/932 1004/409/135 1005/413/938
f 982/402/931 998/414/939 983/405/933
f 991/390/934 1005/413/938 1006/415/940
f 983/405/933 999/416/941 984/406/935
f 992/391/922 1006/415/940 1007/417/942
f 984/406/935 1000/418/943 985/392/921
f 993/393/923 1007/417/942 1008/419/944
f 985/392/921 1001/420/945 986/394/924
f 994/395/925 1008/419/944 1009/421/946
f 986/394/924 1002/422/947 987/396/926
f 995/397/927 1009/421/946 1010/407/948
f 987/396/926 1003/423/949 988/398/928
f 996/399/929 1010/407/948 1011/408/937
f 1007/427/942 1023/428/950 1008/429/944
f 1001/430/945 1015/426/951 1016/431/952
f 1008/429/944 1024/432/953 1009/433/946
f 1002/435/947 1016/431/952 1017/434/954
f 1009/433/946 1025/436/955 1010/437/948
f 1003/438/949 1017/434/954 1018/439/956
f 1010/437/948 1026/440/957 1011/441/937
f 1004/442/135 1018/439/956 1019/443/958
f 997/444/936 725/445/31 1012/446/959
f 951/447/30 1011/441/937 1026/440/957
f 1004/442/135 1020/448/960 1005/449/938
f 998/450/939 1012/446/959 1013/451/961
f 1005/449/938 1021/452/962 1006/453/940
f 999/454/941 1013/451/961 1014/425/963
f 1006/453/940 1022/455/964 1007/427/942
f 1000/424/943 1014/425/963 1015/426/951
f 951/460/30 1026/440/957 1041/461/965
f 1019/443/958 1035/462/966 1020/448/960
f 1013/451/961 1027/459/967 1028/463/968
f 1020/448/960 1036/464/969 1021/452/962
f 1014/425/963 1028/463/968 1029/465/970
f 1021/452/962 1037/466/971 1022/455/964
f 1015/426/951 1029/465/970 1030/467/972
f 1022/455/964 1038/468/973 1023/428/950
f 1016/431/952 1030/467/972 1031/469/974
f 1023/428/950 1039/470/975 1024/432/953
f 1017/434/954 1031/469/974 1032/471/976
f 1024/432/953 1040/472/977 1025/436/955
f 1018/439/956 1032/471/976 1033/456/978
f 1025/436/955 1041/461/965 1026/440/957
f 1019/443/958 1033/456/978 1034/457/979
f 1012/446/959 725/458/31 1027/459/967
f 1038/468/973 1054/476/980 1039/470/975
f 1032/471/976 1046/475/981 1047/477/982
f 1039/470/975 1055/478/983 1040/472/977
f 1033/456/978 1047/477/982 1048/479/984
f 1040/472/977 1056/480/985 1041/461/965
f 1034/457/979 1048/479/984 1049/481/986
f 1027/459/967 725/482/31 1042/483/987
f 951/484/30 1041/461/965 1056/480/985
f 1034/457/979 1050/485/988 1035/462/966
f 1028/463/968 1042/483/987 1043/486/989
f 1035/462/966 1051/487/990 1036/464/969
f 1029/465/970 1043/486/989 1044/488/991
f 1036/464/969 1052/489/992 1037/466/971
f 1030/467/972 1044/488/991 1045/474/993
f 1037/466/971 1053/473/994 1038/468/973
f 1031/469/974 1045/474/993 1046/475/981
f 1043/486/989 1057/493/995 1058/494/996
f 1050/485/988 1066/495/997 1051/487/990
f 1044/488/991 1058/494/996 1059/496/998
f 1051/487/990 1067/497/999 1052/489/992
f 1045/474/993 1059/496/998 1060/498/1000
f 1052/489/992 1068/499/1001 1053/473/994
f 1046/475/981 1060/498/1000 1061/500/1002
f 1053/473/994 1069/501/1003 1054/476/980
f 1047/477/982 1061/500/1002 1062/502/1004
f 1054/476/980 1070/503/1005 1055/478/983
f 1048/479/984 1062/502/1004 1063/504/1006
f 1055/478/983 1071/491/1007 1056/480/985
f 1049/481/986 1063/504/1006 1064/505/1008
f 1042/483/987 725/506/31 1057/493/995
f 951/490/30 1056/480/985 1071/491/1007
f 1049/481/986 1065/492/1009 1050/485/988
f 1062/502/1004 1076/523/1010 1077/508/1011
f 1069/501/1003 1085/509/1012 1070/503/1005
f 1063/504/1006 1077/508/1011 1078/510/1013
f 1070/503/1005 1086/511/1014 1071/491/1007
f 1064/505/1008 1078/510/1013 1079/512/1015
f 1057/493/995 725/513/31 1072/514/1016
f 951/515/30 1071/491/1007 1086/511/1014
f 1064/505/1008 1080/516/1017 1065/492/1009
f 1058/494/996 1072/514/1016 1073/517/1018
f 1065/492/1009 1081/518/1019 1066/495/997
f 1059/496/998 1073/517/1018 1074/519/1020
f 1066/495/997 1082/520/1021 1067/497/999
f 1060/498/1000 1074/519/1020 1075/521/1022
f 1067/497/999 1083/522/1023 1068/499/1001
f 1061/500/1002 1075/521/1022 1076/523/1010
f 1068/499/1001 1084/507/1024 1069/501/1003
f 1080/516/1017 1096/525/1025 1081/518/1019
f 1074/519/1020 1088/524/1026 1089/526/1027
f 1081/518/1019 1097/527/1028 1082/520/1021
f 1075/521/1022 1089/526/1027 1090/528/1029
f 1082/520/1021 1098/529/1030 1083/522/1023
f 1076/523/1010 1090/528/1029 1091/530/1031
f 1083/522/1023 1099/531/1032 1084/507/1024
f 1077/508/1011 1091/530/1031 1092/532/1033
f 1084/507/1024 1100/533/1034 1085/509/1012
f 1078/510/1013 1092/532/1033 1093/534/1035
f 1085/509/1012 1101/535/1036 1086/511/1014
f 1079/512/1015 1093/534/1035 1094/536/1037
f 1072/514/1016 725/537/31 1087/538/1038
f 951/539/30 1086/511/1014 1101/535/1036
f 1079/512/1015 1095/540/1039 1080/516/1017
f 1073/517/1018 1087/538/1038 1088/524/1026
f 1099/531/1032 1115/542/1040 1100/533/1034
f 1093/534/1035 1107/541/1041 1108/543/1042
f 1100/533/1034 1116/544/1043 1101/535/1036
f 1094/536/1037 1108/543/1042 1109/545/1044
f 1087/538/1038 725/546/31 1102/547/1045
f 951/548/30 1101/535/1036 1116/544/1043
f 1094/536/1037 1110/549/1046 1095/540/1039
f 1088/524/1026 1102/547/1045 1103/550/1047
f 1095/540/1039 1111/551/1048 1096/525/1025
f 1089/526/1027 1103/550/1047 1104/552/1049
f 1096/525/1025 1112/553/1050 1097/527/1028
f 1090/528/1029 1104/552/1049 1105/554/1051
f 1097/527/1028 1113/555/1052 1098/529/1030
f 1091/530/1031 1105/554/1051 1106/556/1053
f 1098/529/1030 1114/557/1054 1099/531/1032
f 1092/532/1033 1106/556/1053 1107/541/1041
f 1104/552/1049 1118/1/582 644/8/584
f 1111/551/1048 649/9/585 1112/553/1050
f 1105/554/1051 644/8/584 1119/11/588
f 1112/553/1050 1122/13/589 1113/555/1052
f 1106/556/1053 1119/11/588 645/16/592
f 1113/555/1052 1123/18/593 1114/557/1054
f 1107/541/1041 645/16/592 1120/20/596
f 1114/557/1054 1124/22/597 1115/542/1040
f 1108/543/1042 1120/20/596 646/23/600
f 1115/542/1040 1125/26/601 1116/544/1043
f 1109/545/1044 646/23/600 647/28/28
f 1102/547/1045 725/558/31 1117/29/604
f 951/559/30 1116/544/1043 1125/26/601
f 1109/545/1044 648/4/606 1110/549/1046
f 1103/550/1047 1117/29/604 1118/1/582
f 1110/549/1046 1121/6/579 1111/551/1048
f 1121/6/579 648/4/606 658/32/580
f 1118/1/582 651/3/607 652/7/583
f 649/9/585 1121/6/579 659/5/581
f 644/8/584 652/7/583 653/12/587
f 1122/13/589 649/9/585 660/10/586
f 1119/11/588 653/12/587 654/15/591
f 1123/18/593 1122/13/589 661/14/590
f 645/16/592 654/15/591 655/19/595
f 1124/22/597 1123/18/593 662/17/594
f 1120/20/596 655/19/595 656/24/599
f 1125/26/601 1124/22/597 663/21/598
f 646/23/600 656/24/599 657/27/603
f 648/4/606 647/28/28 657/27/603
f 1117/29/604 650/2/605 651/3/607
f 658/32/580 657/27/603 672/37/608
f 650/2/605 665/34/622 666/39/610
f 659/5/581 658/32/580 673/38/609
f 651/3/607 666/39/610 667/41/612
f 660/10/586 659/5/581 674/40/611
f 652/7/583 667/41/612 668/43/614
f 661/14/590 660/10/586 675/42/613
f 653/12/587 668/43/614 669/45/616
f 662/17/594 661/14/590 676/44/615
f 654/15/591 669/45/616 670/47/618
f 663/21/598 662/17/594 677/46/617
f 655/19/595 670/47/618 671/49/620
f 664/25/602 663/21/598 678/48/619
f 656/24/599 671/49/620 672/37/608
f 677/46/617 676/44/615 691/52/623
f 669/45/616 684/51/637 685/54/625
f 678/48/619 677/46/617 692/53/624
f 670/47/618 685/54/625 686/56/627
f 679/36/621 678/48/619 693/55/626
f 671/49/620 686/56/627 687/58/629
f 673/38/609 672/37/608 687/58/629
f 665/34/622 680/60/630 681/63/632
f 674/40/611 673/38/609 688/62/631
f 666/39/610 681/63/632 682/65/634
f 675/42/613 674/40/611 689/64/633
f 667/41/612 682/65/634 683/50/636
f 676/44/615 675/42/613 690/66/635
f 668/43/614 683/50/636 684/51/637
f 680/60/630 695/68/652 696/69/638
f 689/64/633 688/62/631 703/67/639
f 681/63/632 696/69/638 697/71/641
f 690/66/635 689/64/633 704/70/640
f 682/65/634 697/71/641 698/73/643
f 691/52/623 690/66/635 705/72/642
f 683/50/636 698/73/643 699/75/645
f 692/53/624 691/52/623 706/74/644
f 684/51/637 699/75/645 700/77/647
f 693/55/626 692/53/624 707/76/646
f 685/54/625 700/77/647 701/79/649
f 694/57/628 693/55/626 708/78/648
f 686/56/627 701/79/649 702/81/651
f 688/62/631 687/58/629 702/81/651
f 699/75/645 714/85/667 715/86/653
f 708/78/648 707/76/646 722/84/654
f 700/77/647 715/86/653 716/88/656
f 709/80/650 708/78/648 723/87/655
f 701/79/649 716/88/656 717/90/658
f 703/67/639 702/81/651 717/90/658
f 695/68/652 710/92/659 711/95/661
f 704/70/640 703/67/639 718/94/660
f 696/69/638 711/95/661 712/97/663
f 705/72/642 704/70/640 719/96/662
f 697/71/641 712/97/663 713/99/665
f 706/74/644 705/72/642 720/98/664
f 698/73/643 713/99/665 714/85/667
f 707/76/646 706/74/644 721/100/666
f 719/96/662 718/94/660 734/102/668
f 711/95/661 727/101/682 728/104/670
f 720/98/664 719/96/662 735/103/669
f 712/97/663 728/104/670 729/106/672
f 721/100/666 720/98/664 736/105/671
f 713/99/665 729/106/672 730/108/674
f 722/84/654 721/100/666 737/107/673
f 714/85/667 730/108/674 731/110/676
f 723/87/655 722/84/654 738/109/675
f 715/86/653 731/110/676 732/112/678
f 724/89/657 723/87/655 739/111/677
f 716/88/656 732/112/678 733/114/680
f 718/94/660 717/90/658 733/114/680
f 710/92/659 726/116/681 727/101/682
f 739/111/677 738/109/675 753/134/683
f 731/110/676 746/119/697 747/121/685
f 740/113/679 739/111/677 754/120/684
f 732/112/678 747/121/685 748/123/687
f 734/102/668 733/114/680 748/123/687
f 726/116/681 741/125/688 742/128/690
f 735/103/669 734/102/668 749/127/689
f 727/101/682 742/128/690 743/130/692
f 736/105/671 735/103/669 750/129/691
f 728/104/670 743/130/692 744/132/694
f 737/107/673 736/105/671 751/131/693
f 729/106/672 744/132/694 745/118/696
f 738/109/675 737/107/673 752/133/695
f 730/108/674 745/118/696 746/119/697
f 751/131/693 750/129/691 765/136/698
f 743/130/692 758/137/711 759/139/700
f 752/133/695 751/131/693 766/138/699
f 744/132/694 759/139/700 760/141/702
f 753/134/683 752/133/695 767/140/701
f 745/118/696 760/141/702 761/143/704
f 754/120/684 753/134/683 768/142/703
f 746/119/697 761/143/704 762/145/706
f 755/122/686 754/120/684 769/144/705
f 747/121/685 762/145/706 763/147/365
f 749/127/689 748/123/687 763/147/365
f 741/125/688 756/149/708 757/151/710
f 750/129/691 749/127/689 764/135/709
f 742/128/690 757/151/710 758/137/711
f 769/144/705 784/152/726 785/155/712
f 763/147/365 762/145/706 777/154/713
f 763/147/365 778/156/714 779/160/716
f 757/151/710 756/149/708 771/158/715
f 764/135/709 779/160/716 780/162/718
f 758/137/711 757/151/710 772/161/717
f 765/136/698 780/162/718 781/164/720
f 759/139/700 758/137/711 773/163/719
f 766/138/699 781/164/720 782/166/722
f 760/141/702 759/139/700 774/165/721
f 767/140/701 782/166/722 783/168/724
f 761/143/704 760/141/702 775/167/723
f 768/142/703 783/168/724 784/152/726
f 762/145/706 761/143/704 776/153/725
f 774/165/721 773/163/719 788/185/727
f 781/164/720 796/170/741 797/172/729
f 775/167/723 774/165/721 789/171/728
f 782/166/722 797/172/729 798/174/731
f 776/153/725 775/167/723 790/173/730
f 783/168/724 798/174/731 799/176/733
f 777/154/713 776/153/725 791/175/732
f 784/152/726 799/176/733 800/178/735
f 778/156/714 777/154/713 792/177/734
f 778/156/714 793/179/736 794/183/738
f 772/161/717 771/158/715 786/181/737
f 779/160/716 794/183/738 795/169/740
f 773/163/719 772/161/717 787/184/739
f 780/162/718 795/169/740 796/170/741
f 793/179/736 792/177/734 807/187/742
f 793/179/736 808/188/743 809/192/746
f 787/184/739 786/181/737 801/190/744
f 794/183/738 809/192/746 810/194/748
f 788/185/727 787/184/739 802/193/747
f 795/169/740 810/194/748 811/196/750
f 789/171/728 788/185/727 803/195/749
f 796/170/741 811/196/750 812/198/752
f 790/173/730 789/171/728 804/197/751
f 797/172/729 812/198/752 813/200/754
f 791/175/732 790/173/730 805/199/753
f 798/174/731 813/200/754 814/202/756
f 792/177/734 791/175/732 806/201/755
f 799/176/733 814/202/756 815/186/745
f 811/196/750 826/219/771 827/204/757
f 805/199/753 804/197/751 819/203/758
f 812/198/752 827/204/757 828/206/760
f 806/201/755 805/199/753 820/205/759
f 813/200/754 828/206/760 829/208/762
f 807/187/742 806/201/755 821/207/761
f 814/202/756 829/208/762 830/210/764
f 808/188/743 807/187/742 822/209/763
f 808/188/743 823/211/765 824/215/767
f 802/193/747 801/190/744 816/213/766
f 809/192/746 824/215/767 825/217/769
f 803/195/749 802/193/747 817/216/768
f 810/194/748 825/217/769 826/219/771
f 804/197/751 803/195/749 818/218/770
f 823/211/765 838/221/786 839/226/774
f 817/216/768 816/213/766 831/223/772
f 824/215/767 839/226/774 840/228/776
f 818/218/770 817/216/768 832/227/775
f 825/217/769 840/228/776 841/230/778
f 819/203/758 818/218/770 833/229/777
f 826/219/771 841/230/778 842/232/780
f 820/205/759 819/203/758 834/231/779
f 827/204/757 842/232/780 843/234/782
f 821/207/761 820/205/759 835/233/781
f 828/206/760 843/234/782 844/236/784
f 822/209/763 821/207/761 836/235/783
f 829/208/762 844/236/784 845/225/773
f 823/211/765 822/209/763 837/220/785
f 835/233/781 834/231/779 849/253/787
f 842/232/780 857/238/801 858/240/789
f 836/235/783 835/233/781 850/239/788
f 843/234/782 858/240/789 859/242/791
f 837/220/785 836/235/783 851/241/790
f 844/236/784 859/242/791 860/244/793
f 838/221/786 837/220/785 852/243/792
f 838/221/786 853/245/794 854/249/796
f 832/227/775 831/223/772 846/247/795
f 839/226/774 854/249/796 855/251/798
f 833/229/777 832/227/775 847/250/797
f 840/228/776 855/251/798 856/237/800
f 834/231/779 833/229/777 848/252/799
f 841/230/778 856/237/800 857/238/801
f 853/245/794 868/270/816 869/258/802
f 847/250/797 846/247/795 861/255/803
f 854/249/796 869/258/802 870/260/805
f 848/252/799 847/250/797 862/259/804
f 855/251/798 870/260/805 871/262/807
f 849/253/787 848/252/799 863/261/806
f 856/237/800 871/262/807 872/264/809
f 850/239/788 849/253/787 864/263/808
f 857/238/801 872/264/809 873/266/811
f 851/241/790 850/239/788 865/265/810
f 858/240/789 873/266/811 874/268/813
f 852/243/792 851/241/790 866/267/812
f 859/242/791 874/268/813 875/257/815
f 853/245/794 852/243/792 867/269/814
f 872/264/809 887/272/830 888/273/817
f 866/267/812 865/265/810 880/271/818
f 873/266/811 888/273/817 889/275/820
f 867/269/814 866/267/812 881/274/819
f 874/268/813 889/275/820 890/277/822
f 868/270/816 867/269/814 882/276/821
f 868/270/816 883/278/250 884/282/824
f 862/259/804 861/255/803 876/280/823
f 869/258/802 884/282/824 885/284/826
f 863/261/806 862/259/804 877/283/825
f 870/260/805 885/284/826 886/286/828
f 864/263/808 863/261/806 878/285/827
f 871/262/807 886/286/828 887/272/830
f 865/265/810 864/263/808 879/287/829
f 885/284/826 884/282/824 899/288/831
f 877/283/825 892/290/845 893/292/833
f 886/286/828 885/284/826 900/291/832
f 878/285/827 893/292/833 894/294/835
f 887/272/830 886/286/828 901/293/834
f 879/287/829 894/294/835 895/296/837
f 888/273/817 887/272/830 902/295/836
f 880/271/818 895/296/837 896/298/839
f 889/275/820 888/273/817 903/297/838
f 881/274/819 896/298/839 897/300/841
f 890/277/822 889/275/820 904/299/840
f 882/276/821 897/300/841 898/302/843
f 884/282/824 883/278/250 898/302/843
f 876/280/823 891/289/844 892/290/845
f 904/299/840 903/297/838 918/305/846
f 896/298/839 911/306/860 912/308/848
f 905/301/842 904/299/840 919/307/847
f 897/300/841 912/308/848 913/310/850
f 899/288/831 898/302/843 913/310/850
f 891/289/844 906/312/851 907/315/853
f 900/291/832 899/288/831 914/314/852
f 892/290/845 907/315/853 908/317/855
f 901/293/834 900/291/832 915/316/854
f 893/292/833 908/317/855 909/319/857
f 902/295/836 901/293/834 916/318/856
f 894/294/835 909/319/857 910/321/859
f 903/297/838 902/295/836 917/320/858
f 895/296/837 910/321/859 911/306/860
f 907/315/853 922/338/875 923/323/861
f 916/318/856 915/316/854 930/322/862
f 908/317/855 923/323/861 924/325/864
f 917/320/858 916/318/856 931/324/863
f 909/319/857 924/325/864 925/327/866
f 918/305/846 917/320/858 932/326/865
f 910/321/859 925/327/866 926/329/868
f 919/307/847 918/305/846 933/328/867
f 911/306/860 926/329/868 927/331/870
f 920/309/849 919/307/847 934/330/869
f 912/308/848 927/331/870 928/333/872
f 914/314/852 913/310/850 928/333/872
f 906/312/851 921/335/873 922/338/875
f 915/316/854 914/314/852 929/337/874
f 926/329/868 941/341/890 942/342/876
f 935/332/871 934/330/869 949/340/877
f 927/331/870 942/342/876 943/344/879
f 929/337/874 928/333/872 943/344/879
f 921/335/873 936/346/880 937/349/882
f 930/322/862 929/337/874 944/348/881
f 922/338/875 937/349/882 938/351/884
f 931/324/863 930/322/862 945/350/883
f 923/323/861 938/351/884 939/353/886
f 932/326/865 931/324/863 946/352/885
f 924/325/864 939/353/886 940/355/888
f 933/328/867 932/326/865 947/354/887
f 925/327/866 940/355/888 941/341/890
f 934/330/869 933/328/867 948/339/889
f 946/352/885 945/350/883 961/358/891
f 938/351/884 954/357/905 955/360/893
f 947/354/887 946/352/885 962/359/892
f 939/353/886 955/360/893 956/362/895
f 948/339/889 947/354/887 963/361/894
f 940/355/888 956/362/895 957/364/897
f 949/340/877 948/339/889 964/363/896
f 941/341/890 957/364/897 958/366/899
f 950/343/878 949/340/877 965/365/898
f 942/342/876 958/366/899 959/368/901
f 944/348/881 943/344/879 959/368/901
f 936/346/880 952/370/902 953/356/904
f 945/350/883 944/348/881 960/372/903
f 937/349/882 953/356/904 954/357/905
f 966/367/900 965/365/898 980/375/906
f 958/366/899 973/374/920 974/377/908
f 960/372/903 959/368/901 974/377/908
f 952/370/902 967/379/909 968/382/911
f 961/358/891 960/372/903 975/381/910
f 953/356/904 968/382/911 969/384/913
f 962/359/892 961/358/891 976/383/912
f 954/357/905 969/384/913 970/386/915
f 963/361/894 962/359/892 977/385/914
f 955/360/893 970/386/915 971/388/917
f 964/363/896 963/361/894 978/387/916
f 956/362/895 971/388/917 972/373/919
f 965/365/898 964/363/896 979/389/918
f 957/364/897 972/373/919 973/374/920
f 969/384/913 984/406/935 985/392/921
f 978/387/916 977/385/914 992/391/922
f 970/386/915 985/392/921 986/394/924
f 979/389/918 978/387/916 993/393/923
f 971/388/917 986/394/924 987/396/926
f 980/375/906 979/389/918 994/395/925
f 972/373/919 987/396/926 988/398/928
f 981/376/907 980/375/906 995/397/927
f 973/374/920 988/398/928 989/400/930
f 975/381/910 974/377/908 989/400/930
f 967/379/909 982/402/931 983/405/933
f 976/383/912 975/381/910 990/404/932
f 968/382/911 983/405/933 984/406/935
f 977/385/914 976/383/912 991/390/934
f 988/398/928 1003/423/949 1004/409/135
f 990/404/932 989/400/930 1004/409/135
f 982/402/931 997/411/936 998/414/939
f 991/390/934 990/404/932 1005/413/938
f 983/405/933 998/414/939 999/416/941
f 992/391/922 991/390/934 1006/415/940
f 984/406/935 999/416/941 1000/418/943
f 993/393/923 992/391/922 1007/417/942
f 985/392/921 1000/418/943 1001/420/945
f 994/395/925 993/393/923 1008/419/944
f 986/394/924 1001/420/945 1002/422/947
f 995/397/927 994/395/925 1009/421/946
f 987/396/926 1002/422/947 1003/423/949
f 996/399/929 995/397/927 1010/407/948
f 1007/427/942 1022/455/964 1023/428/950
f 1001/430/945 1000/424/943 1015/426/951
f 1008/429/944 1023/428/950 1024/432/953
f 1002/435/947 1001/430/945 1016/431/952
f 1009/433/946 1024/432/953 1025/436/955
f 1003/438/949 1002/435/947 1017/434/954
f 1010/437/948 1025/436/955 1026/440/957
f 1004/442/135 1003/438/949 1018/439/956
f 1004/442/135 1019/443/958 1020/448/960
f 998/450/939 997/444/936 1012/446/959
f 1005/449/938 1020/448/960 1021/452/962
f 999/454/941 998/450/939 1013/451/961
f 1006/453/940 1021/452/962 1022/455/964
f 1000/424/943 999/454/941 1014/425/963
f 1019/443/958 1034/457/979 1035/462/966
f 1013/451/961 1012/446/959 1027/459/967
f 1020/448/960 1035/462/966 1036/464/969
f 1014/425/963 1013/451/961 1028/463/968
f 1021/452/962 1036/464/969 1037/466/971
f 1015/426/951 1014/425/963 1029/465/970
f 1022/455/964 1037/466/971 1038/468/973
f 1016/431/952 1015/426/951 1030/467/972
f 1023/428/950 1038/468/973 1039/470/975
f 1017/434/954 1016/431/952 1031/469/974
f 1024/432/953 1039/470/975 1040/472/977
f 1018/439/956 1017/434/954 1032/471/976
f 1025/436/955 1040/472/977 1041/461/965
f 1019/443/958 1018/439/956 1033/456/978
f 1038/468/973 1053/473/994 1054/476/980
f 1032/471/976 1031/469/974 1046/475/981
f 1039/470/975 1054/476/980 1055/478/983
f 1033/456/978 1032/471/976 1047/477/982
f 1040/472/977 1055/478/983 1056/480/985
f 1034/457/979 1033/456/978 1048/479/984
f 1034/457/979 1049/481/986 1050/485/988
f 1028/463/968 1027/459/967 1042/483/987
f 1035/462/966 1050/485/988 1051/487/990
f 1029/465/970 1028/463/968 1043/486/989
f 1036/464/969 1051/487/990 1052/489/992
f 1030/467/972 1029/465/970 1044/488/991
f 1037/466/971 1052/489/992 1053/473/994
f 1031/469/974 1030/467/972 1045/474/993
f 1043/486/989 1042/483/987 1057/493/995
f 1050/485/988 1065/492/1009 1066/495/997
f 1044/488/991 1043/486/989 1058/494/996
f 1051/487/990 1066/495/997 1067/497/999
f 1045/474/993 1044/488/991 1059/496/998
f 1052/489/992 1067/497/999 1068/499/1001
f 1046/475/981 1045/474/993 1060/498/1000
f 1053/473/994 1068/499/1001 1069/501/1003
f 1047/477/982 1046/475/981 1061/500/1002
f 1054/476/980 1069/501/1003 1070/503/1005
f 1048/479/984 1047/477/982 1062/502/1004
f 1055/478/983 1070/503/1005 1071/491/1007
f 1049/481/986 1048/479/984 1063/504/1006
f 1049/481/986 1064/505/1008 1065/492/1009
f 1062/502/1004 1061/500/1002 1076/523/1010
f 1069/501/1003 1084/507/1024 1085/509/1012
f 1063/504/1006 1062/502/1004 1077/508/1011
f 1070/503/1005 1085/509/1012 1086/511/1014
f 1064/505/1008 1063/504/1006 1078/510/1013
f 1064/505/1008 1079/512/1015 1080/516/1017
f 1058/494/996 1057/493/995 1072/514/1016
f 1065/492/1009 1080/516/1017 1081/518/1019
f 1059/496/998 1058/494/996 1073/517/1018
f 1066/495/997 1081/518/1019 1082/520/1021
f 1060/498/1000 1059/496/998 1074/519/1020
f 1067/497/999 1082/520/1021 1083/522/1023
f 1061/500/1002 1060/498/1000 1075/521/1022
f 1068/499/1001 1083/522/1023 1084/507/1024
f 1080/516/1017 1095/540/1039 1096/525/1025
f 1074/519/1020 1073/517/1018 1088/524/1026
f 1081/518/1019 1096/525/1025 1097/527/1028
f 1075/521/1022 1074/519/1020 1089/526/1027
f 1082/520/1021 1097/527/1028 1098/529/1030
f 1076/523/1010 1075/521/1022 1090/528/1029
f 1083/522/1023 1098/529/1030 1099/531/1032
f 1077/508/1011 1076/523/1010 1091/530/1031
f 1084/507/1024 1099/531/1032 1100/533/1034
f 1078/510/1013 1077/508/1011 1092/532/1033
f 1085/509/1012 1100/533/1034 1101/535/1036
f 1079/512/1015 1078/510/1013 1093/534/1035
f 1079/512/1015 1094/536/1037 1095/540/1039
f 1073/517/1018 1072/514/1016 1087/538/1038
f 1099/531/1032 1114/557/1054 1115/542/1040
f 1093/534/1035 1092/532/1033 1107/541/1041
f 1100/533/1034 1115/542/1040 1116/544/1043
f 1094/536/1037 1093/534/1035 1108/543/1042
f 1094/536/1037 1109/545/1044 1110/549/1046
f 1088/524/1026 1087/538/1038 1102/547/1045
f 1095/540/1039 1110/549/1046 1111/551/1048
f 1089/526/1027 1088/524/1026 1103/550/1047
f 1096/525/1025 1111/551/1048 1112/553/1050
f 1090/528/1029 1089/526/1027 1104/552/1049
f 1097/527/1028 1112/553/1050 1113/555/1052
f 1091/530/1031 1090/528/1029 1105/554/1051
f 1098/529/1030 1113/555/1052 1114/557/1054
f 1092/532/1033 1091/530/1031 1106/556/1053
f 1104/552/1049 1103/550/1047 1118/1/582
f 1111/551/1048 1121/6/579 649/9/585
f 1105/554/1051 1104/552/1049 644/8/584
f 1112/553/1050 649/9/585 1122/13/589
f 1106/556/1053 1105/554/1051 1119/11/588
f 1113/555/1052 1122/13/589 1123/18/593
f 1107/541/1041 1106/556/1053 645/16/592
f 1114/557/1054 1123/18/593 1124/22/597
f 1108/543/1042 1107/541/1041 1120/20/596
f 1115/542/1040 1124/22/597 1125/26/601
f 1109/545/1044 1108/543/1042 646/23/600
f 1109/545/1044 647/28/28 648/4/606
f 1103/550/1047 1102/547/1045 1117/29/604
f 1110/549/1046 648/4/606 1121/6/579
usemtl Material.003
f 1603/6/579 1140/32/580 1141/5/581
f 1600/1/582 1134/7/583 1126/8/584
f 1131/9/585 1141/5/581 1142/10/586
f 1126/8/584 1135/12/587 1601/11/588
f 1604/13/589 1142/10/586 1143/14/590
f 1601/11/588 1136/15/591 1127/16/592
f 1605/18/593 1143/14/590 1144/17/594
f 1127/16/592 1137/19/595 1602/20/596
f 1606/22/597 1144/17/594 1145/21/598
f 1602/20/596 1138/24/599 1128/23/1055
f 1607/26/601 1145/21/598 1146/25/602
f 1128/23/1055 1139/27/603 1129/28/28
f 1599/29/604 1207/30/31 1132/2/605
f 1433/31/30 1607/26/601 1146/25/602
f 1130/4/1056 1139/27/603 1140/32/580
f 1599/29/604 1133/3/607 1600/1/582
f 1140/32/580 1154/37/608 1155/38/609
f 1132/2/605 1148/39/610 1133/3/607
f 1141/5/581 1155/38/609 1156/40/611
f 1133/3/607 1149/41/612 1134/7/583
f 1142/10/586 1156/40/611 1157/42/613
f 1134/7/583 1150/43/1057 1135/12/587
f 1143/14/590 1157/42/613 1158/44/1058
f 1135/12/587 1151/45/616 1136/15/591
f 1144/17/594 1158/44/1058 1159/46/617
f 1136/15/591 1152/47/618 1137/19/595
f 1145/21/598 1159/46/617 1160/48/619
f 1137/19/595 1153/49/620 1138/24/599
f 1146/25/602 1160/48/619 1161/36/621
f 1138/24/599 1154/37/608 1139/27/603
f 1132/2/605 1207/33/31 1147/34/622
f 1433/35/30 1146/25/602 1161/36/621
f 1159/46/617 1173/52/623 1174/53/624
f 1151/45/616 1167/54/625 1152/47/618
f 1160/48/619 1174/53/624 1175/55/626
f 1152/47/618 1168/56/627 1153/49/620
f 1161/36/621 1175/55/626 1176/57/628
f 1153/49/620 1169/58/1059 1154/37/608
f 1147/34/622 1207/59/31 1162/60/630
f 1433/61/30 1161/36/621 1176/57/628
f 1155/38/609 1169/58/1059 1170/62/631
f 1147/34/622 1163/63/632 1148/39/610
f 1156/40/611 1170/62/631 1171/64/633
f 1148/39/610 1164/65/634 1149/41/612
f 1157/42/613 1171/64/633 1172/66/635
f 1149/41/612 1165/50/636 1150/43/1057
f 1158/44/1058 1172/66/635 1173/52/623
f 1150/43/1057 1166/51/637 1151/45/616
f 1162/60/630 1178/69/638 1163/63/632
f 1171/64/633 1185/67/1060 1186/70/640
f 1163/63/632 1179/71/641 1164/65/634
f 1172/66/635 1186/70/640 1187/72/642
f 1164/65/634 1180/73/1061 1165/50/636
f 1173/52/623 1187/72/642 1188/74/644
f 1165/50/636 1181/75/645 1166/51/637
f 1174/53/624 1188/74/644 1189/76/646
f 1166/51/637 1182/77/647 1167/54/625
f 1175/55/626 1189/76/646 1190/78/648
f 1167/54/625 1183/79/1062 1168/56/627
f 1176/57/628 1190/78/648 1191/80/650
f 1168/56/627 1184/81/651 1169/58/1059
f 1162/60/630 1207/82/31 1177/68/652
f 1433/83/30 1176/57/628 1191/80/650
f 1170/62/631 1184/81/651 1185/67/1060
f 1181/75/645 1197/86/653 1182/77/647
f 1190/78/648 1204/84/654 1205/87/655
f 1182/77/647 1198/88/656 1183/79/1062
f 1191/80/650 1205/87/655 1206/89/657
f 1183/79/1062 1199/90/658 1184/81/651
f 1177/68/652 1207/91/31 1192/92/659
f 1433/93/30 1191/80/650 1206/89/657
f 1185/67/1060 1199/90/658 1200/94/660
f 1177/68/652 1193/95/661 1178/69/638
f 1186/70/640 1200/94/660 1201/96/662
f 1178/69/638 1194/97/663 1179/71/641
f 1187/72/642 1201/96/662 1202/98/664
f 1179/71/641 1195/99/665 1180/73/1061
f 1188/74/644 1202/98/664 1203/100/666
f 1180/73/1061 1196/85/667 1181/75/645
f 1189/76/646 1203/100/666 1204/84/654
f 1201/96/662 1216/102/668 1217/103/669
f 1193/95/661 1210/104/670 1194/97/663
f 1202/98/664 1217/103/669 1218/105/671
f 1194/97/663 1211/106/672 1195/99/665
f 1203/100/666 1218/105/671 1219/107/673
f 1195/99/665 1212/108/674 1196/85/667
f 1204/84/654 1219/107/673 1220/109/675
f 1196/85/667 1213/110/676 1197/86/653
f 1205/87/655 1220/109/675 1221/111/677
f 1197/86/653 1214/112/678 1198/88/656
f 1206/89/657 1221/111/677 1222/113/679
f 1198/88/656 1215/114/680 1199/90/658
f 1192/92/659 1207/115/31 1208/116/681
f 1433/117/30 1206/89/657 1222/113/679
f 1200/94/660 1215/114/680 1216/102/668
f 1192/92/659 1209/101/682 1193/95/661
f 1221/111/677 1235/134/683 1236/120/684
f 1213/110/676 1229/121/685 1214/112/678
f 1222/113/679 1236/120/684 1237/122/686
f 1214/112/678 1230/123/687 1215/114/680
f 1208/116/681 1207/124/31 1223/125/688
f 1433/126/30 1222/113/679 1237/122/686
f 1216/102/668 1230/123/687 1231/127/689
f 1208/116/681 1224/128/690 1209/101/682
f 1217/103/669 1231/127/689 1232/129/691
f 1209/101/682 1225/130/692 1210/104/670
f 1218/105/671 1232/129/691 1233/131/693
f 1210/104/670 1226/132/694 1211/106/672
f 1219/107/673 1233/131/693 1234/133/695
f 1211/106/672 1227/118/696 1212/108/674
f 1220/109/675 1234/133/695 1235/134/683
f 1212/108/674 1228/119/697 1213/110/676
f 1233/131/693 1247/136/698 1248/138/699
f 1225/130/692 1241/139/700 1226/132/694
f 1234/133/695 1248/138/699 1249/140/701
f 1226/132/694 1242/141/702 1227/118/696
f 1235/134/683 1249/140/701 1250/142/703
f 1227/118/696 1243/143/704 1228/119/697
f 1236/120/684 1250/142/703 1251/144/705
f 1228/119/697 1244/145/706 1229/121/685
f 1237/122/686 1251/144/705 1252/146/707
f 1229/121/685 1245/147/365 1230/123/687
f 1223/125/688 1207/148/31 1238/149/708
f 1433/150/30 1237/122/686 1252/146/707
f 1231/127/689 1245/147/365 1246/135/709
f 1223/125/688 1239/151/710 1224/128/690
f 1232/129/691 1246/135/709 1247/136/698
f 1224/128/690 1240/137/711 1225/130/692
f 1251/144/705 1267/155/712 1252/146/707
f 1245/147/365 1259/154/713 1260/156/714
f 1238/149/708 1207/157/31 1253/158/715
f 1433/159/30 1252/146/707 1267/155/712
f 1245/147/365 1261/160/716 1246/135/709
f 1239/151/710 1253/158/715 1254/161/717
f 1246/135/709 1262/162/718 1247/136/698
f 1240/137/711 1254/161/717 1255/163/719
f 1247/136/698 1263/164/720 1248/138/699
f 1241/139/700 1255/163/719 1256/165/721
f 1248/138/699 1264/166/722 1249/140/701
f 1242/141/702 1256/165/721 1257/167/723
f 1249/140/701 1265/168/724 1250/142/703
f 1243/143/704 1257/167/723 1258/153/725
f 1250/142/703 1266/152/726 1251/144/705
f 1244/145/706 1258/153/725 1259/154/713
f 1256/165/721 1270/185/727 1271/171/728
f 1263/164/720 1279/172/729 1264/166/722
f 1257/167/723 1271/171/728 1272/173/730
f 1264/166/722 1280/174/731 1265/168/724
f 1258/153/725 1272/173/730 1273/175/732
f 1265/168/724 1281/176/733 1266/152/726
f 1259/154/713 1273/175/732 1274/177/734
f 1266/152/726 1282/178/735 1267/155/712
f 1260/156/714 1274/177/734 1275/179/736
f 1253/158/715 1207/180/31 1268/181/737
f 1433/182/30 1267/155/712 1282/178/735
f 1260/156/714 1276/183/738 1261/160/716
f 1254/161/717 1268/181/737 1269/184/739
f 1261/160/716 1277/169/740 1262/162/718
f 1255/163/719 1269/184/739 1270/185/727
f 1262/162/718 1278/170/741 1263/164/720
f 1275/179/736 1289/187/742 1290/188/743
f 1268/181/737 1207/189/31 1283/190/744
f 1433/191/30 1282/178/735 1297/186/745
f 1275/179/736 1291/192/746 1276/183/738
f 1269/184/739 1283/190/744 1284/193/747
f 1276/183/738 1292/194/748 1277/169/740
f 1270/185/727 1284/193/747 1285/195/749
f 1277/169/740 1293/196/750 1278/170/741
f 1271/171/728 1285/195/749 1286/197/751
f 1278/170/741 1294/198/752 1279/172/729
f 1272/173/730 1286/197/751 1287/199/753
f 1279/172/729 1295/200/754 1280/174/731
f 1273/175/732 1287/199/753 1288/201/755
f 1280/174/731 1296/202/756 1281/176/733
f 1274/177/734 1288/201/755 1289/187/742
f 1281/176/733 1297/186/745 1282/178/735
f 1293/196/750 1309/204/757 1294/198/752
f 1287/199/753 1301/203/758 1302/205/759
f 1294/198/752 1310/206/760 1295/200/754
f 1288/201/755 1302/205/759 1303/207/761
f 1295/200/754 1311/208/762 1296/202/756
f 1289/187/742 1303/207/761 1304/209/1063
f 1296/202/756 1312/210/764 1297/186/745
f 1290/188/743 1304/209/1063 1305/211/765
f 1283/190/744 1207/212/31 1298/213/766
f 1433/214/30 1297/186/745 1312/210/764
f 1290/188/743 1306/215/1064 1291/192/746
f 1284/193/747 1298/213/766 1299/216/768
f 1291/192/746 1307/217/769 1292/194/748
f 1285/195/749 1299/216/768 1300/218/770
f 1292/194/748 1308/219/771 1293/196/750
f 1286/197/751 1300/218/770 1301/203/758
f 1298/213/766 1207/222/31 1313/223/772
f 1433/224/30 1312/210/764 1327/225/773
f 1305/211/765 1321/226/774 1306/215/1064
f 1299/216/768 1313/223/772 1314/227/775
f 1306/215/1064 1322/228/776 1307/217/769
f 1300/218/770 1314/227/775 1315/229/777
f 1307/217/769 1323/230/778 1308/219/771
f 1301/203/758 1315/229/777 1316/231/779
f 1308/219/771 1324/232/780 1309/204/757
f 1302/205/759 1316/231/779 1317/233/781
f 1309/204/757 1325/234/782 1310/206/760
f 1303/207/761 1317/233/781 1318/235/783
f 1310/206/760 1326/236/784 1311/208/762
f 1304/209/1063 1318/235/783 1319/220/785
f 1311/208/762 1327/225/773 1312/210/764
f 1305/211/765 1319/220/785 1320/221/1065
f 1317/233/781 1331/253/1066 1332/239/788
f 1324/232/780 1340/240/789 1325/234/782
f 1318/235/783 1332/239/788 1333/241/790
f 1325/234/782 1341/242/791 1326/236/784
f 1319/220/785 1333/241/790 1334/243/792
f 1326/236/784 1342/244/793 1327/225/773
f 1320/221/1065 1334/243/792 1335/245/794
f 1313/223/772 1207/246/31 1328/247/795
f 1433/248/30 1327/225/773 1342/244/793
f 1320/221/1065 1336/249/1067 1321/226/774
f 1314/227/775 1328/247/795 1329/250/797
f 1321/226/774 1337/251/798 1322/228/776
f 1315/229/777 1329/250/797 1330/252/799
f 1322/228/776 1338/237/800 1323/230/778
f 1316/231/779 1330/252/799 1331/253/1066
f 1323/230/778 1339/238/1068 1324/232/780
f 1335/245/794 1351/258/1069 1336/249/1067
f 1329/250/797 1343/255/803 1344/259/804
f 1336/249/1067 1352/260/805 1337/251/798
f 1330/252/799 1344/259/804 1345/261/806
f 1337/251/798 1353/262/1070 1338/237/800
f 1331/253/1066 1345/261/806 1346/263/808
f 1338/237/800 1354/264/809 1339/238/1068
f 1332/239/788 1346/263/808 1347/265/1071
f 1339/238/1068 1355/266/811 1340/240/789
f 1333/241/790 1347/265/1071 1348/267/812
f 1340/240/789 1356/268/813 1341/242/791
f 1334/243/792 1348/267/812 1349/269/1072
f 1341/242/791 1357/257/815 1342/244/793
f 1335/245/794 1349/269/1072 1350/270/816
f 1328/247/795 1207/254/31 1343/255/803
f 1433/256/30 1342/244/793 1357/257/815
f 1354/264/809 1370/273/817 1355/266/811
f 1348/267/812 1362/271/818 1363/274/819
f 1355/266/811 1371/275/820 1356/268/813
f 1349/269/1072 1363/274/819 1364/276/1073
f 1356/268/813 1372/277/822 1357/257/815
f 1350/270/816 1364/276/1073 1365/278/250
f 1343/255/803 1207/279/31 1358/280/823
f 1433/281/30 1357/257/815 1372/277/822
f 1350/270/816 1366/282/1074 1351/258/1069
f 1344/259/804 1358/280/823 1359/283/825
f 1351/258/1069 1367/284/826 1352/260/805
f 1345/261/806 1359/283/825 1360/285/827
f 1352/260/805 1368/286/828 1353/262/1070
f 1346/263/808 1360/285/827 1361/287/829
f 1353/262/1070 1369/272/830 1354/264/809
f 1347/265/1071 1361/287/829 1362/271/818
f 1367/284/826 1381/288/831 1382/291/832
f 1359/283/825 1375/292/833 1360/285/827
f 1368/286/828 1382/291/832 1383/293/834
f 1360/285/827 1376/294/835 1361/287/829
f 1369/272/830 1383/293/834 1384/295/836
f 1361/287/829 1377/296/837 1362/271/818
f 1370/273/817 1384/295/836 1385/297/838
f 1362/271/818 1378/298/839 1363/274/819
f 1371/275/820 1385/297/838 1386/299/840
f 1363/274/819 1379/300/841 1364/276/1073
f 1372/277/822 1386/299/840 1387/301/842
f 1364/276/1073 1380/302/843 1365/278/250
f 1358/280/823 1207/303/31 1373/289/844
f 1433/304/30 1372/277/822 1387/301/842
f 1366/282/1074 1380/302/843 1381/288/831
f 1358/280/823 1374/290/845 1359/283/825
f 1386/299/840 1400/305/846 1401/307/847
f 1378/298/839 1394/308/848 1379/300/841
f 1387/301/842 1401/307/847 1402/309/849
f 1379/300/841 1395/310/850 1380/302/843
f 1373/289/844 1207/311/31 1388/312/851
f 1433/313/30 1387/301/842 1402/309/849
f 1381/288/831 1395/310/850 1396/314/852
f 1373/289/844 1389/315/853 1374/290/845
f 1382/291/832 1396/314/852 1397/316/854
f 1374/290/845 1390/317/855 1375/292/833
f 1383/293/834 1397/316/854 1398/318/856
f 1375/292/833 1391/319/1075 1376/294/835
f 1384/295/836 1398/318/856 1399/320/1076
f 1376/294/835 1392/321/859 1377/296/837
f 1385/297/838 1399/320/1076 1400/305/846
f 1377/296/837 1393/306/860 1378/298/839
f 1389/315/853 1405/323/861 1390/317/855
f 1398/318/856 1412/322/862 1413/324/863
f 1390/317/855 1406/325/864 1391/319/1075
f 1399/320/1076 1413/324/863 1414/326/865
f 1391/319/1075 1407/327/866 1392/321/859
f 1400/305/846 1414/326/865 1415/328/867
f 1392/321/859 1408/329/868 1393/306/860
f 1401/307/847 1415/328/867 1416/330/869
f 1393/306/860 1409/331/870 1394/308/848
f 1402/309/849 1416/330/869 1417/332/871
f 1394/308/848 1410/333/872 1395/310/850
f 1388/312/851 1207/334/31 1403/335/873
f 1433/336/30 1402/309/849 1417/332/871
f 1396/314/852 1410/333/872 1411/337/874
f 1388/312/851 1404/338/875 1389/315/853
f 1397/316/854 1411/337/874 1412/322/862
f 1408/329/868 1424/342/876 1409/331/870
f 1417/332/871 1431/340/877 1432/343/878
f 1409/331/870 1425/344/879 1410/333/872
f 1403/335/873 1207/345/31 1418/346/880
f 1433/347/30 1417/332/871 1432/343/878
f 1411/337/874 1425/344/879 1426/348/881
f 1403/335/873 1419/349/882 1404/338/875
f 1412/322/862 1426/348/881 1427/350/883
f 1404/338/875 1420/351/884 1405/323/861
f 1413/324/863 1427/350/883 1428/352/885
f 1405/323/861 1421/353/886 1406/325/864
f 1414/326/865 1428/352/885 1429/354/887
f 1406/325/864 1422/355/888 1407/327/866
f 1415/328/867 1429/354/887 1430/339/889
f 1407/327/866 1423/341/890 1408/329/868
f 1416/330/869 1430/339/889 1431/340/877
f 1428/352/885 1443/358/891 1444/359/892
f 1420/351/884 1437/360/893 1421/353/886
f 1429/354/887 1444/359/892 1445/361/894
f 1421/353/886 1438/362/895 1422/355/888
f 1430/339/889 1445/361/894 1446/363/896
f 1422/355/888 1439/364/897 1423/341/890
f 1431/340/877 1446/363/896 1447/365/898
f 1423/341/890 1440/366/899 1424/342/876
f 1432/343/878 1447/365/898 1448/367/900
f 1424/342/876 1441/368/901 1425/344/879
f 1418/346/880 1207/369/31 1434/370/902
f 1433/371/30 1432/343/878 1448/367/900
f 1426/348/881 1441/368/901 1442/372/903
f 1418/346/880 1435/356/904 1419/349/882
f 1427/350/883 1442/372/903 1443/358/891
f 1419/349/882 1436/357/905 1420/351/884
f 1448/367/900 1462/375/906 1463/376/907
f 1440/366/899 1456/377/908 1441/368/901
f 1434/370/902 1207/378/31 1449/379/909
f 1433/380/30 1448/367/900 1463/376/907
f 1442/372/903 1456/377/908 1457/381/910
f 1434/370/902 1450/382/911 1435/356/904
f 1443/358/891 1457/381/910 1458/383/912
f 1435/356/904 1451/384/913 1436/357/905
f 1444/359/892 1458/383/912 1459/385/914
f 1436/357/905 1452/386/915 1437/360/893
f 1445/361/894 1459/385/914 1460/387/916
f 1437/360/893 1453/388/917 1438/362/895
f 1446/363/896 1460/387/916 1461/389/918
f 1438/362/895 1454/373/919 1439/364/897
f 1447/365/898 1461/389/918 1462/375/906
f 1439/364/897 1455/374/920 1440/366/899
f 1451/384/913 1467/392/921 1452/386/915
f 1460/387/916 1474/391/922 1475/393/923
f 1452/386/915 1468/394/924 1453/388/917
f 1461/389/918 1475/393/923 1476/395/925
f 1453/388/917 1469/396/926 1454/373/919
f 1462/375/906 1476/395/925 1477/397/927
f 1454/373/919 1470/398/928 1455/374/920
f 1463/376/907 1477/397/927 1478/399/929
f 1455/374/920 1471/400/930 1456/377/908
f 1449/379/909 1207/401/31 1464/402/931
f 1433/403/30 1463/376/907 1478/399/929
f 1457/381/910 1471/400/930 1472/404/932
f 1449/379/909 1465/405/933 1450/382/911
f 1458/383/912 1472/404/932 1473/390/934
f 1450/382/911 1466/406/935 1451/384/913
f 1459/385/914 1473/390/934 1474/391/922
f 1470/398/928 1486/409/135 1471/400/930
f 1464/402/931 1207/410/31 1479/411/936
f 1433/412/30 1478/399/929 1493/408/937
f 1472/404/932 1486/409/135 1487/413/938
f 1464/402/931 1480/414/939 1465/405/933
f 1473/390/934 1487/413/938 1488/415/940
f 1465/405/933 1481/416/941 1466/406/935
f 1474/391/922 1488/415/940 1489/417/942
f 1466/406/935 1482/418/943 1467/392/921
f 1475/393/923 1489/417/942 1490/419/1077
f 1467/392/921 1483/420/945 1468/394/924
f 1476/395/925 1490/419/1077 1491/421/946
f 1468/394/924 1484/422/947 1469/396/926
f 1477/397/927 1491/421/946 1492/407/948
f 1469/396/926 1485/423/949 1470/398/928
f 1478/399/929 1492/407/948 1493/408/937
f 1489/427/942 1505/428/950 1490/429/1077
f 1483/430/945 1497/426/951 1498/431/952
f 1490/429/1077 1506/432/953 1491/433/946
f 1484/435/947 1498/431/952 1499/434/954
f 1491/433/946 1507/436/955 1492/437/948
f 1485/438/949 1499/434/954 1500/439/956
f 1492/437/948 1508/440/1078 1493/441/937
f 1486/442/135 1500/439/956 1501/443/958
f 1479/444/936 1207/445/31 1494/446/1079
f 1433/447/30 1493/441/937 1508/440/1078
f 1486/442/135 1502/448/960 1487/449/938
f 1480/450/939 1494/446/1079 1495/451/961
f 1487/449/938 1503/452/962 1488/453/940
f 1481/454/941 1495/451/961 1496/425/963
f 1488/453/940 1504/455/964 1489/427/942
f 1482/424/943 1496/425/963 1497/426/951
f 1433/460/30 1508/440/1078 1523/461/965
f 1501/443/958 1517/462/966 1502/448/960
f 1495/451/961 1509/459/967 1510/463/968
f 1502/448/960 1518/464/969 1503/452/962
f 1496/425/963 1510/463/968 1511/465/970
f 1503/452/962 1519/466/971 1504/455/964
f 1497/426/951 1511/465/970 1512/467/972
f 1504/455/964 1520/468/973 1505/428/950
f 1498/431/952 1512/467/972 1513/469/974
f 1505/428/950 1521/470/975 1506/432/953
f 1499/434/954 1513/469/974 1514/471/976
f 1506/432/953 1522/472/977 1507/436/955
f 1500/439/956 1514/471/976 1515/456/978
f 1507/436/955 1523/461/965 1508/440/1078
f 1501/443/958 1515/456/978 1516/457/979
f 1494/446/1079 1207/458/31 1509/459/967
f 1520/468/973 1536/476/980 1521/470/975
f 1514/471/976 1528/475/981 1529/477/982
f 1521/470/975 1537/478/983 1522/472/977
f 1515/456/978 1529/477/982 1530/479/984
f 1522/472/977 1538/480/985 1523/461/965
f 1516/457/979 1530/479/984 1531/481/986
f 1509/459/967 1207/482/31 1524/483/987
f 1433/484/30 1523/461/965 1538/480/985
f 1516/457/979 1532/485/988 1517/462/966
f 1510/463/968 1524/483/987 1525/486/989
f 1517/462/966 1533/487/990 1518/464/969
f 1511/465/970 1525/486/989 1526/488/991
f 1518/464/969 1534/489/992 1519/466/971
f 1512/467/972 1526/488/991 1527/474/1080
f 1519/466/971 1535/473/1081 1520/468/973
f 1513/469/974 1527/474/1080 1528/475/981
f 1525/486/989 1539/493/995 1540/494/996
f 1532/485/988 1548/495/997 1533/487/990
f 1526/488/991 1540/494/996 1541/496/998
f 1533/487/990 1549/497/999 1534/489/992
f 1527/474/1080 1541/496/998 1542/498/1000
f 1534/489/992 1550/499/1001 1535/473/1081
f 1528/475/981 1542/498/1000 1543/500/1002
f 1535/473/1081 1551/501/1003 1536/476/980
f 1529/477/982 1543/500/1002 1544/502/1004
f 1536/476/980 1552/503/1005 1537/478/983
f 1530/479/984 1544/502/1004 1545/504/1082
f 1537/478/983 1553/491/1007 1538/480/985
f 1531/481/986 1545/504/1082 1546/505/1008
f 1524/483/987 1207/506/31 1539/493/995
f 1433/490/30 1538/480/985 1553/491/1007
f 1531/481/986 1547/492/1083 1532/485/988
f 1544/502/1004 1558/523/1010 1559/508/1011
f 1551/501/1003 1567/509/1012 1552/503/1005
f 1545/504/1082 1559/508/1011 1560/510/1013
f 1552/503/1005 1568/511/1014 1553/491/1007
f 1546/505/1008 1560/510/1013 1561/512/1084
f 1539/493/995 1207/513/31 1554/514/1016
f 1433/515/30 1553/491/1007 1568/511/1014
f 1546/505/1008 1562/516/1017 1547/492/1083
f 1540/494/996 1554/514/1016 1555/517/1018
f 1547/492/1083 1563/518/1019 1548/495/997
f 1541/496/998 1555/517/1018 1556/519/1020
f 1548/495/997 1564/520/1021 1549/497/999
f 1542/498/1000 1556/519/1020 1557/521/1022
f 1549/497/999 1565/522/1023 1550/499/1001
f 1543/500/1002 1557/521/1022 1558/523/1010
f 1550/499/1001 1566/507/1024 1551/501/1003
f 1562/516/1017 1578/525/1025 1563/518/1019
f 1556/519/1020 1570/524/1026 1571/526/1085
f 1563/518/1019 1579/527/1028 1564/520/1021
f 1557/521/1022 1571/526/1085 1572/528/1086
f 1564/520/1021 1580/529/1087 1565/522/1023
f 1558/523/1010 1572/528/1086 1573/530/1031
f 1565/522/1023 1581/531/1088 1566/507/1024
f 1559/508/1011 1573/530/1031 1574/532/1033
f 1566/507/1024 1582/533/1034 1567/509/1012
f 1560/510/1013 1574/532/1033 1575/534/1035
f 1567/509/1012 1583/535/1036 1568/511/1014
f 1561/512/1084 1575/534/1035 1576/536/1037
f 1554/514/1016 1207/537/31 1569/538/1038
f 1433/539/30 1568/511/1014 1583/535/1036
f 1561/512/1084 1577/540/1039 1562/516/1017
f 1555/517/1018 1569/538/1038 1570/524/1026
f 1581/531/1088 1597/542/1040 1582/533/1034
f 1575/534/1035 1589/541/1041 1590/543/1042
f 1582/533/1034 1598/544/1043 1583/535/1036
f 1576/536/1037 1590/543/1042 1591/545/1044
f 1569/538/1038 1207/546/31 1584/547/1045
f 1433/548/30 1583/535/1036 1598/544/1043
f 1576/536/1037 1592/549/1046 1577/540/1039
f 1570/524/1026 1584/547/1045 1585/550/1047
f 1577/540/1039 1593/551/1048 1578/525/1025
f 1571/526/1085 1585/550/1047 1586/552/1089
f 1578/525/1025 1594/553/1090 1579/527/1028
f 1572/528/1086 1586/552/1089 1587/554/1051
f 1579/527/1028 1595/555/1052 1580/529/1087
f 1573/530/1031 1587/554/1051 1588/556/1091
f 1580/529/1087 1596/557/1092 1581/531/1088
f 1574/532/1033 1588/556/1091 1589/541/1041
f 1586/552/1089 1600/1/582 1126/8/584
f 1593/551/1048 1131/9/585 1594/553/1090
f 1587/554/1051 1126/8/584 1601/11/588
f 1594/553/1090 1604/13/589 1595/555/1052
f 1588/556/1091 1601/11/588 1127/16/592
f 1595/555/1052 1605/18/593 1596/557/1092
f 1589/541/1041 1127/16/592 1602/20/596
f 1596/557/1092 1606/22/597 1597/542/1040
f 1590/543/1042 1602/20/596 1128/23/1055
f 1597/542/1040 1607/26/601 1598/544/1043
f 1591/545/1044 1128/23/1055 1129/28/28
f 1584/547/1045 1207/558/31 1599/29/604
f 1433/559/30 1598/544/1043 1607/26/601
f 1591/545/1044 1130/4/1056 1592/549/1046
f 1585/550/1047 1599/29/604 1600/1/582
f 1592/549/1046 1603/6/579 1593/551/1048
f 1603/6/579 1130/4/1056 1140/32/580
f 1600/1/582 1133/3/607 1134/7/583
f 1131/9/585 1603/6/579 1141/5/581
f 1126/8/584 1134/7/583 1135/12/587
f 1604/13/589 1131/9/585 1142/10/586
f 1601/11/588 1135/12/587 1136/15/591
f 1605/18/593 1604/13/589 1143/14/590
f 1127/16/592 1136/15/591 1137/19/595
f 1606/22/597 1605/18/593 1144/17/594
f 1602/20/596 1137/19/595 1138/24/599
f 1607/26/601 1606/22/597 1145/21/598
f 1128/23/1055 1138/24/599 1139/27/603
f 1130/4/1056 1129/28/28 1139/27/603
f 1599/29/604 1132/2/605 1133/3/607
f 1140/32/580 1139/27/603 1154/37/608
f 1132/2/605 1147/34/622 1148/39/610
f 1141/5/581 1140/32/580 1155/38/609
f 1133/3/607 1148/39/610 1149/41/612
f 1142/10/586 1141/5/581 1156/40/611
f 1134/7/583 1149/41/612 1150/43/1057
f 1143/14/590 1142/10/586 1157/42/613
f 1135/12/587 1150/43/1057 1151/45/616
f 1144/17/594 1143/14/590 1158/44/1058
f 1136/15/591 1151/45/616 1152/47/618
f 1145/21/598 1144/17/594 1159/46/617
f 1137/19/595 1152/47/618 1153/49/620
f 1146/25/602 1145/21/598 1160/48/619
f 1138/24/599 1153/49/620 1154/37/608
f 1159/46/617 1158/44/1058 1173/52/623
f 1151/45/616 1166/51/637 1167/54/625
f 1160/48/619 1159/46/617 1174/53/624
f 1152/47/618 1167/54/625 1168/56/627
f 1161/36/621 1160/48/619 1175/55/626
f 1153/49/620 1168/56/627 1169/58/1059
f 1155/38/609 1154/37/608 1169/58/1059
f 1147/34/622 1162/60/630 1163/63/632
f 1156/40/611 1155/38/609 1170/62/631
f 1148/39/610 1163/63/632 1164/65/634
f 1157/42/613 1156/40/611 1171/64/633
f 1149/41/612 1164/65/634 1165/50/636
f 1158/44/1058 1157/42/613 1172/66/635
f 1150/43/1057 1165/50/636 1166/51/637
f 1162/60/630 1177/68/652 1178/69/638
f 1171/64/633 1170/62/631 1185/67/1060
f 1163/63/632 1178/69/638 1179/71/641
f 1172/66/635 1171/64/633 1186/70/640
f 1164/65/634 1179/71/641 1180/73/1061
f 1173/52/623 1172/66/635 1187/72/642
f 1165/50/636 1180/73/1061 1181/75/645
f 1174/53/624 1173/52/623 1188/74/644
f 1166/51/637 1181/75/645 1182/77/647
f 1175/55/626 1174/53/624 1189/76/646
f 1167/54/625 1182/77/647 1183/79/1062
f 1176/57/628 1175/55/626 1190/78/648
f 1168/56/627 1183/79/1062 1184/81/651
f 1170/62/631 1169/58/1059 1184/81/651
f 1181/75/645 1196/85/667 1197/86/653
f 1190/78/648 1189/76/646 1204/84/654
f 1182/77/647 1197/86/653 1198/88/656
f 1191/80/650 1190/78/648 1205/87/655
f 1183/79/1062 1198/88/656 1199/90/658
f 1185/67/1060 1184/81/651 1199/90/658
f 1177/68/652 1192/92/659 1193/95/661
f 1186/70/640 1185/67/1060 1200/94/660
f 1178/69/638 1193/95/661 1194/97/663
f 1187/72/642 1186/70/640 1201/96/662
f 1179/71/641 1194/97/663 1195/99/665
f 1188/74/644 1187/72/642 1202/98/664
f 1180/73/1061 1195/99/665 1196/85/667
f 1189/76/646 1188/74/644 1203/100/666
f 1201/96/662 1200/94/660 1216/102/668
f 1193/95/661 1209/101/682 1210/104/670
f 1202/98/664 1201/96/662 1217/103/669
f 1194/97/663 1210/104/670 1211/106/672
f 1203/100/666 1202/98/664 1218/105/671
f 1195/99/665 1211/106/672 1212/108/674
f 1204/84/654 1203/100/666 1219/107/673
f 1196/85/667 1212/108/674 1213/110/676
f 1205/87/655 1204/84/654 1220/109/675
f 1197/86/653 1213/110/676 1214/112/678
f 1206/89/657 1205/87/655 1221/111/677
f 1198/88/656 1214/112/678 1215/114/680
f 1200/94/660 1199/90/658 1215/114/680
f 1192/92/659 1208/116/681 1209/101/682
f 1221/111/677 1220/109/675 1235/134/683
f 1213/110/676 1228/119/697 1229/121/685
f 1222/113/679 1221/111/677 1236/120/684
f 1214/112/678 1229/121/685 1230/123/687
f 1216/102/668 1215/114/680 1230/123/687
f 1208/116/681 1223/125/688 1224/128/690
f 1217/103/669 1216/102/668 1231/127/689
f 1209/101/682 1224/128/690 1225/130/692
f 1218/105/671 1217/103/669 1232/129/691
f 1210/104/670 1225/130/692 1226/132/694
f 1219/107/673 1218/105/671 1233/131/693
f 1211/106/672 1226/132/694 1227/118/696
f 1220/109/675 1219/107/673 1234/133/695
f 1212/108/674 1227/118/696 1228/119/697
f 1233/131/693 1232/129/691 1247/136/698
f 1225/130/692 1240/137/711 1241/139/700
f 1234/133/695 1233/131/693 1248/138/699
f 1226/132/694 1241/139/700 1242/141/702
f 1235/134/683 1234/133/695 1249/140/701
f 1227/118/696 1242/141/702 1243/143/704
f 1236/120/684 1235/134/683 1250/142/703
f 1228/119/697 1243/143/704 1244/145/706
f 1237/122/686 1236/120/684 1251/144/705
f 1229/121/685 1244/145/706 1245/147/365
f 1231/127/689 1230/123/687 1245/147/365
f 1223/125/688 1238/149/708 1239/151/710
f 1232/129/691 1231/127/689 1246/135/709
f 1224/128/690 1239/151/710 1240/137/711
f 1251/144/705 1266/152/726 1267/155/712
f 1245/147/365 1244/145/706 1259/154/713
f 1245/147/365 1260/156/714 1261/160/716
f 1239/151/710 1238/149/708 1253/158/715
f 1246/135/709 1261/160/716 1262/162/718
f 1240/137/711 1239/151/710 1254/161/717
f 1247/136/698 1262/162/718 1263/164/720
f 1241/139/700 1240/137/711 1255/163/719
f 1248/138/699 1263/164/720 1264/166/722
f 1242/141/702 1241/139/700 1256/165/721
f 1249/140/701 1264/166/722 1265/168/724
f 1243/143/704 1242/141/702 1257/167/723
f 1250/142/703 1265/168/724 1266/152/726
f 1244/145/706 1243/143/704 1258/153/725
f 1256/165/721 1255/163/719 1270/185/727
f 1263/164/720 1278/170/741 1279/172/729
f 1257/167/723 1256/165/721 1271/171/728
f 1264/166/722 1279/172/729 1280/174/731
f 1258/153/725 1257/167/723 1272/173/730
f 1265/168/724 1280/174/731 1281/176/733
f 1259/154/713 1258/153/725 1273/175/732
f 1266/152/726 1281/176/733 1282/178/735
f 1260/156/714 1259/154/713 1274/177/734
f 1260/156/714 1275/179/736 1276/183/738
f 1254/161/717 1253/158/715 1268/181/737
f 1261/160/716 1276/183/738 1277/169/740
f 1255/163/719 1254/161/717 1269/184/739
f 1262/162/718 1277/169/740 1278/170/741
f 1275/179/736 1274/177/734 1289/187/742
f 1275/179/736 1290/188/743 1291/192/746
f 1269/184/739 1268/181/737 1283/190/744
f 1276/183/738 1291/192/746 1292/194/748
f 1270/185/727 1269/184/739 1284/193/747
f 1277/169/740 1292/194/748 1293/196/750
f 1271/171/728 1270/185/727 1285/195/749
f 1278/170/741 1293/196/750 1294/198/752
f 1272/173/730 1271/171/728 1286/197/751
f 1279/172/729 1294/198/752 1295/200/754
f 1273/175/732 1272/173/730 1287/199/753
f 1280/174/731 1295/200/754 1296/202/756
f 1274/177/734 1273/175/732 1288/201/755
f 1281/176/733 1296/202/756 1297/186/745
f 1293/196/750 1308/219/771 1309/204/757
f 1287/199/753 1286/197/751 1301/203/758
f 1294/198/752 1309/204/757 1310/206/760
f 1288/201/755 1287/199/753 1302/205/759
f 1295/200/754 1310/206/760 1311/208/762
f 1289/187/742 1288/201/755 1303/207/761
f 1296/202/756 1311/208/762 1312/210/764
f 1290/188/743 1289/187/742 1304/209/1063
f 1290/188/743 1305/211/765 1306/215/1064
f 1284/193/747 1283/190/744 1298/213/766
f 1291/192/746 1306/215/1064 1307/217/769
f 1285/195/749 1284/193/747 1299/216/768
f 1292/194/748 1307/217/769 1308/219/771
f 1286/197/751 1285/195/749 1300/218/770
f 1305/211/765 1320/221/1065 1321/226/774
f 1299/216/768 1298/213/766 1313/223/772
f 1306/215/1064 1321/226/774 1322/228/776
f 1300/218/770 1299/216/768 1314/227/775
f 1307/217/769 1322/228/776 1323/230/778
f 1301/203/758 1300/218/770 1315/229/777
f 1308/219/771 1323/230/778 1324/232/780
f 1302/205/759 1301/203/758 1316/231/779
f 1309/204/757 1324/232/780 1325/234/782
f 1303/207/761 1302/205/759 1317/233/781
f 1310/206/760 1325/234/782 1326/236/784
f 1304/209/1063 1303/207/761 1318/235/783
f 1311/208/762 1326/236/784 1327/225/773
f 1305/211/765 1304/209/1063 1319/220/785
f 1317/233/781 1316/231/779 1331/253/1066
f 1324/232/780 1339/238/1068 1340/240/789
f 1318/235/783 1317/233/781 1332/239/788
f 1325/234/782 1340/240/789 1341/242/791
f 1319/220/785 1318/235/783 1333/241/790
f 1326/236/784 1341/242/791 1342/244/793
f 1320/221/1065 1319/220/785 1334/243/792
f 1320/221/1065 1335/245/794 1336/249/1067
f 1314/227/775 1313/223/772 1328/247/795
f 1321/226/774 1336/249/1067 1337/251/798
f 1315/229/777 1314/227/775 1329/250/797
f 1322/228/776 1337/251/798 1338/237/800
f 1316/231/779 1315/229/777 1330/252/799
f 1323/230/778 1338/237/800 1339/238/1068
f 1335/245/794 1350/270/816 1351/258/1069
f 1329/250/797 1328/247/795 1343/255/803
f 1336/249/1067 1351/258/1069 1352/260/805
f 1330/252/799 1329/250/797 1344/259/804
f 1337/251/798 1352/260/805 1353/262/1070
f 1331/253/1066 1330/252/799 1345/261/806
f 1338/237/800 1353/262/1070 1354/264/809
f 1332/239/788 1331/253/1066 1346/263/808
f 1339/238/1068 1354/264/809 1355/266/811
f 1333/241/790 1332/239/788 1347/265/1071
f 1340/240/789 1355/266/811 1356/268/813
f 1334/243/792 1333/241/790 1348/267/812
f 1341/242/791 1356/268/813 1357/257/815
f 1335/245/794 1334/243/792 1349/269/1072
f 1354/264/809 1369/272/830 1370/273/817
f 1348/267/812 1347/265/1071 1362/271/818
f 1355/266/811 1370/273/817 1371/275/820
f 1349/269/1072 1348/267/812 1363/274/819
f 1356/268/813 1371/275/820 1372/277/822
f 1350/270/816 1349/269/1072 1364/276/1073
f 1350/270/816 1365/278/250 1366/282/1074
f 1344/259/804 1343/255/803 1358/280/823
f 1351/258/1069 1366/282/1074 1367/284/826
f 1345/261/806 1344/259/804 1359/283/825
f 1352/260/805 1367/284/826 1368/286/828
f 1346/263/808 1345/261/806 1360/285/827
f 1353/262/1070 1368/286/828 1369/272/830
f 1347/265/1071 1346/263/808 1361/287/829
f 1367/284/826 1366/282/1074 1381/288/831
f 1359/283/825 1374/290/845 1375/292/833
f 1368/286/828 1367/284/826 1382/291/832
f 1360/285/827 1375/292/833 1376/294/835
f 1369/272/830 1368/286/828 1383/293/834
f 1361/287/829 1376/294/835 1377/296/837
f 1370/273/817 1369/272/830 1384/295/836
f 1362/271/818 1377/296/837 1378/298/839
f 1371/275/820 1370/273/817 1385/297/838
f 1363/274/819 1378/298/839 1379/300/841
f 1372/277/822 1371/275/820 1386/299/840
f 1364/276/1073 1379/300/841 1380/302/843
f 1366/282/1074 1365/278/250 1380/302/843
f 1358/280/823 1373/289/844 1374/290/845
f 1386/299/840 1385/297/838 1400/305/846
f 1378/298/839 1393/306/860 1394/308/848
f 1387/301/842 1386/299/840 1401/307/847
f 1379/300/841 1394/308/848 1395/310/850
f 1381/288/831 1380/302/843 1395/310/850
f 1373/289/844 1388/312/851 1389/315/853
f 1382/291/832 1381/288/831 1396/314/852
f 1374/290/845 1389/315/853 1390/317/855
f 1383/293/834 1382/291/832 1397/316/854
f 1375/292/833 1390/317/855 1391/319/1075
f 1384/295/836 1383/293/834 1398/318/856
f 1376/294/835 1391/319/1075 1392/321/859
f 1385/297/838 1384/295/836 1399/320/1076
f 1377/296/837 1392/321/859 1393/306/860
f 1389/315/853 1404/338/875 1405/323/861
f 1398/318/856 1397/316/854 1412/322/862
f 1390/317/855 1405/323/861 1406/325/864
f 1399/320/1076 1398/318/856 1413/324/863
f 1391/319/1075 1406/325/864 1407/327/866
f 1400/305/846 1399/320/1076 1414/326/865
f 1392/321/859 1407/327/866 1408/329/868
f 1401/307/847 1400/305/846 1415/328/867
f 1393/306/860 1408/329/868 1409/331/870
f 1402/309/849 1401/307/847 1416/330/869
f 1394/308/848 1409/331/870 1410/333/872
f 1396/314/852 1395/310/850 1410/333/872
f 1388/312/851 1403/335/873 1404/338/875
f 1397/316/854 1396/314/852 1411/337/874
f 1408/329/868 1423/341/890 1424/342/876
f 1417/332/871 1416/330/869 1431/340/877
f 1409/331/870 1424/342/876 1425/344/879
f 1411/337/874 1410/333/872 1425/344/879
f 1403/335/873 1418/346/880 1419/349/882
f 1412/322/862 1411/337/874 1426/348/881
f 1404/338/875 1419/349/882 1420/351/884
f 1413/324/863 1412/322/862 1427/350/883
f 1405/323/861 1420/351/884 1421/353/886
f 1414/326/865 1413/324/863 1428/352/885
f 1406/325/864 1421/353/886 1422/355/888
f 1415/328/867 1414/326/865 1429/354/887
f 1407/327/866 1422/355/888 1423/341/890
f 1416/330/869 1415/328/867 1430/339/889
f 1428/352/885 1427/350/883 1443/358/891
f 1420/351/884 1436/357/905 1437/360/893
f 1429/354/887 1428/352/885 1444/359/892
f 1421/353/886 1437/360/893 1438/362/895
f 1430/339/889 1429/354/887 1445/361/894
f 1422/355/888 1438/362/895 1439/364/897
f 1431/340/877 1430/339/889 1446/363/896
f 1423/341/890 1439/364/897 1440/366/899
f 1432/343/878 1431/340/877 1447/365/898
f 1424/342/876 1440/366/899 1441/368/901
f 1426/348/881 1425/344/879 1441/368/901
f 1418/346/880 1434/370/902 1435/356/904
f 1427/350/883 1426/348/881 1442/372/903
f 1419/349/882 1435/356/904 1436/357/905
f 1448/367/900 1447/365/898 1462/375/906
f 1440/366/899 1455/374/920 1456/377/908
f 1442/372/903 1441/368/901 1456/377/908
f 1434/370/902 1449/379/909 1450/382/911
f 1443/358/891 1442/372/903 1457/381/910
f 1435/356/904 1450/382/911 1451/384/913
f 1444/359/892 1443/358/891 1458/383/912
f 1436/357/905 1451/384/913 1452/386/915
f 1445/361/894 1444/359/892 1459/385/914
f 1437/360/893 1452/386/915 1453/388/917
f 1446/363/896 1445/361/894 1460/387/916
f 1438/362/895 1453/388/917 1454/373/919
f 1447/365/898 1446/363/896 1461/389/918
f 1439/364/897 1454/373/919 1455/374/920
f 1451/384/913 1466/406/935 1467/392/921
f 1460/387/916 1459/385/914 1474/391/922
f 1452/386/915 1467/392/921 1468/394/924
f 1461/389/918 1460/387/916 1475/393/923
f 1453/388/917 1468/394/924 1469/396/926
f 1462/375/906 1461/389/918 1476/395/925
f 1454/373/919 1469/396/926 1470/398/928
f 1463/376/907 1462/375/906 1477/397/927
f 1455/374/920 1470/398/928 1471/400/930
f 1457/381/910 1456/377/908 1471/400/930
f 1449/379/909 1464/402/931 1465/405/933
f 1458/383/912 1457/381/910 1472/404/932
f 1450/382/911 1465/405/933 1466/406/935
f 1459/385/914 1458/383/912 1473/390/934
f 1470/398/928 1485/423/949 1486/409/135
f 1472/404/932 1471/400/930 1486/409/135
f 1464/402/931 1479/411/936 1480/414/939
f 1473/390/934 1472/404/932 1487/413/938
f 1465/405/933 1480/414/939 1481/416/941
f 1474/391/922 1473/390/934 1488/415/940
f 1466/406/935 1481/416/941 1482/418/943
f 1475/393/923 1474/391/922 1489/417/942
f 1467/392/921 1482/418/943 1483/420/945
f 1476/395/925 1475/393/923 1490/419/1077
f 1468/394/924 1483/420/945 1484/422/947
f 1477/397/927 1476/395/925 1491/421/946
f 1469/396/926 1484/422/947 1485/423/949
f 1478/399/929 1477/397/927 1492/407/948
f 1489/427/942 1504/455/964 1505/428/950
f 1483/430/945 1482/424/943 1497/426/951
f 1490/429/1077 1505/428/950 1506/432/953
f 1484/435/947 1483/430/945 1498/431/952
f 1491/433/946 1506/432/953 1507/436/955
f 1485/438/949 1484/435/947 1499/434/954
f 1492/437/948 1507/436/955 1508/440/1078
f 1486/442/135 1485/438/949 1500/439/956
f 1486/442/135 1501/443/958 1502/448/960
f 1480/450/939 1479/444/936 1494/446/1079
f 1487/449/938 1502/448/960 1503/452/962
f 1481/454/941 1480/450/939 1495/451/961
f 1488/453/940 1503/452/962 1504/455/964
f 1482/424/943 1481/454/941 1496/425/963
f 1501/443/958 1516/457/979 1517/462/966
f 1495/451/961 1494/446/1079 1509/459/967
f 1502/448/960 1517/462/966 1518/464/969
f 1496/425/963 1495/451/961 1510/463/968
f 1503/452/962 1518/464/969 1519/466/971
f 1497/426/951 1496/425/963 1511/465/970
f 1504/455/964 1519/466/971 1520/468/973
f 1498/431/952 1497/426/951 1512/467/972
f 1505/428/950 1520/468/973 1521/470/975
f 1499/434/954 1498/431/952 1513/469/974
f 1506/432/953 1521/470/975 1522/472/977
f 1500/439/956 1499/434/954 1514/471/976
f 1507/436/955 1522/472/977 1523/461/965
f 1501/443/958 1500/439/956 1515/456/978
f 1520/468/973 1535/473/1081 1536/476/980
f 1514/471/976 1513/469/974 1528/475/981
f 1521/470/975 1536/476/980 1537/478/983
f 1515/456/978 1514/471/976 1529/477/982
f 1522/472/977 1537/478/983 1538/480/985
f 1516/457/979 1515/456/978 1530/479/984
f 1516/457/979 1531/481/986 1532/485/988
f 1510/463/968 1509/459/967 1524/483/987
f 1517/462/966 1532/485/988 1533/487/990
f 1511/465/970 1510/463/968 1525/486/989
f 1518/464/969 1533/487/990 1534/489/992
f 1512/467/972 1511/465/970 1526/488/991
f 1519/466/971 1534/489/992 1535/473/1081
f 1513/469/974 1512/467/972 1527/474/1080
f 1525/486/989 1524/483/987 1539/493/995
f 1532/485/988 1547/492/1083 1548/495/997
f 1526/488/991 1525/486/989 1540/494/996
f 1533/487/990 1548/495/997 1549/497/999
f 1527/474/1080 1526/488/991 1541/496/998
f 1534/489/992 1549/497/999 1550/499/1001
f 1528/475/981 1527/474/1080 1542/498/1000
f 1535/473/1081 1550/499/1001 1551/501/1003
f 1529/477/982 1528/475/981 1543/500/1002
f 1536/476/980 1551/501/1003 1552/503/1005
f 1530/479/984 1529/477/982 1544/502/1004
f 1537/478/983 1552/503/1005 1553/491/1007
f 1531/481/986 1530/479/984 1545/504/1082
f 1531/481/986 1546/505/1008 1547/492/1083
f 1544/502/1004 1543/500/1002 1558/523/1010
f 1551/501/1003 1566/507/1024 1567/509/1012
f 1545/504/1082 1544/502/1004 1559/508/1011
f 1552/503/1005 1567/509/1012 1568/511/1014
f 1546/505/1008 1545/504/1082 1560/510/1013
f 1546/505/1008 1561/512/1084 1562/516/1017
f 1540/494/996 1539/493/995 1554/514/1016
f 1547/492/1083 1562/516/1017 1563/518/1019
f 1541/496/998 1540/494/996 1555/517/1018
f 1548/495/997 1563/518/1019 1564/520/1021
f 1542/498/1000 1541/496/998 1556/519/1020
f 1549/497/999 1564/520/1021 1565/522/1023
f 1543/500/1002 1542/498/1000 1557/521/1022
f 1550/499/1001 1565/522/1023 1566/507/1024
f 1562/516/1017 1577/540/1039 1578/525/1025
f 1556/519/1020 1555/517/1018 1570/524/1026
f 1563/518/1019 1578/525/1025 1579/527/1028
f 1557/521/1022 1556/519/1020 1571/526/1085
f 1564/520/1021 1579/527/1028 1580/529/1087
f 1558/523/1010 1557/521/1022 1572/528/1086
f 1565/522/1023 1580/529/1087 1581/531/1088
f 1559/508/1011 1558/523/1010 1573/530/1031
f 1566/507/1024 1581/531/1088 1582/533/1034
f 1560/510/1013 1559/508/1011 1574/532/1033
f 1567/509/1012 1582/533/1034 1583/535/1036
f 1561/512/1084 1560/510/1013 1575/534/1035
f 1561/512/1084 1576/536/1037 1577/540/1039
f 1555/517/1018 1554/514/1016 1569/538/1038
f 1581/531/1088 1596/557/1092 1597/542/1040
f 1575/534/1035 1574/532/1033 1589/541/1041
f 1582/533/1034 1597/542/1040 1598/544/1043
f 1576/536/1037 1575/534/1035 1590/543/1042
f 1576/536/1037 1591/545/1044 1592/549/1046
f 1570/524/1026 1569/538/1038 1584/547/1045
f 1577/540/1039 1592/549/1046 1593/551/1048
f 1571/526/1085 1570/524/1026 1585/550/1047
f 1578/525/1025 1593/551/1048 1594/553/1090
f 1572/528/1086 1571/526/1085 1586/552/1089
f 1579/527/1028 1594/553/1090 1595/555/1052
f 1573/530/1031 1572/528/1086 1587/554/1051
f 1580/529/1087 1595/555/1052 1596/557/1092
f 1574/532/1033 1573/530/1031 1588/556/1091
f 1586/552/1089 1585/550/1047 1600/1/582
f 1593/551/1048 1603/6/579 1131/9/585
f 1587/554/1051 1586/552/1089 1126/8/584
f 1594/553/1090 1131/9/585 1604/13/589
f 1588/556/1091 1587/554/1051 1601/11/588
f 1595/555/1052 1604/13/589 1605/18/593
f 1589/541/1041 1588/556/1091 1127/16/592
f 1596/557/1092 1605/18/593 1606/22/597
f 1590/543/1042 1589/541/1041 1602/20/596
f 1597/542/1040 1606/22/597 1607/26/601
f 1591/545/1044 1590/543/1042 1128/23/1055
f 1591/545/1044 1129/28/28 1130/4/1056
f 1585/550/1047 1584/547/1045 1599/29/604
f 1592/549/1046 1130/4/1056 1603/6/579
