# Blender 5.1.1
# www.blender.org
mtllib Ballom.mtl
o Sphere
v 0.000000 0.831470 -0.555570
v 0.000000 0.555570 -0.831470
v 0.000000 0.195090 -0.980785
v 0.000000 0.000000 -1.000000
v 0.000000 -0.195090 -0.980785
v 0.000000 -0.555570 -0.831470
v 0.038060 0.980785 -0.191342
v 0.074658 0.923880 -0.375330
v 0.108386 0.831470 -0.544895
v 0.137950 0.707107 -0.693520
v 0.162212 0.555570 -0.815493
v 0.180240 0.382683 -0.906127
v 0.191342 0.195090 -0.961940
v 0.195090 0.000000 -0.980785
v 0.191342 -0.195090 -0.961940
v 0.180240 -0.382683 -0.906127
v 0.162212 -0.555570 -0.815493
v 0.137950 -0.707107 -0.693520
v 0.108386 -0.831470 -0.544895
v 0.074658 -0.923880 -0.375330
v 0.038060 -0.980785 -0.191342
v 0.074658 0.980785 -0.180240
v 0.146447 0.923880 -0.353553
v 0.212608 0.831470 -0.513280
v 0.270598 0.707107 -0.653281
v 0.318190 0.555570 -0.768178
v 0.353553 0.382683 -0.853553
v 0.375330 0.195090 -0.906127
v 0.382683 0.000000 -0.923879
v 0.375330 -0.195090 -0.906127
v 0.353553 -0.382683 -0.853553
v 0.318190 -0.555570 -0.768178
v 0.270598 -0.707107 -0.653281
v 0.212608 -0.831470 -0.513280
v 0.146447 -0.923880 -0.353553
v 0.074658 -0.980785 -0.180240
v 0.108386 0.980785 -0.162212
v 0.212608 0.923880 -0.318190
v 0.308658 0.831470 -0.461940
v 0.392847 0.707107 -0.587938
v 0.461940 0.555570 -0.691342
v 0.513280 0.382683 -0.768178
v 0.544895 0.195090 -0.815493
v 0.555570 0.000000 -0.831469
v 0.544895 -0.195090 -0.815493
v 0.513280 -0.382683 -0.768178
v 0.461940 -0.555570 -0.691342
v 0.392847 -0.707107 -0.587938
v 0.308658 -0.831470 -0.461940
v 0.212608 -0.923880 -0.318190
v 0.108386 -0.980785 -0.162212
v 0.137950 0.980785 -0.137950
v 0.270598 0.923880 -0.270598
v 0.392847 0.831470 -0.392847
v 0.500000 0.707107 -0.500000
v 0.587938 0.555570 -0.587938
v 0.653281 0.382683 -0.653281
v 0.693520 0.195090 -0.693520
v 0.707107 0.000000 -0.707107
v 0.693520 -0.195090 -0.693520
v 0.653281 -0.382683 -0.653281
v 0.587938 -0.555570 -0.587938
v 0.500000 -0.707107 -0.500000
v 0.392847 -0.831470 -0.392847
v 0.270598 -0.923880 -0.270598
v 0.137950 -0.980785 -0.137950
v 0.162212 0.980785 -0.108386
v 0.318190 0.923880 -0.212608
v 0.461940 0.831470 -0.308658
v 0.587938 0.707107 -0.392847
v 0.691342 0.555570 -0.461940
v 0.768178 0.382683 -0.513280
v 0.815493 0.195090 -0.544895
v 0.831470 0.000000 -0.555570
v 0.815493 -0.195090 -0.544895
v 0.768178 -0.382683 -0.513280
v 0.691342 -0.555570 -0.461940
v 0.587938 -0.707107 -0.392847
v 0.461940 -0.831470 -0.308658
v 0.318190 -0.923880 -0.212608
v 0.162212 -0.980785 -0.108386
v 0.000000 1.000000 0.000000
v 0.180240 0.980785 -0.074658
v 0.353553 0.923880 -0.146447
v 0.513280 0.831470 -0.212607
v 0.653281 0.707107 -0.270598
v 0.768178 0.555570 -0.318190
v 0.853553 0.382683 -0.353553
v 0.906127 0.195090 -0.375330
v 0.923879 0.000000 -0.382683
v 0.906127 -0.195090 -0.375330
v 0.853553 -0.382683 -0.353553
v 0.768178 -0.555570 -0.318190
v 0.653281 -0.707107 -0.270598
v 0.513280 -0.831470 -0.212607
v 0.353553 -0.923880 -0.146447
v 0.180240 -0.980785 -0.074658
v 0.191342 0.980785 -0.038060
v 0.375330 0.923880 -0.074658
v 0.544895 0.831470 -0.108386
v 0.693520 0.707107 -0.137950
v 0.815493 0.555570 -0.162212
v 0.906127 0.382683 -0.180240
v 0.961940 0.195090 -0.191342
v 0.980785 0.000000 -0.195090
v 0.961940 -0.195090 -0.191342
v 0.906127 -0.382683 -0.180240
v 0.815493 -0.555570 -0.162212
v 0.693520 -0.707107 -0.137950
v 0.544895 -0.831470 -0.108386
v 0.375330 -0.923880 -0.074658
v 0.191342 -0.980785 -0.038060
v 0.195090 0.980785 0.000000
v 0.382683 0.923880 0.000000
v 0.555570 0.831470 0.000000
v 0.707107 0.707107 -0.000000
v 0.831469 0.555570 0.000000
v 0.923879 0.382683 -0.000000
v 0.980785 0.195090 0.000000
v 1.000000 0.000000 0.000000
v 0.980785 -0.195090 0.000000
v 0.923879 -0.382683 -0.000000
v 0.831469 -0.555570 0.000000
v 0.707107 -0.707107 -0.000000
v 0.555570 -0.831470 0.000000
v 0.382683 -0.923880 0.000000
v 0.195090 -0.980785 0.000000
v 0.191342 0.980785 0.038060
v 0.375330 0.923880 0.074658
v 0.544895 0.831470 0.108386
v 0.693520 0.707107 0.137950
v 0.815493 0.555570 0.162212
v 0.906127 0.382683 0.180240
v 0.961940 0.195090 0.191342
v 0.980785 0.000000 0.195090
v 0.961940 -0.195090 0.191342
v 0.906127 -0.382683 0.180240
v 0.815493 -0.555570 0.162212
v 0.693520 -0.707107 0.137950
v 0.544895 -0.831470 0.108386
v 0.375330 -0.923880 0.074658
v 0.191342 -0.980785 0.038060
v 0.180240 0.980785 0.074658
v 0.353553 0.923880 0.146447
v 0.513280 0.831470 0.212608
v 0.653281 0.707107 0.270598
v 0.768178 0.555570 0.318190
v 0.853553 0.382683 0.353553
v 0.906127 0.195090 0.375330
v 0.923879 0.000000 0.382683
v 0.906127 -0.195090 0.375330
v 0.853553 -0.382683 0.353553
v 0.768178 -0.555570 0.318190
v 0.653281 -0.707107 0.270598
v 0.513280 -0.831470 0.212608
v 0.353553 -0.923880 0.146447
v 0.180240 -0.980785 0.074658
v 0.162212 0.980785 0.108386
v 0.318190 0.923880 0.212608
v 0.461940 0.831470 0.308658
v 0.587938 0.707107 0.392847
v 0.691341 0.555570 0.461940
v 0.768178 0.382683 0.513280
v 0.815493 0.195090 0.544895
v 0.831469 0.000000 0.555570
v 0.815493 -0.195090 0.544895
v 0.768178 -0.382683 0.513280
v 0.691341 -0.555570 0.461940
v 0.587938 -0.707107 0.392847
v 0.461940 -0.831470 0.308658
v 0.318190 -0.923880 0.212608
v 0.162212 -0.980785 0.108386
v 0.137950 0.980785 0.137950
v 0.270598 0.923880 0.270598
v 0.392847 0.831470 0.392847
v 0.500000 0.707107 0.500000
v 0.587938 0.555570 0.587938
v 0.653281 0.382683 0.653281
v 0.693520 0.195090 0.693520
v 0.707106 0.000000 0.707107
v 0.693520 -0.195090 0.693520
v 0.653281 -0.382683 0.653281
v 0.587938 -0.555570 0.587938
v 0.500000 -0.707107 0.500000
v 0.392847 -0.831470 0.392847
v 0.270598 -0.923880 0.270598
v 0.137950 -0.980785 0.137950
v 0.108386 0.980785 0.162212
v 0.212607 0.923880 0.318190
v 0.308658 0.831470 0.461940
v 0.392847 0.707107 0.587938
v 0.461940 0.555570 0.691342
v 0.513280 0.382683 0.768178
v 0.544895 0.195090 0.815493
v 0.555570 0.000000 0.831469
v 0.544895 -0.195090 0.815493
v 0.513280 -0.382683 0.768178
v 0.461940 -0.555570 0.691342
v 0.392847 -0.707107 0.587938
v 0.308658 -0.831470 0.461940
v 0.212607 -0.923880 0.318190
v 0.108386 -0.980785 0.162212
v 0.074658 0.980785 0.180240
v 0.146447 0.923880 0.353553
v 0.212607 0.831470 0.513280
v 0.270598 0.707107 0.653281
v 0.318189 0.555570 0.768178
v 0.353553 0.382683 0.853553
v 0.375330 0.195090 0.906127
v 0.382683 0.000000 0.923879
v 0.375330 -0.195090 0.906127
v 0.353553 -0.382683 0.853553
v 0.318189 -0.555570 0.768178
v 0.270598 -0.707107 0.653281
v 0.212607 -0.831470 0.513280
v 0.146447 -0.923880 0.353553
v 0.074658 -0.980785 0.180240
v 0.038060 0.980785 0.191342
v 0.074658 0.923880 0.375330
v 0.108386 0.831470 0.544895
v 0.137950 0.707107 0.693520
v 0.162212 0.555570 0.815493
v 0.180240 0.382683 0.906127
v 0.191342 0.195090 0.961939
v 0.195090 0.000000 0.980785
v 0.191342 -0.195090 0.961939
v 0.180240 -0.382683 0.906127
v 0.162212 -0.555570 0.815493
v 0.137950 -0.707107 0.693520
v 0.108386 -0.831470 0.544895
v 0.074658 -0.923880 0.375330
v 0.038060 -0.980785 0.191342
v -0.000000 0.980785 0.195090
v -0.000000 0.923880 0.382683
v -0.000000 0.831470 0.555570
v -0.000000 0.707107 0.707107
v -0.000000 0.555570 0.831469
v 0.000000 0.382683 0.923879
v -0.000000 0.195090 0.980785
v -0.000000 0.000000 0.999999
v -0.000000 -0.195090 0.980785
v 0.000000 -0.382683 0.923879
v -0.000000 -0.555570 0.831469
v -0.000000 -0.707107 0.707107
v -0.000000 -0.831470 0.555570
v -0.000000 -0.923880 0.382683
v -0.000000 -0.980785 0.195090
v -0.038060 0.980785 0.191342
v -0.074658 0.923880 0.375330
v -0.108386 0.831470 0.544895
v -0.137950 0.707107 0.693520
v -0.162212 0.555570 0.815493
v -0.180240 0.382683 0.906127
v -0.191342 0.195090 0.961939
v -0.195091 0.000000 0.980785
v -0.191342 -0.195090 0.961939
v -0.180240 -0.382683 0.906127
v -0.162212 -0.555570 0.815493
v -0.137950 -0.707107 0.693520
v -0.108386 -0.831470 0.544895
v -0.074658 -0.923880 0.375330
v -0.038060 -0.980785 0.191342
v -0.074658 0.980785 0.180240
v -0.146447 0.923880 0.353553
v -0.212608 0.831470 0.513280
v -0.270598 0.707107 0.653281
v -0.318190 0.555570 0.768177
v -0.353553 0.382683 0.853553
v -0.375330 0.195090 0.906127
v -0.382683 0.000000 0.923879
v -0.375330 -0.195090 0.906127
v -0.353553 -0.382683 0.853553
v -0.318190 -0.555570 0.768177
v -0.270598 -0.707107 0.653281
v -0.212608 -0.831470 0.513280
v -0.146447 -0.923880 0.353553
v -0.074658 -0.980785 0.180240
v -0.108386 0.980785 0.162212
v -0.212608 0.923880 0.318190
v -0.308658 0.831470 0.461939
v -0.392847 0.707107 0.587938
v -0.461940 0.555570 0.691341
v -0.513280 0.382683 0.768178
v -0.544895 0.195090 0.815493
v -0.555570 0.000000 0.831469
v -0.544895 -0.195090 0.815493
v -0.513280 -0.382683 0.768178
v -0.461940 -0.555570 0.691341
v -0.392847 -0.707107 0.587938
v -0.308658 -0.831470 0.461939
v -0.212608 -0.923880 0.318190
v -0.108386 -0.980785 0.162212
v -0.137950 0.980785 0.137950
v -0.270598 0.923880 0.270598
v -0.392847 0.831470 0.392847
v -0.500000 0.707107 0.500000
v -0.587938 0.555570 0.587937
v -0.653281 0.382683 0.653281
v -0.693520 0.195090 0.693520
v -0.707106 0.000000 0.707106
v -0.693520 -0.195090 0.693520
v -0.653281 -0.382683 0.653281
v -0.587938 -0.555570 0.587937
v -0.500000 -0.707107 0.500000
v -0.392847 -0.831470 0.392847
v -0.270598 -0.923880 0.270598
v -0.137950 -0.980785 0.137950
v 0.000000 -1.000000 0.000000
v -0.162212 0.980785 0.108386
v -0.318190 0.923880 0.212607
v -0.461940 0.831470 0.308658
v -0.587938 0.707107 0.392847
v -0.691341 0.555570 0.461939
v -0.768177 0.382683 0.513280
v -0.815493 0.195090 0.544895
v -0.831469 0.000000 0.555569
v -0.815493 -0.195090 0.544895
v -0.768177 -0.382683 0.513280
v -0.691341 -0.555570 0.461939
v -0.587938 -0.707107 0.392847
v -0.461940 -0.831470 0.308658
v -0.318190 -0.923880 0.212607
v -0.162212 -0.980785 0.108386
v -0.180240 0.980785 0.074658
v -0.353553 0.923880 0.146447
v -0.513280 0.831470 0.212607
v -0.653281 0.707107 0.270598
v -0.768177 0.555570 0.318189
v -0.853553 0.382683 0.353553
v -0.906127 0.195090 0.375330
v -0.923879 0.000000 0.382683
v -0.906127 -0.195090 0.375330
v -0.853553 -0.382683 0.353553
v -0.768177 -0.555570 0.318189
v -0.653281 -0.707107 0.270598
v -0.513280 -0.831470 0.212607
v -0.353553 -0.923880 0.146447
v -0.180240 -0.980785 0.074658
v -0.191342 0.980785 0.038060
v -0.375330 0.923880 0.074658
v -0.544895 0.831470 0.108386
v -0.693520 0.707107 0.137950
v -0.815493 0.555570 0.162211
v -0.906127 0.382683 0.180240
v -0.961939 0.195090 0.191341
v -0.980784 0.000000 0.195090
v -0.961939 -0.195090 0.191341
v -0.906127 -0.382683 0.180240
v -0.815493 -0.555570 0.162211
v -0.693520 -0.707107 0.137950
v -0.544895 -0.831470 0.108386
v -0.375330 -0.923880 0.074658
v -0.191342 -0.980785 0.038060
v -0.195090 0.980785 -0.000000
v -0.382683 0.923880 -0.000000
v -0.555570 0.831470 -0.000000
v -0.707107 0.707107 -0.000000
v -0.831469 0.555570 -0.000000
v -0.923879 0.382683 -0.000000
v -0.980785 0.195090 -0.000000
v -0.999999 0.000000 -0.000000
v -0.980785 -0.195090 -0.000000
v -0.923879 -0.382683 -0.000000
v -0.831469 -0.555570 -0.000000
v -0.707107 -0.707107 -0.000000
v -0.555570 -0.831470 -0.000000
v -0.382683 -0.923880 -0.000000
v -0.195090 -0.980785 -0.000000
v -0.191342 0.980785 -0.038060
v -0.375330 0.923880 -0.074658
v -0.544895 0.831470 -0.108386
v -0.693520 0.707107 -0.137950
v -0.815493 0.555570 -0.162212
v -0.906127 0.382683 -0.180240
v -0.961939 0.195090 -0.191342
v -0.980784 0.000000 -0.195091
v -0.961939 -0.195090 -0.191342
v -0.906127 -0.382683 -0.180240
v -0.815493 -0.555570 -0.162212
v -0.693520 -0.707107 -0.137950
v -0.544895 -0.831470 -0.108386
v -0.375330 -0.923880 -0.074658
v -0.191342 -0.980785 -0.038060
v -0.180240 0.980785 -0.074658
v -0.353553 0.923880 -0.146447
v -0.513279 0.831470 -0.212607
v -0.653281 0.707107 -0.270598
v -0.768177 0.555570 -0.318190
v -0.853553 0.382683 -0.353553
v -0.906127 0.195090 -0.375330
v -0.923878 0.000000 -0.382683
v -0.906127 -0.195090 -0.375330
v -0.853553 -0.382683 -0.353553
v -0.768177 -0.555570 -0.318190
v -0.653281 -0.707107 -0.270598
v -0.513279 -0.831470 -0.212607
v -0.353553 -0.923880 -0.146447
v -0.180240 -0.980785 -0.074658
v -0.162212 0.980785 -0.108386
v -0.318189 0.923880 -0.212607
v -0.461939 0.831470 -0.308658
v -0.587938 0.707107 -0.392847
v -0.691341 0.555570 -0.461940
v -0.768177 0.382683 -0.513280
v -0.815493 0.195090 -0.544895
v -0.831468 0.000000 -0.555570
v -0.815493 -0.195090 -0.544895
v -0.768177 -0.382683 -0.513280
v -0.691341 -0.555570 -0.461940
v -0.587938 -0.707107 -0.392847
v -0.461939 -0.831470 -0.308658
v -0.318189 -0.923880 -0.212607
v -0.162212 -0.980785 -0.108386
v -0.137950 0.980785 -0.137950
v -0.270598 0.923880 -0.270598
v -0.392847 0.831470 -0.392847
v -0.500000 0.707107 -0.500000
v -0.587937 0.555570 -0.587938
v -0.653281 0.382683 -0.653281
v -0.693519 0.195090 -0.693520
v -0.707106 0.000000 -0.707106
v -0.693519 -0.195090 -0.693520
v -0.653281 -0.382683 -0.653281
v -0.587937 -0.555570 -0.587938
v -0.500000 -0.707107 -0.500000
v -0.392847 -0.831470 -0.392847
v -0.270598 -0.923880 -0.270598
v -0.137950 -0.980785 -0.137950
v -0.108386 0.980785 -0.162212
v -0.212607 0.923880 -0.318190
v -0.308658 0.831470 -0.461939
v -0.392847 0.707107 -0.587938
v -0.461939 0.555570 -0.691341
v -0.513280 0.382683 -0.768177
v -0.544895 0.195090 -0.815493
v -0.555569 0.000000 -0.831469
v -0.544895 -0.195090 -0.815493
v -0.513280 -0.382683 -0.768177
v -0.461939 -0.555570 -0.691341
v -0.392847 -0.707107 -0.587938
v -0.308658 -0.831470 -0.461939
v -0.212607 -0.923880 -0.318190
v -0.108386 -0.980785 -0.162212
v -0.074658 0.980785 -0.180240
v -0.146446 0.923880 -0.353553
v -0.212607 0.831470 -0.513279
v -0.270598 0.707107 -0.653281
v -0.318189 0.555570 -0.768177
v -0.353553 0.382683 -0.853553
v -0.375330 0.195090 -0.906127
v -0.382683 0.000000 -0.923879
v -0.375330 -0.195090 -0.906127
v -0.353553 -0.382683 -0.853553
v -0.318189 -0.555570 -0.768177
v -0.270598 -0.707107 -0.653281
v -0.212607 -0.831470 -0.513279
v -0.146446 -0.923880 -0.353553
v -0.074658 -0.980785 -0.180240
v -0.038060 0.980785 -0.191342
v -0.074658 0.923880 -0.375330
v -0.108386 0.831470 -0.544895
v -0.137950 0.707107 -0.693520
v -0.162211 0.555570 -0.815493
v -0.180240 0.382683 -0.906127
v -0.191341 0.195090 -0.961939
v -0.195090 0.000000 -0.980784
v -0.191341 -0.195090 -0.961939
v -0.180240 -0.382683 -0.906127
v -0.162211 -0.555570 -0.815493
v -0.137950 -0.707107 -0.693520
v -0.108386 -0.831470 -0.544895
v -0.074658 -0.923880 -0.375330
v -0.038060 -0.980785 -0.191342
v 0.000000 0.980785 -0.195090
v 0.000000 0.923880 -0.382683
v 0.000000 0.707107 -0.707107
v 0.000000 0.382683 -0.923879
v 0.000000 -0.382683 -0.923879
v 0.000000 -0.707107 -0.707107
v 0.000000 -0.831470 -0.555570
v 0.000000 -0.923880 -0.382683
v 0.000000 -0.980785 -0.195090
v 0.000000 -0.907258 0.000000
v 0.000000 -0.907258 0.000000
v 0.000000 -0.907258 0.000000
v 0.000000 -0.907258 0.000000
v 0.000000 -0.907258 0.000000
v 0.000000 -0.907258 0.000000
v 0.000000 -0.907258 0.000000
v 0.000000 -0.907258 0.000000
v 0.000000 -0.907258 -0.000000
v 0.000000 -0.907258 0.000000
v 0.000000 -0.907258 0.000000
v 0.000000 -0.907258 0.000000
v 0.000000 -0.907258 0.000000
v 0.000000 -0.907258 0.000000
v 0.000000 -0.907258 0.000000
v 0.000000 -0.907258 0.000000
v 0.000000 -0.907258 0.000000
v 0.000000 -0.907258 0.000000
v 0.000000 -0.907258 0.000000
v 0.000000 -0.907258 0.000000
v 0.000000 -0.907258 0.000000
v 0.000000 -0.907258 0.000000
v 0.000000 -0.907258 0.000000
v 0.000000 -0.907258 0.000000
v 0.000000 -0.907258 -0.000000
v 0.000000 -0.907258 0.000000
v 0.000000 -0.907258 0.000000
v 0.000000 -0.907258 0.000000
v 0.000000 -0.907258 0.000000
v 0.000000 -0.907258 0.000000
v 0.000000 -0.907258 0.000000
v 0.000000 -0.907258 0.000000
v 0.000000 -0.859815 0.000000
v 0.000000 -1.217258 -0.178721
v 0.034867 -1.217258 -0.175287
v 0.068394 -1.217258 -0.165117
v 0.099292 -1.217258 -0.148601
v 0.126375 -1.217258 -0.126375
v 0.148601 -1.217258 -0.099292
v 0.165117 -1.217258 -0.068394
v 0.175287 -1.217258 -0.034867
v 0.178721 -1.217258 0.000000
v 0.175287 -1.217258 0.034867
v 0.165117 -1.217258 0.068394
v 0.148601 -1.217258 0.099292
v 0.126375 -1.217258 0.126375
v 0.099292 -1.217258 0.148601
v 0.068394 -1.217258 0.165117
v 0.034867 -1.217258 0.175287
v 0.000000 -1.217258 0.178721
v -0.034867 -1.217258 0.175287
v -0.068394 -1.217258 0.165117
v -0.099292 -1.217258 0.148601
v -0.126375 -1.217258 0.126375
v -0.148601 -1.217258 0.099292
v -0.165117 -1.217258 0.068394
v -0.175287 -1.217258 0.034867
v -0.178721 -1.217258 0.000000
v -0.175287 -1.217258 -0.034867
v -0.165117 -1.217258 -0.068394
v -0.148601 -1.217258 -0.099292
v -0.126375 -1.217258 -0.126375
v -0.099292 -1.217258 -0.148601
v -0.068394 -1.217258 -0.165117
v -0.034867 -1.217258 -0.175287
v -0.000000 -1.217258 -0.171481
v 0.033454 -1.217258 -0.168186
v 0.065623 -1.217258 -0.158428
v 0.095270 -1.217258 -0.142582
v 0.121256 -1.217258 -0.121256
v 0.142582 -1.217258 -0.095270
v 0.158428 -1.217258 -0.065623
v 0.168186 -1.217258 -0.033454
v 0.171481 -1.217258 -0.000000
v 0.168186 -1.217258 0.033454
v 0.158428 -1.217258 0.065623
v 0.142582 -1.217258 0.095270
v 0.121256 -1.217258 0.121256
v 0.095270 -1.217258 0.142582
v 0.065623 -1.217258 0.158428
v 0.033454 -1.217258 0.168186
v -0.000000 -1.217258 0.171481
v -0.033454 -1.217258 0.168186
v -0.065623 -1.217258 0.158428
v -0.095270 -1.217258 0.142582
v -0.121256 -1.217258 0.121256
v -0.142582 -1.217258 0.095270
v -0.158428 -1.217258 0.065623
v -0.168186 -1.217258 0.033454
v -0.171481 -1.217258 -0.000000
v -0.168186 -1.217258 -0.033454
v -0.158428 -1.217258 -0.065623
v -0.142582 -1.217258 -0.095270
v -0.121256 -1.217258 -0.121256
v -0.095270 -1.217258 -0.142582
v -0.065623 -1.217258 -0.158428
v -0.033454 -1.217258 -0.168186
v 0.000000 -1.079715 -0.100000
v 0.000000 -0.938828 -0.100000
v 0.019509 -1.079715 -0.098079
v 0.019509 -0.938828 -0.098079
v 0.038268 -1.079715 -0.092388
v 0.038268 -0.938828 -0.092388
v 0.055557 -1.079715 -0.083147
v 0.055557 -0.938828 -0.083147
v 0.070711 -1.079715 -0.070711
v 0.070711 -0.938828 -0.070711
v 0.083147 -1.079715 -0.055557
v 0.083147 -0.938828 -0.055557
v 0.092388 -1.079715 -0.038268
v 0.092388 -0.938828 -0.038268
v 0.098079 -1.079715 -0.019509
v 0.098079 -0.938828 -0.019509
v 0.100000 -1.079715 0.000000
v 0.100000 -0.938828 0.000000
v 0.098079 -1.079715 0.019509
v 0.098079 -0.938828 0.019509
v 0.092388 -1.079715 0.038268
v 0.092388 -0.938828 0.038268
v 0.083147 -1.079715 0.055557
v 0.083147 -0.938828 0.055557
v 0.070711 -1.079715 0.070711
v 0.070711 -0.938828 0.070711
v 0.055557 -1.079715 0.083147
v 0.055557 -0.938828 0.083147
v 0.038268 -1.079715 0.092388
v 0.038268 -0.938828 0.092388
v 0.019509 -1.079715 0.098079
v 0.019509 -0.938828 0.098079
v 0.000000 -1.079715 0.100000
v 0.000000 -0.938828 0.100000
v -0.019509 -1.079715 0.098079
v -0.019509 -0.938828 0.098079
v -0.038268 -1.079715 0.092388
v -0.038268 -0.938828 0.092388
v -0.055557 -1.079715 0.083147
v -0.055557 -0.938828 0.083147
v -0.070711 -1.079715 0.070711
v -0.070711 -0.938828 0.070711
v -0.083147 -1.079715 0.055557
v -0.083147 -0.938828 0.055557
v -0.092388 -1.079715 0.038268
v -0.092388 -0.938828 0.038268
v -0.098079 -1.079715 0.019509
v -0.098079 -0.938828 0.019509
v -0.100000 -1.079715 0.000000
v -0.100000 -0.938828 0.000000
v -0.098079 -1.079715 -0.019509
v -0.098079 -0.938828 -0.019509
v -0.092388 -1.079715 -0.038268
v -0.092388 -0.938828 -0.038268
v -0.083147 -1.079715 -0.055557
v -0.083147 -0.938828 -0.055557
v -0.070711 -1.079715 -0.070711
v -0.070711 -0.938828 -0.070711
v -0.055557 -1.079715 -0.083147
v -0.055557 -0.938828 -0.083147
v -0.038268 -1.079715 -0.092388
v -0.038268 -0.938828 -0.092388
v -0.019509 -1.079715 -0.098079
v -0.019509 -0.938828 -0.098079
v 0.850563 0.213749 0.511629
v 0.850563 0.142822 0.567065
v 0.850563 0.050153 0.597066
v 0.850563 0.000000 0.600927
v 0.850563 -0.050153 0.597066
v 0.850563 -0.142822 0.567065
v 0.858106 0.252134 0.438446
v 0.865360 0.237505 0.475414
v 0.872046 0.213749 0.509484
v 0.877905 0.181778 0.539347
v 0.882714 0.142822 0.563855
v 0.886288 0.098378 0.582065
v 0.888488 0.050153 0.593280
v 0.889231 0.000000 0.597066
v 0.888488 -0.050153 0.593280
v 0.886288 -0.098378 0.582065
v 0.882714 -0.142822 0.563855
v 0.877905 -0.181778 0.539347
v 0.872046 -0.213749 0.509484
v 0.865360 -0.237505 0.475414
v 0.858106 -0.252134 0.438446
v 0.865360 0.252134 0.436215
v 0.879589 0.237505 0.471038
v 0.892703 0.213749 0.503132
v 0.904197 0.181778 0.531262
v 0.913630 0.142822 0.554348
v 0.920640 0.098378 0.571502
v 0.924956 0.050153 0.582065
v 0.926414 0.000000 0.585632
v 0.924956 -0.050153 0.582065
v 0.920640 -0.098378 0.571502
v 0.913630 -0.142822 0.554348
v 0.904197 -0.181778 0.531262
v 0.892703 -0.213749 0.503132
v 0.879589 -0.237505 0.471038
v 0.865360 -0.252134 0.436215
v 0.872046 0.252134 0.432593
v 0.892703 0.237505 0.463933
v 0.911741 0.213749 0.492816
v 0.928428 0.181778 0.518133
v 0.942123 0.142822 0.538909
v 0.952299 0.098378 0.554348
v 0.958565 0.050153 0.563855
v 0.960681 0.000000 0.567065
v 0.958565 -0.050153 0.563855
v 0.952299 -0.098378 0.554348
v 0.942123 -0.142822 0.538909
v 0.928428 -0.181778 0.518133
v 0.911741 -0.213749 0.492816
v 0.892703 -0.237505 0.463933
v 0.872046 -0.252134 0.432593
v 0.877905 0.252134 0.427718
v 0.904197 0.237505 0.454371
v 0.928428 0.213749 0.478934
v 0.949667 0.181778 0.500464
v 0.967097 0.142822 0.518133
v 0.980048 0.098378 0.531262
v 0.988024 0.050153 0.539347
v 0.990717 0.000000 0.542077
v 0.988024 -0.050153 0.539347
v 0.980048 -0.098378 0.531262
v 0.967097 -0.142822 0.518133
v 0.949667 -0.181778 0.500464
v 0.928428 -0.213749 0.478934
v 0.904197 -0.237505 0.454371
v 0.877905 -0.252134 0.427718
v 0.882714 0.252134 0.421778
v 0.913630 0.237505 0.442719
v 0.942123 0.213749 0.462018
v 0.967097 0.181778 0.478934
v 0.987592 0.142822 0.492816
v 1.002822 0.098378 0.503132
v 1.012200 0.050153 0.509484
v 1.015367 0.000000 0.511629
v 1.012200 -0.050153 0.509484
v 1.002822 -0.098378 0.503132
v 0.987592 -0.142822 0.492816
v 0.967097 -0.181778 0.478934
v 0.942123 -0.213749 0.462018
v 0.913630 -0.237505 0.442719
v 0.882714 -0.252134 0.421778
v 0.850563 0.257073 0.400000
v 0.886288 0.252134 0.415001
v 0.920640 0.237505 0.429425
v 0.952299 0.213749 0.442719
v 0.980048 0.181778 0.454371
v 1.002822 0.142822 0.463933
v 1.019744 0.098378 0.471038
v 1.030164 0.050153 0.475414
v 1.033683 0.000000 0.476891
v 1.030164 -0.050153 0.475414
v 1.019744 -0.098378 0.471038
v 1.002822 -0.142822 0.463933
v 0.980048 -0.181778 0.454371
v 0.952299 -0.213749 0.442719
v 0.920640 -0.237505 0.429425
v 0.886288 -0.252134 0.415001
v 0.888488 0.252134 0.407647
v 0.924956 0.237505 0.415001
v 0.958565 0.213749 0.421778
v 0.988024 0.181778 0.427718
v 1.012200 0.142822 0.432593
v 1.030164 0.098378 0.436215
v 1.041227 0.050153 0.438446
v 1.044962 0.000000 0.439199
v 1.041227 -0.050153 0.438446
v 1.030164 -0.098378 0.436215
v 1.012200 -0.142822 0.432593
v 0.988024 -0.181778 0.427718
v 0.958565 -0.213749 0.421778
v 0.924956 -0.237505 0.415001
v 0.888488 -0.252134 0.407647
v 0.889231 0.252134 0.400000
v 0.926414 0.237505 0.400000
v 0.960681 0.213749 0.400000
v 0.990717 0.181778 0.400000
v 1.015367 0.142822 0.400000
v 1.033683 0.098378 0.400000
v 1.044962 0.050153 0.400000
v 1.048771 0.000000 0.400000
v 1.044962 -0.050153 0.400000
v 1.033683 -0.098378 0.400000
v 1.015367 -0.142822 0.400000
v 0.990717 -0.181778 0.400000
v 0.960681 -0.213749 0.400000
v 0.926414 -0.237505 0.400000
v 0.889231 -0.252134 0.400000
v 0.888488 0.252134 0.392353
v 0.924956 0.237505 0.384999
v 0.958565 0.213749 0.378222
v 0.988024 0.181778 0.372282
v 1.012200 0.142822 0.367407
v 1.030164 0.098378 0.363785
v 1.041227 0.050153 0.361554
v 1.044962 0.000000 0.360801
v 1.041227 -0.050153 0.361554
v 1.030164 -0.098378 0.363785
v 1.012200 -0.142822 0.367407
v 0.988024 -0.181778 0.372282
v 0.958565 -0.213749 0.378222
v 0.924956 -0.237505 0.384999
v 0.888488 -0.252134 0.392353
v 0.886288 0.252134 0.384999
v 0.920640 0.237505 0.370575
v 0.952299 0.213749 0.357282
v 0.980048 0.181778 0.345630
v 1.002822 0.142822 0.336067
v 1.019744 0.098378 0.328962
v 1.030164 0.050153 0.324586
v 1.033683 0.000000 0.323109
v 1.030164 -0.050153 0.324586
v 1.019744 -0.098378 0.328962
v 1.002822 -0.142822 0.336067
v 0.980048 -0.181778 0.345630
v 0.952299 -0.213749 0.357282
v 0.920640 -0.237505 0.370575
v 0.886288 -0.252134 0.384999
v 0.882714 0.252134 0.378222
v 0.913630 0.237505 0.357282
v 0.942123 0.213749 0.337982
v 0.967097 0.181778 0.321066
v 0.987592 0.142822 0.307184
v 1.002822 0.098378 0.296868
v 1.012200 0.050153 0.290516
v 1.015367 0.000000 0.288371
v 1.012200 -0.050153 0.290516
v 1.002822 -0.098378 0.296868
v 0.987592 -0.142822 0.307184
v 0.967097 -0.181778 0.321066
v 0.942123 -0.213749 0.337982
v 0.913630 -0.237505 0.357282
v 0.882714 -0.252134 0.378222
v 0.877905 0.252134 0.372282
v 0.904197 0.237505 0.345630
v 0.928428 0.213749 0.321066
v 0.949667 0.181778 0.299537
v 0.967097 0.142822 0.281868
v 0.980048 0.098378 0.268738
v 0.988024 0.050153 0.260653
v 0.990717 0.000000 0.257923
v 0.988024 -0.050153 0.260653
v 0.980048 -0.098378 0.268738
v 0.967097 -0.142822 0.281868
v 0.949667 -0.181778 0.299537
v 0.928428 -0.213749 0.321066
v 0.904197 -0.237505 0.345630
v 0.877905 -0.252134 0.372282
v 0.872046 0.252134 0.367407
v 0.892703 0.237505 0.336067
v 0.911741 0.213749 0.307184
v 0.928428 0.181778 0.281868
v 0.942123 0.142822 0.261091
v 0.952299 0.098378 0.245653
v 0.958565 0.050153 0.236146
v 0.960681 0.000000 0.232936
v 0.958565 -0.050153 0.236146
v 0.952299 -0.098378 0.245653
v 0.942123 -0.142822 0.261091
v 0.928428 -0.181778 0.281868
v 0.911741 -0.213749 0.307184
v 0.892703 -0.237505 0.336067
v 0.872046 -0.252134 0.367407
v 0.865360 0.252134 0.363785
v 0.879589 0.237505 0.328962
v 0.892703 0.213749 0.296868
v 0.904197 0.181778 0.268738
v 0.913630 0.142822 0.245653
v 0.920640 0.098378 0.228498
v 0.924956 0.050153 0.217935
v 0.926413 0.000000 0.214368
v 0.924956 -0.050153 0.217935
v 0.920640 -0.098378 0.228498
v 0.913630 -0.142822 0.245653
v 0.904197 -0.181778 0.268738
v 0.892703 -0.213749 0.296868
v 0.879589 -0.237505 0.328962
v 0.865360 -0.252134 0.363785
v 0.858106 0.252134 0.361554
v 0.865360 0.237505 0.324586
v 0.872046 0.213749 0.290516
v 0.877905 0.181778 0.260653
v 0.882714 0.142822 0.236146
v 0.886288 0.098378 0.217935
v 0.888488 0.050153 0.206721
v 0.889231 0.000000 0.202934
v 0.888488 -0.050153 0.206721
v 0.886288 -0.098378 0.217935
v 0.882714 -0.142822 0.236146
v 0.877905 -0.181778 0.260653
v 0.872046 -0.213749 0.290516
v 0.865360 -0.237505 0.324586
v 0.858106 -0.252134 0.361554
v 0.850563 0.252134 0.360801
v 0.850563 0.237505 0.323109
v 0.850563 0.213749 0.288371
v 0.850563 0.181778 0.257923
v 0.850563 0.142822 0.232936
v 0.850563 0.098378 0.214368
v 0.850563 0.050153 0.202934
v 0.850563 0.000000 0.199073
v 0.850563 -0.050153 0.202934
v 0.850563 -0.098378 0.214368
v 0.850563 -0.142822 0.232936
v 0.850563 -0.181778 0.257923
v 0.850563 -0.213749 0.288371
v 0.850563 -0.237505 0.323109
v 0.850563 -0.252134 0.360801
v 0.843019 0.252134 0.361554
v 0.835765 0.237505 0.324586
v 0.829080 0.213749 0.290516
v 0.823220 0.181778 0.260653
v 0.818411 0.142822 0.236146
v 0.814838 0.098378 0.217935
v 0.812637 0.050153 0.206721
v 0.811894 0.000000 0.202934
v 0.812637 -0.050153 0.206721
v 0.814838 -0.098378 0.217935
v 0.818411 -0.142822 0.236146
v 0.823220 -0.181778 0.260653
v 0.829080 -0.213749 0.290516
v 0.835765 -0.237505 0.324586
v 0.843019 -0.252134 0.361554
v 0.835765 0.252134 0.363785
v 0.821536 0.237505 0.328962
v 0.808422 0.213749 0.296868
v 0.796928 0.181778 0.268738
v 0.787495 0.142822 0.245653
v 0.780485 0.098378 0.228498
v 0.776169 0.050153 0.217935
v 0.774712 0.000000 0.214368
v 0.776169 -0.050153 0.217935
v 0.780485 -0.098378 0.228498
v 0.787495 -0.142822 0.245653
v 0.796928 -0.181778 0.268738
v 0.808422 -0.213749 0.296868
v 0.821536 -0.237505 0.328962
v 0.835765 -0.252134 0.363785
v 0.829080 0.252134 0.367407
v 0.808422 0.237505 0.336067
v 0.789384 0.213749 0.307184
v 0.772697 0.181778 0.281868
v 0.759002 0.142822 0.261091
v 0.748826 0.098378 0.245653
v 0.742560 0.050153 0.236146
v 0.740444 0.000000 0.232936
v 0.742560 -0.050153 0.236146
v 0.748826 -0.098378 0.245653
v 0.759002 -0.142822 0.261091
v 0.772697 -0.181778 0.281868
v 0.789384 -0.213749 0.307184
v 0.808422 -0.237505 0.336067
v 0.829080 -0.252134 0.367407
v 0.823220 0.252134 0.372282
v 0.796928 0.237505 0.345630
v 0.772697 0.213749 0.321067
v 0.751459 0.181778 0.299537
v 0.734029 0.142822 0.281868
v 0.721077 0.098378 0.268738
v 0.713101 0.050153 0.260653
v 0.710408 0.000000 0.257923
v 0.713101 -0.050153 0.260653
v 0.721077 -0.098378 0.268738
v 0.734029 -0.142822 0.281868
v 0.751459 -0.181778 0.299537
v 0.772697 -0.213749 0.321067
v 0.796928 -0.237505 0.345630
v 0.823220 -0.252134 0.372282
v 0.850563 -0.257073 0.400000
v 0.818411 0.252134 0.378222
v 0.787495 0.237505 0.357282
v 0.759002 0.213749 0.337982
v 0.734029 0.181778 0.321066
v 0.713533 0.142822 0.307184
v 0.698304 0.098378 0.296868
v 0.688925 0.050153 0.290516
v 0.685759 0.000000 0.288371
v 0.688925 -0.050153 0.290516
v 0.698304 -0.098378 0.296868
v 0.713533 -0.142822 0.307184
v 0.734029 -0.181778 0.321066
v 0.759002 -0.213749 0.337982
v 0.787495 -0.237505 0.357282
v 0.818411 -0.252134 0.378222
v 0.814838 0.252134 0.384999
v 0.780485 0.237505 0.370575
v 0.748826 0.213749 0.357282
v 0.721077 0.181778 0.345630
v 0.698304 0.142822 0.336067
v 0.681381 0.098378 0.328962
v 0.670961 0.050153 0.324586
v 0.667442 0.000000 0.323109
v 0.670961 -0.050153 0.324586
v 0.681381 -0.098378 0.328962
v 0.698304 -0.142822 0.336067
v 0.721077 -0.181778 0.345630
v 0.748826 -0.213749 0.357282
v 0.780485 -0.237505 0.370575
v 0.814838 -0.252134 0.384999
v 0.812637 0.252134 0.392353
v 0.776169 0.237505 0.384999
v 0.742560 0.213749 0.378222
v 0.713101 0.181778 0.372282
v 0.688925 0.142822 0.367407
v 0.670961 0.098378 0.363785
v 0.659898 0.050153 0.361554
v 0.656163 0.000000 0.360801
v 0.659898 -0.050153 0.361554
v 0.670961 -0.098378 0.363785
v 0.688925 -0.142822 0.367407
v 0.713101 -0.181778 0.372282
v 0.742560 -0.213749 0.378222
v 0.776169 -0.237505 0.384999
v 0.812637 -0.252134 0.392353
v 0.811894 0.252134 0.400000
v 0.774712 0.237505 0.400000
v 0.740444 0.213749 0.400000
v 0.710408 0.181778 0.400000
v 0.685759 0.142822 0.400000
v 0.667442 0.098378 0.400000
v 0.656163 0.050153 0.400000
v 0.652355 0.000000 0.400000
v 0.656163 -0.050153 0.400000
v 0.667442 -0.098378 0.400000
v 0.685759 -0.142822 0.400000
v 0.710408 -0.181778 0.400000
v 0.740444 -0.213749 0.400000
v 0.774712 -0.237505 0.400000
v 0.811894 -0.252134 0.400000
v 0.812637 0.252134 0.407647
v 0.776169 0.237505 0.415001
v 0.742560 0.213749 0.421778
v 0.713101 0.181778 0.427718
v 0.688925 0.142822 0.432593
v 0.670961 0.098378 0.436215
v 0.659898 0.050153 0.438446
v 0.656163 0.000000 0.439199
v 0.659898 -0.050153 0.438446
v 0.670961 -0.098378 0.436215
v 0.688925 -0.142822 0.432593
v 0.713101 -0.181778 0.427718
v 0.742560 -0.213749 0.421778
v 0.776169 -0.237505 0.415001
v 0.812637 -0.252134 0.407647
v 0.814838 0.252134 0.415001
v 0.780485 0.237505 0.429425
v 0.748826 0.213749 0.442719
v 0.721077 0.181778 0.454370
v 0.698304 0.142822 0.463933
v 0.681381 0.098378 0.471038
v 0.670961 0.050153 0.475414
v 0.667442 0.000000 0.476892
v 0.670961 -0.050153 0.475414
v 0.681381 -0.098378 0.471038
v 0.698304 -0.142822 0.463933
v 0.721077 -0.181778 0.454370
v 0.748826 -0.213749 0.442719
v 0.780485 -0.237505 0.429425
v 0.814838 -0.252134 0.415001
v 0.818411 0.252134 0.421778
v 0.787495 0.237505 0.442719
v 0.759002 0.213749 0.462018
v 0.734029 0.181778 0.478934
v 0.713533 0.142822 0.492816
v 0.698304 0.098378 0.503132
v 0.688925 0.050153 0.509484
v 0.685759 0.000000 0.511629
v 0.688925 -0.050153 0.509484
v 0.698304 -0.098378 0.503132
v 0.713533 -0.142822 0.492816
v 0.734029 -0.181778 0.478934
v 0.759002 -0.213749 0.462018
v 0.787495 -0.237505 0.442719
v 0.818411 -0.252134 0.421778
v 0.823220 0.252134 0.427718
v 0.796928 0.237505 0.454370
v 0.772697 0.213749 0.478934
v 0.751459 0.181778 0.500464
v 0.734029 0.142822 0.518133
v 0.721077 0.098378 0.531262
v 0.713101 0.050153 0.539347
v 0.710408 0.000000 0.542077
v 0.713101 -0.050153 0.539347
v 0.721077 -0.098378 0.531262
v 0.734029 -0.142822 0.518133
v 0.751459 -0.181778 0.500464
v 0.772697 -0.213749 0.478934
v 0.796928 -0.237505 0.454370
v 0.823220 -0.252134 0.427718
v 0.829080 0.252134 0.432593
v 0.808422 0.237505 0.463933
v 0.789384 0.213749 0.492816
v 0.772697 0.181778 0.518133
v 0.759002 0.142822 0.538909
v 0.748826 0.098378 0.554348
v 0.742560 0.050153 0.563855
v 0.740444 0.000000 0.567065
v 0.742560 -0.050153 0.563855
v 0.748826 -0.098378 0.554348
v 0.759002 -0.142822 0.538909
v 0.772697 -0.181778 0.518133
v 0.789384 -0.213749 0.492816
v 0.808422 -0.237505 0.463933
v 0.829080 -0.252134 0.432593
v 0.835765 0.252134 0.436215
v 0.821536 0.237505 0.471038
v 0.808422 0.213749 0.503132
v 0.796928 0.181778 0.531262
v 0.787495 0.142822 0.554348
v 0.780485 0.098378 0.571502
v 0.776169 0.050153 0.582065
v 0.774712 0.000000 0.585632
v 0.776169 -0.050153 0.582065
v 0.780485 -0.098378 0.571502
v 0.787495 -0.142822 0.554348
v 0.796928 -0.181778 0.531262
v 0.808422 -0.213749 0.503132
v 0.821536 -0.237505 0.471038
v 0.835765 -0.252134 0.436215
v 0.843019 0.252134 0.438446
v 0.835765 0.237505 0.475414
v 0.829080 0.213749 0.509484
v 0.823220 0.181778 0.539347
v 0.818411 0.142822 0.563854
v 0.814838 0.098378 0.582065
v 0.812637 0.050153 0.593280
v 0.811894 0.000000 0.597066
v 0.812637 -0.050153 0.593280
v 0.814838 -0.098378 0.582065
v 0.818411 -0.142822 0.563854
v 0.823220 -0.181778 0.539347
v 0.829080 -0.213749 0.509484
v 0.835765 -0.237505 0.475414
v 0.843019 -0.252134 0.438446
v 0.850563 0.252134 0.439199
v 0.850563 0.237505 0.476891
v 0.850563 0.181778 0.542077
v 0.850563 0.098378 0.585632
v 0.850563 -0.098378 0.585632
v 0.850563 -0.181778 0.542077
v 0.850563 -0.213749 0.511629
v 0.850563 -0.237505 0.476891
v 0.850563 -0.252134 0.439199
v 0.850563 0.213749 -0.286187
v 0.850563 0.142822 -0.230752
v 0.850563 0.050153 -0.200750
v 0.850563 0.000000 -0.196889
v 0.850563 -0.050153 -0.200750
v 0.850563 -0.142822 -0.230752
v 0.858106 0.252134 -0.359370
v 0.865360 0.237505 -0.322402
v 0.872046 0.213749 -0.288332
v 0.877905 0.181778 -0.258469
v 0.882714 0.142822 -0.233962
v 0.886288 0.098378 -0.215751
v 0.888488 0.050153 -0.204537
v 0.889231 0.000000 -0.200750
v 0.888488 -0.050153 -0.204537
v 0.886288 -0.098378 -0.215751
v 0.882714 -0.142822 -0.233962
v 0.877905 -0.181778 -0.258469
v 0.872046 -0.213749 -0.288332
v 0.865360 -0.237505 -0.322402
v 0.858106 -0.252134 -0.359370
v 0.865360 0.252134 -0.361601
v 0.879589 0.237505 -0.326778
v 0.892703 0.213749 -0.294684
v 0.904197 0.181778 -0.266554
v 0.913630 0.142822 -0.243469
v 0.920640 0.098378 -0.226314
v 0.924956 0.050153 -0.215751
v 0.926414 0.000000 -0.212184
v 0.924956 -0.050153 -0.215751
v 0.920640 -0.098378 -0.226314
v 0.913630 -0.142822 -0.243469
v 0.904197 -0.181778 -0.266554
v 0.892703 -0.213749 -0.294684
v 0.879589 -0.237505 -0.326778
v 0.865360 -0.252134 -0.361601
v 0.872046 0.252134 -0.365223
v 0.892703 0.237505 -0.333883
v 0.911741 0.213749 -0.305000
v 0.928428 0.181778 -0.279684
v 0.942123 0.142822 -0.258907
v 0.952299 0.098378 -0.243469
v 0.958565 0.050153 -0.233962
v 0.960681 0.000000 -0.230752
v 0.958565 -0.050153 -0.233962
v 0.952299 -0.098378 -0.243469
v 0.942123 -0.142822 -0.258907
v 0.928428 -0.181778 -0.279684
v 0.911741 -0.213749 -0.305000
v 0.892703 -0.237505 -0.333883
v 0.872046 -0.252134 -0.365223
v 0.877905 0.252134 -0.370098
v 0.904197 0.237505 -0.343446
v 0.928428 0.213749 -0.318883
v 0.949667 0.181778 -0.297353
v 0.967097 0.142822 -0.279684
v 0.980048 0.098378 -0.266554
v 0.988024 0.050153 -0.258469
v 0.990717 0.000000 -0.255739
v 0.988024 -0.050153 -0.258469
v 0.980048 -0.098378 -0.266554
v 0.967097 -0.142822 -0.279684
v 0.949667 -0.181778 -0.297353
v 0.928428 -0.213749 -0.318883
v 0.904197 -0.237505 -0.343446
v 0.877905 -0.252134 -0.370098
v 0.882714 0.252134 -0.376038
v 0.913630 0.237505 -0.355098
v 0.942123 0.213749 -0.335798
v 0.967097 0.181778 -0.318883
v 0.987592 0.142822 -0.305000
v 1.002822 0.098378 -0.294684
v 1.012200 0.050153 -0.288332
v 1.015367 0.000000 -0.286187
v 1.012200 -0.050153 -0.288332
v 1.002822 -0.098378 -0.294684
v 0.987592 -0.142822 -0.305000
v 0.967097 -0.181778 -0.318883
v 0.942123 -0.213749 -0.335798
v 0.913630 -0.237505 -0.355098
v 0.882714 -0.252134 -0.376038
v 0.850563 0.257073 -0.397816
v 0.886288 0.252134 -0.382815
v 0.920640 0.237505 -0.368391
v 0.952299 0.213749 -0.355098
v 0.980048 0.181778 -0.343446
v 1.002822 0.142822 -0.333883
v 1.019744 0.098378 -0.326778
v 1.030164 0.050153 -0.322402
v 1.033683 0.000000 -0.320925
v 1.030164 -0.050153 -0.322402
v 1.019744 -0.098378 -0.326778
v 1.002822 -0.142822 -0.333883
v 0.980048 -0.181778 -0.343446
v 0.952299 -0.213749 -0.355098
v 0.920640 -0.237505 -0.368391
v 0.886288 -0.252134 -0.382815
v 0.888488 0.252134 -0.390169
v 0.924956 0.237505 -0.382815
v 0.958565 0.213749 -0.376038
v 0.988024 0.181778 -0.370098
v 1.012200 0.142822 -0.365224
v 1.030164 0.098378 -0.361601
v 1.041227 0.050153 -0.359370
v 1.044962 0.000000 -0.358617
v 1.041227 -0.050153 -0.359370
v 1.030164 -0.098378 -0.361601
v 1.012200 -0.142822 -0.365224
v 0.988024 -0.181778 -0.370098
v 0.958565 -0.213749 -0.376038
v 0.924956 -0.237505 -0.382815
v 0.888488 -0.252134 -0.390169
v 0.889231 0.252134 -0.397816
v 0.926414 0.237505 -0.397816
v 0.960681 0.213749 -0.397816
v 0.990717 0.181778 -0.397816
v 1.015367 0.142822 -0.397816
v 1.033683 0.098378 -0.397816
v 1.044962 0.050153 -0.397816
v 1.048771 0.000000 -0.397816
v 1.044962 -0.050153 -0.397816
v 1.033683 -0.098378 -0.397816
v 1.015367 -0.142822 -0.397816
v 0.990717 -0.181778 -0.397816
v 0.960681 -0.213749 -0.397816
v 0.926414 -0.237505 -0.397816
v 0.889231 -0.252134 -0.397816
v 0.888488 0.252134 -0.405464
v 0.924956 0.237505 -0.412817
v 0.958565 0.213749 -0.419594
v 0.988024 0.181778 -0.425534
v 1.012200 0.142822 -0.430409
v 1.030164 0.098378 -0.434031
v 1.041227 0.050153 -0.436262
v 1.044962 0.000000 -0.437015
v 1.041227 -0.050153 -0.436262
v 1.030164 -0.098378 -0.434031
v 1.012200 -0.142822 -0.430409
v 0.988024 -0.181778 -0.425534
v 0.958565 -0.213749 -0.419594
v 0.924956 -0.237505 -0.412817
v 0.888488 -0.252134 -0.405464
v 0.886288 0.252134 -0.412817
v 0.920640 0.237505 -0.427241
v 0.952299 0.213749 -0.440535
v 0.980048 0.181778 -0.452187
v 1.002822 0.142822 -0.461749
v 1.019744 0.098378 -0.468855
v 1.030164 0.050153 -0.473230
v 1.033683 0.000000 -0.474708
v 1.030164 -0.050153 -0.473230
v 1.019744 -0.098378 -0.468855
v 1.002822 -0.142822 -0.461749
v 0.980048 -0.181778 -0.452187
v 0.952299 -0.213749 -0.440535
v 0.920640 -0.237505 -0.427241
v 0.886288 -0.252134 -0.412817
v 0.882714 0.252134 -0.419594
v 0.913630 0.237505 -0.440535
v 0.942123 0.213749 -0.459834
v 0.967097 0.181778 -0.476750
v 0.987592 0.142822 -0.490632
v 1.002822 0.098378 -0.500948
v 1.012200 0.050153 -0.507300
v 1.015367 0.000000 -0.509445
v 1.012200 -0.050153 -0.507300
v 1.002822 -0.098378 -0.500948
v 0.987592 -0.142822 -0.490632
v 0.967097 -0.181778 -0.476750
v 0.942123 -0.213749 -0.459834
v 0.913630 -0.237505 -0.440535
v 0.882714 -0.252134 -0.419594
v 0.877905 0.252134 -0.425534
v 0.904197 0.237505 -0.452187
v 0.928428 0.213749 -0.476750
v 0.949667 0.181778 -0.498280
v 0.967097 0.142822 -0.515949
v 0.980048 0.098378 -0.529078
v 0.988024 0.050153 -0.537163
v 0.990717 0.000000 -0.539893
v 0.988024 -0.050153 -0.537163
v 0.980048 -0.098378 -0.529078
v 0.967097 -0.142822 -0.515949
v 0.949667 -0.181778 -0.498280
v 0.928428 -0.213749 -0.476750
v 0.904197 -0.237505 -0.452187
v 0.877905 -0.252134 -0.425534
v 0.872046 0.252134 -0.430409
v 0.892703 0.237505 -0.461749
v 0.911741 0.213749 -0.490632
v 0.928428 0.181778 -0.515949
v 0.942123 0.142822 -0.536725
v 0.952299 0.098378 -0.552164
v 0.958565 0.050153 -0.561671
v 0.960681 0.000000 -0.564881
v 0.958565 -0.050153 -0.561671
v 0.952299 -0.098378 -0.552164
v 0.942123 -0.142822 -0.536725
v 0.928428 -0.181778 -0.515949
v 0.911741 -0.213749 -0.490632
v 0.892703 -0.237505 -0.461749
v 0.872046 -0.252134 -0.430409
v 0.865360 0.252134 -0.434031
v 0.879589 0.237505 -0.468855
v 0.892703 0.213749 -0.500948
v 0.904197 0.181778 -0.529078
v 0.913630 0.142822 -0.552164
v 0.920640 0.098378 -0.569318
v 0.924956 0.050153 -0.579882
v 0.926413 0.000000 -0.583448
v 0.924956 -0.050153 -0.579882
v 0.920640 -0.098378 -0.569318
v 0.913630 -0.142822 -0.552164
v 0.904197 -0.181778 -0.529078
v 0.892703 -0.213749 -0.500948
v 0.879589 -0.237505 -0.468855
v 0.865360 -0.252134 -0.434031
v 0.858106 0.252134 -0.436262
v 0.865360 0.237505 -0.473230
v 0.872046 0.213749 -0.507300
v 0.877905 0.181778 -0.537163
v 0.882714 0.142822 -0.561671
v 0.886288 0.098378 -0.579882
v 0.888488 0.050153 -0.591096
v 0.889231 0.000000 -0.594882
v 0.888488 -0.050153 -0.591096
v 0.886288 -0.098378 -0.579882
v 0.882714 -0.142822 -0.561671
v 0.877905 -0.181778 -0.537163
v 0.872046 -0.213749 -0.507300
v 0.865360 -0.237505 -0.473230
v 0.858106 -0.252134 -0.436262
v 0.850563 0.252134 -0.437015
v 0.850563 0.237505 -0.474708
v 0.850563 0.213749 -0.509445
v 0.850563 0.181778 -0.539893
v 0.850563 0.142822 -0.564881
v 0.850563 0.098378 -0.583448
v 0.850563 0.050153 -0.594882
v 0.850563 0.000000 -0.598743
v 0.850563 -0.050153 -0.594882
v 0.850563 -0.098378 -0.583448
v 0.850563 -0.142822 -0.564881
v 0.850563 -0.181778 -0.539893
v 0.850563 -0.213749 -0.509445
v 0.850563 -0.237505 -0.474708
v 0.850563 -0.252134 -0.437015
v 0.843019 0.252134 -0.436262
v 0.835765 0.237505 -0.473230
v 0.829080 0.213749 -0.507300
v 0.823220 0.181778 -0.537163
v 0.818411 0.142822 -0.561671
v 0.814838 0.098378 -0.579881
v 0.812637 0.050153 -0.591096
v 0.811894 0.000000 -0.594882
v 0.812637 -0.050153 -0.591096
v 0.814838 -0.098378 -0.579881
v 0.818411 -0.142822 -0.561671
v 0.823220 -0.181778 -0.537163
v 0.829080 -0.213749 -0.507300
v 0.835765 -0.237505 -0.473230
v 0.843019 -0.252134 -0.436262
v 0.835765 0.252134 -0.434031
v 0.821536 0.237505 -0.468855
v 0.808422 0.213749 -0.500948
v 0.796928 0.181778 -0.529078
v 0.787495 0.142822 -0.552164
v 0.780485 0.098378 -0.569318
v 0.776169 0.050153 -0.579881
v 0.774712 0.000000 -0.583448
v 0.776169 -0.050153 -0.579881
v 0.780485 -0.098378 -0.569318
v 0.787495 -0.142822 -0.552164
v 0.796928 -0.181778 -0.529078
v 0.808422 -0.213749 -0.500948
v 0.821536 -0.237505 -0.468855
v 0.835765 -0.252134 -0.434031
v 0.829080 0.252134 -0.430409
v 0.808422 0.237505 -0.461749
v 0.789384 0.213749 -0.490632
v 0.772697 0.181778 -0.515949
v 0.759002 0.142822 -0.536725
v 0.748826 0.098378 -0.552164
v 0.742560 0.050153 -0.561671
v 0.740444 0.000000 -0.564881
v 0.742560 -0.050153 -0.561671
v 0.748826 -0.098378 -0.552164
v 0.759002 -0.142822 -0.536725
v 0.772697 -0.181778 -0.515949
v 0.789384 -0.213749 -0.490632
v 0.808422 -0.237505 -0.461749
v 0.829080 -0.252134 -0.430409
v 0.823220 0.252134 -0.425534
v 0.796928 0.237505 -0.452187
v 0.772697 0.213749 -0.476750
v 0.751459 0.181778 -0.498280
v 0.734029 0.142822 -0.515949
v 0.721077 0.098378 -0.529078
v 0.713101 0.050153 -0.537163
v 0.710408 0.000000 -0.539893
v 0.713101 -0.050153 -0.537163
v 0.721077 -0.098378 -0.529078
v 0.734029 -0.142822 -0.515949
v 0.751459 -0.181778 -0.498280
v 0.772697 -0.213749 -0.476750
v 0.796928 -0.237505 -0.452187
v 0.823220 -0.252134 -0.425534
v 0.850563 -0.257073 -0.397816
v 0.818411 0.252134 -0.419594
v 0.787495 0.237505 -0.440535
v 0.759002 0.213749 -0.459834
v 0.734029 0.181778 -0.476750
v 0.713533 0.142822 -0.490632
v 0.698304 0.098378 -0.500948
v 0.688925 0.050153 -0.507300
v 0.685759 0.000000 -0.509445
v 0.688925 -0.050153 -0.507300
v 0.698304 -0.098378 -0.500948
v 0.713533 -0.142822 -0.490632
v 0.734029 -0.181778 -0.476750
v 0.759002 -0.213749 -0.459834
v 0.787495 -0.237505 -0.440535
v 0.818411 -0.252134 -0.419594
v 0.814838 0.252134 -0.412817
v 0.780485 0.237505 -0.427241
v 0.748826 0.213749 -0.440535
v 0.721077 0.181778 -0.452187
v 0.698304 0.142822 -0.461749
v 0.681381 0.098378 -0.468855
v 0.670961 0.050153 -0.473230
v 0.667442 0.000000 -0.474707
v 0.670961 -0.050153 -0.473230
v 0.681381 -0.098378 -0.468855
v 0.698304 -0.142822 -0.461749
v 0.721077 -0.181778 -0.452187
v 0.748826 -0.213749 -0.440535
v 0.780485 -0.237505 -0.427241
v 0.814838 -0.252134 -0.412817
v 0.812637 0.252134 -0.405463
v 0.776169 0.237505 -0.412817
v 0.742560 0.213749 -0.419594
v 0.713101 0.181778 -0.425534
v 0.688925 0.142822 -0.430409
v 0.670961 0.098378 -0.434031
v 0.659898 0.050153 -0.436262
v 0.656163 0.000000 -0.437015
v 0.659898 -0.050153 -0.436262
v 0.670961 -0.098378 -0.434031
v 0.688925 -0.142822 -0.430409
v 0.713101 -0.181778 -0.425534
v 0.742560 -0.213749 -0.419594
v 0.776169 -0.237505 -0.412817
v 0.812637 -0.252134 -0.405463
v 0.811894 0.252134 -0.397816
v 0.774712 0.237505 -0.397816
v 0.740444 0.213749 -0.397816
v 0.710408 0.181778 -0.397816
v 0.685759 0.142822 -0.397816
v 0.667442 0.098378 -0.397816
v 0.656163 0.050153 -0.397816
v 0.652355 0.000000 -0.397816
v 0.656163 -0.050153 -0.397816
v 0.667442 -0.098378 -0.397816
v 0.685759 -0.142822 -0.397816
v 0.710408 -0.181778 -0.397816
v 0.740444 -0.213749 -0.397816
v 0.774712 -0.237505 -0.397816
v 0.811894 -0.252134 -0.397816
v 0.812637 0.252134 -0.390169
v 0.776169 0.237505 -0.382815
v 0.742560 0.213749 -0.376038
v 0.713101 0.181778 -0.370098
v 0.688925 0.142822 -0.365223
v 0.670961 0.098378 -0.361601
v 0.659898 0.050153 -0.359370
v 0.656163 0.000000 -0.358617
v 0.659898 -0.050153 -0.359370
v 0.670961 -0.098378 -0.361601
v 0.688925 -0.142822 -0.365223
v 0.713101 -0.181778 -0.370098
v 0.742560 -0.213749 -0.376038
v 0.776169 -0.237505 -0.382815
v 0.812637 -0.252134 -0.390169
v 0.814838 0.252134 -0.382815
v 0.780485 0.237505 -0.368391
v 0.748826 0.213749 -0.355098
v 0.721077 0.181778 -0.343446
v 0.698304 0.142822 -0.333883
v 0.681381 0.098378 -0.326778
v 0.670961 0.050153 -0.322402
v 0.667442 0.000000 -0.320925
v 0.670961 -0.050153 -0.322402
v 0.681381 -0.098378 -0.326778
v 0.698304 -0.142822 -0.333883
v 0.721077 -0.181778 -0.343446
v 0.748826 -0.213749 -0.355098
v 0.780485 -0.237505 -0.368391
v 0.814838 -0.252134 -0.382815
v 0.818411 0.252134 -0.376038
v 0.787495 0.237505 -0.355098
v 0.759002 0.213749 -0.335798
v 0.734029 0.181778 -0.318883
v 0.713533 0.142822 -0.305000
v 0.698304 0.098378 -0.294684
v 0.688925 0.050153 -0.288332
v 0.685759 0.000000 -0.286187
v 0.688925 -0.050153 -0.288332
v 0.698304 -0.098378 -0.294684
v 0.713533 -0.142822 -0.305000
v 0.734029 -0.181778 -0.318883
v 0.759002 -0.213749 -0.335798
v 0.787495 -0.237505 -0.355098
v 0.818411 -0.252134 -0.376038
v 0.823220 0.252134 -0.370098
v 0.796928 0.237505 -0.343446
v 0.772697 0.213749 -0.318883
v 0.751459 0.181778 -0.297353
v 0.734029 0.142822 -0.279684
v 0.721077 0.098378 -0.266554
v 0.713101 0.050153 -0.258469
v 0.710408 0.000000 -0.255740
v 0.713101 -0.050153 -0.258469
v 0.721077 -0.098378 -0.266554
v 0.734029 -0.142822 -0.279684
v 0.751459 -0.181778 -0.297353
v 0.772697 -0.213749 -0.318883
v 0.796928 -0.237505 -0.343446
v 0.823220 -0.252134 -0.370098
v 0.829080 0.252134 -0.365224
v 0.808422 0.237505 -0.333883
v 0.789384 0.213749 -0.305000
v 0.772697 0.181778 -0.279684
v 0.759002 0.142822 -0.258907
v 0.748826 0.098378 -0.243469
v 0.742560 0.050153 -0.233962
v 0.740444 0.000000 -0.230752
v 0.742560 -0.050153 -0.233962
v 0.748826 -0.098378 -0.243469
v 0.759002 -0.142822 -0.258907
v 0.772697 -0.181778 -0.279684
v 0.789384 -0.213749 -0.305000
v 0.808422 -0.237505 -0.333883
v 0.829080 -0.252134 -0.365224
v 0.835765 0.252134 -0.361601
v 0.821536 0.237505 -0.326778
v 0.808422 0.213749 -0.294685
v 0.796928 0.181778 -0.266554
v 0.787495 0.142822 -0.243469
v 0.780485 0.098378 -0.226314
v 0.776169 0.050153 -0.215751
v 0.774712 0.000000 -0.212184
v 0.776169 -0.050153 -0.215751
v 0.780485 -0.098378 -0.226314
v 0.787495 -0.142822 -0.243469
v 0.796928 -0.181778 -0.266554
v 0.808422 -0.213749 -0.294685
v 0.821536 -0.237505 -0.326778
v 0.835765 -0.252134 -0.361601
v 0.843019 0.252134 -0.359371
v 0.835765 0.237505 -0.322402
v 0.829080 0.213749 -0.288332
v 0.823220 0.181778 -0.258469
v 0.818411 0.142822 -0.233962
v 0.814838 0.098378 -0.215751
v 0.812637 0.050153 -0.204537
v 0.811894 0.000000 -0.200750
v 0.812637 -0.050153 -0.204537
v 0.814838 -0.098378 -0.215751
v 0.818411 -0.142822 -0.233962
v 0.823220 -0.181778 -0.258469
v 0.829080 -0.213749 -0.288332
v 0.835765 -0.237505 -0.322402
v 0.843019 -0.252134 -0.359371
v 0.850563 0.252134 -0.358617
v 0.850563 0.237505 -0.320925
v 0.850563 0.181778 -0.255739
v 0.850563 0.098378 -0.212184
v 0.850563 -0.098378 -0.212184
v 0.850563 -0.181778 -0.255739
v 0.850563 -0.213749 -0.286187
v 0.850563 -0.237505 -0.320925
v 0.850563 -0.252134 -0.358617
vn -0.0000 0.9217 -0.3879
vn -0.0000 0.9796 -0.2010
vn 0.0392 0.9796 -0.1971
vn 0.0757 0.9217 -0.3804
vn -0.0000 -0.3805 -0.9248
vn -0.0000 -0.1939 -0.9810
vn 0.1914 -0.1939 -0.9622
vn 0.1804 -0.3805 -0.9070
vn -0.0000 0.8286 -0.5598
vn 0.1092 0.8286 -0.5490
vn -0.0000 -0.5528 -0.8333
vn 0.1626 -0.5528 -0.8173
vn -0.0000 0.7041 -0.7101
vn 0.1385 0.7041 -0.6965
vn -0.0000 -0.7041 -0.7101
vn 0.1385 -0.7041 -0.6965
vn -0.0000 0.5528 -0.8333
vn 0.1626 0.5528 -0.8173
vn -0.0000 -0.8286 -0.5598
vn 0.1092 -0.8286 -0.5490
vn -0.0000 0.3805 -0.9248
vn 0.1804 0.3805 -0.9070
vn -0.0000 -0.9217 -0.3879
vn 0.0757 -0.9217 -0.3804
vn -0.0000 0.1939 -0.9810
vn 0.1914 0.1939 -0.9622
vn -0.0000 -0.9796 -0.2010
vn 0.0392 -0.9796 -0.1971
vn -0.0000 -0.0000 -1.0000
vn 0.1951 -0.0000 -0.9808
vn -0.0000 1.0000 -0.0000
vn -0.0000 -1.0000 -0.0000
vn 0.0769 0.9796 -0.1857
vn 0.0769 -0.9796 -0.1857
vn 0.3827 -0.0000 -0.9239
vn 0.3754 -0.1939 -0.9063
vn 0.1484 0.9217 -0.3584
vn 0.3539 -0.3805 -0.8544
vn 0.2142 0.8286 -0.5172
vn 0.3189 -0.5528 -0.7699
vn 0.2718 0.7041 -0.6561
vn 0.2718 -0.7041 -0.6561
vn 0.3189 0.5528 -0.7699
vn 0.2142 -0.8286 -0.5172
vn 0.3539 0.3805 -0.8544
vn 0.1484 -0.9217 -0.3584
vn 0.3754 0.1939 -0.9063
vn 0.3945 0.7041 -0.5905
vn 0.4630 0.5528 -0.6929
vn 0.3945 -0.7041 -0.5905
vn 0.3110 -0.8286 -0.4654
vn 0.5138 0.3805 -0.7689
vn 0.2155 -0.9217 -0.3225
vn 0.5450 0.1939 -0.8157
vn 0.1117 -0.9796 -0.1671
vn 0.5556 -0.0000 -0.8315
vn 0.1117 0.9796 -0.1671
vn 0.5450 -0.1939 -0.8157
vn 0.2155 0.9217 -0.3225
vn 0.5138 -0.3805 -0.7689
vn 0.3110 0.8286 -0.4654
vn 0.4630 -0.5528 -0.6929
vn 0.7071 -0.0000 -0.7071
vn 0.6937 -0.1939 -0.6937
vn 0.1421 0.9796 -0.1421
vn 0.2743 0.9217 -0.2743
vn 0.6539 -0.3805 -0.6539
vn 0.3958 0.8286 -0.3958
vn 0.5893 -0.5528 -0.5893
vn 0.5021 0.7041 -0.5021
vn 0.5021 -0.7041 -0.5021
vn 0.5893 0.5528 -0.5893
vn 0.3958 -0.8286 -0.3958
vn 0.6539 0.3805 -0.6539
vn 0.2743 -0.9217 -0.2743
vn 0.6937 0.1939 -0.6937
vn 0.1421 -0.9796 -0.1421
vn 0.5905 -0.7041 -0.3945
vn 0.4654 -0.8286 -0.3110
vn 0.6929 0.5528 -0.4630
vn 0.7689 0.3805 -0.5138
vn 0.3225 -0.9217 -0.2155
vn 0.8157 0.1939 -0.5450
vn 0.1671 -0.9796 -0.1117
vn 0.8315 -0.0000 -0.5556
vn 0.1671 0.9796 -0.1117
vn 0.8157 -0.1939 -0.5450
vn 0.3225 0.9217 -0.2155
vn 0.7689 -0.3805 -0.5138
vn 0.4654 0.8286 -0.3110
vn 0.6929 -0.5528 -0.4630
vn 0.5905 0.7041 -0.3945
vn 0.1857 0.9796 -0.0769
vn 0.3584 0.9217 -0.1484
vn 0.9063 -0.1939 -0.3754
vn 0.8544 -0.3805 -0.3539
vn 0.5172 0.8286 -0.2142
vn 0.7699 -0.5528 -0.3189
vn 0.6561 0.7041 -0.2718
vn 0.6561 -0.7041 -0.2718
vn 0.7699 0.5528 -0.3189
vn 0.5172 -0.8286 -0.2142
vn 0.8544 0.3805 -0.3539
vn 0.3584 -0.9217 -0.1484
vn 0.9063 0.1939 -0.3754
vn 0.1857 -0.9796 -0.0769
vn 0.9239 -0.0000 -0.3827
vn 0.8173 0.5528 -0.1626
vn 0.9070 0.3805 -0.1804
vn 0.5490 -0.8286 -0.1092
vn 0.3804 -0.9217 -0.0757
vn 0.9622 0.1939 -0.1914
vn 0.1971 -0.9796 -0.0392
vn 0.9808 -0.0000 -0.1951
vn 0.1971 0.9796 -0.0392
vn 0.9622 -0.1939 -0.1914
vn 0.3804 0.9217 -0.0757
vn 0.9070 -0.3805 -0.1804
vn 0.5490 0.8286 -0.1092
vn 0.8173 -0.5528 -0.1626
vn 0.6965 0.7041 -0.1385
vn 0.6965 -0.7041 -0.1385
vn 0.9810 -0.1939 -0.0000
vn 0.9248 -0.3805 -0.0000
vn 0.3879 0.9217 -0.0000
vn 0.5598 0.8286 -0.0000
vn 0.8333 -0.5528 -0.0000
vn 0.7101 0.7041 -0.0000
vn 0.7101 -0.7041 -0.0000
vn 0.8333 0.5528 -0.0000
vn 0.5598 -0.8286 -0.0000
vn 0.9248 0.3805 -0.0000
vn 0.3879 -0.9217 -0.0000
vn 0.9810 0.1939 -0.0000
vn 0.2010 -0.9796 -0.0000
vn 1.0000 -0.0000 -0.0000
vn 0.2010 0.9796 -0.0000
vn 0.5490 -0.8286 0.1092
vn 0.3804 -0.9217 0.0757
vn 0.9070 0.3805 0.1804
vn 0.9622 0.1939 0.1914
vn 0.1971 -0.9796 0.0392
vn 0.9808 -0.0000 0.1951
vn 0.1971 0.9796 0.0392
vn 0.9622 -0.1939 0.1914
vn 0.3804 0.9217 0.0757
vn 0.9070 -0.3805 0.1804
vn 0.5490 0.8286 0.1092
vn 0.8173 -0.5528 0.1626
vn 0.6965 0.7041 0.1385
vn 0.6965 -0.7041 0.1385
vn 0.8173 0.5528 0.1626
vn 0.8544 -0.3805 0.3539
vn 0.7699 -0.5528 0.3189
vn 0.5172 0.8286 0.2142
vn 0.6561 0.7041 0.2718
vn 0.6561 -0.7041 0.2718
vn 0.7699 0.5528 0.3189
vn 0.5172 -0.8286 0.2142
vn 0.8544 0.3805 0.3539
vn 0.3584 -0.9217 0.1484
vn 0.9063 0.1939 0.3754
vn 0.1857 -0.9796 0.0769
vn 0.9239 -0.0000 0.3827
vn 0.1857 0.9796 0.0769
vn 0.9063 -0.1939 0.3754
vn 0.3584 0.9217 0.1484
vn 0.3225 -0.9217 0.2155
vn 0.1671 -0.9796 0.1117
vn 0.8157 0.1939 0.5450
vn 0.8315 -0.0000 0.5556
vn 0.1671 0.9796 0.1117
vn 0.8157 -0.1939 0.5450
vn 0.3225 0.9217 0.2155
vn 0.7689 -0.3805 0.5138
vn 0.4654 0.8286 0.3110
vn 0.6929 -0.5528 0.4630
vn 0.5905 0.7041 0.3945
vn 0.5905 -0.7041 0.3945
vn 0.6929 0.5528 0.4630
vn 0.4654 -0.8286 0.3110
vn 0.7689 0.3805 0.5138
vn 0.3958 0.8286 0.3958
vn 0.5021 0.7041 0.5021
vn 0.5893 -0.5528 0.5893
vn 0.5021 -0.7041 0.5021
vn 0.5893 0.5528 0.5893
vn 0.3958 -0.8286 0.3958
vn 0.6539 0.3805 0.6539
vn 0.2743 -0.9217 0.2743
vn 0.6937 0.1939 0.6937
vn 0.1421 -0.9796 0.1421
vn 0.7071 -0.0000 0.7071
vn 0.1421 0.9796 0.1421
vn 0.6937 -0.1939 0.6937
vn 0.2743 0.9217 0.2743
vn 0.6539 -0.3805 0.6539
vn 0.5450 0.1939 0.8157
vn 0.5556 -0.0000 0.8315
vn 0.1117 0.9796 0.1671
vn 0.1117 -0.9796 0.1671
vn 0.5450 -0.1939 0.8157
vn 0.2155 0.9217 0.3225
vn 0.5138 -0.3805 0.7689
vn 0.3110 0.8286 0.4654
vn 0.4630 -0.5528 0.6929
vn 0.3945 0.7041 0.5905
vn 0.3945 -0.7041 0.5905
vn 0.4630 0.5528 0.6929
vn 0.3110 -0.8286 0.4654
vn 0.5138 0.3805 0.7689
vn 0.2155 -0.9217 0.3225
vn 0.3189 -0.5528 0.7699
vn 0.2718 -0.7041 0.6561
vn 0.2718 0.7041 0.6561
vn 0.3189 0.5528 0.7699
vn 0.2142 -0.8286 0.5172
vn 0.3539 0.3805 0.8544
vn 0.1484 -0.9217 0.3584
vn 0.3754 0.1939 0.9063
vn 0.0769 -0.9796 0.1857
vn 0.3827 -0.0000 0.9239
vn 0.0769 0.9796 0.1857
vn 0.3754 -0.1939 0.9063
vn 0.1484 0.9217 0.3584
vn 0.3539 -0.3805 0.8544
vn 0.2142 0.8286 0.5172
vn 0.0392 0.9796 0.1971
vn 0.0392 -0.9796 0.1971
vn 0.1951 -0.0000 0.9808
vn 0.1914 -0.1939 0.9622
vn 0.0757 0.9217 0.3804
vn 0.1804 -0.3805 0.9070
vn 0.1092 0.8286 0.5490
vn 0.1626 -0.5528 0.8173
vn 0.1385 0.7041 0.6965
vn 0.1385 -0.7041 0.6965
vn 0.1626 0.5528 0.8173
vn 0.1092 -0.8286 0.5490
vn 0.1804 0.3805 0.9070
vn 0.0757 -0.9217 0.3804
vn 0.1914 0.1939 0.9622
vn -0.0000 0.7041 0.7101
vn -0.0000 0.5528 0.8333
vn -0.0000 -0.7041 0.7101
vn -0.0000 -0.8286 0.5598
vn -0.0000 0.3805 0.9248
vn -0.0000 -0.9217 0.3879
vn -0.0000 0.1939 0.9810
vn -0.0000 -0.9796 0.2010
vn -0.0000 -0.0000 1.0000
vn -0.0000 0.9796 0.2010
vn -0.0000 -0.1939 0.9810
vn -0.0000 0.9217 0.3879
vn -0.0000 -0.3805 0.9248
vn -0.0000 0.8286 0.5598
vn -0.0000 -0.5528 0.8333
vn -0.1951 -0.0000 0.9808
vn -0.1914 -0.1939 0.9622
vn -0.0392 0.9796 0.1971
vn -0.0757 0.9217 0.3804
vn -0.1804 -0.3805 0.9070
vn -0.1092 0.8286 0.5490
vn -0.1626 -0.5528 0.8173
vn -0.1385 0.7041 0.6965
vn -0.1385 -0.7041 0.6965
vn -0.1626 0.5528 0.8173
vn -0.1092 -0.8286 0.5490
vn -0.1804 0.3805 0.9070
vn -0.0757 -0.9217 0.3804
vn -0.1914 0.1939 0.9622
vn -0.0392 -0.9796 0.1971
vn -0.2718 -0.7041 0.6561
vn -0.2142 -0.8286 0.5172
vn -0.3189 0.5528 0.7699
vn -0.3539 0.3805 0.8544
vn -0.1484 -0.9217 0.3584
vn -0.3754 0.1939 0.9063
vn -0.0769 -0.9796 0.1857
vn -0.3827 -0.0000 0.9239
vn -0.0769 0.9796 0.1857
vn -0.3754 -0.1939 0.9063
vn -0.1484 0.9217 0.3584
vn -0.3539 -0.3805 0.8544
vn -0.2142 0.8286 0.5172
vn -0.3189 -0.5528 0.7699
vn -0.2718 0.7041 0.6561
vn -0.5450 -0.1939 0.8157
vn -0.5138 -0.3805 0.7689
vn -0.2155 0.9217 0.3225
vn -0.3110 0.8286 0.4654
vn -0.4630 -0.5528 0.6929
vn -0.3945 0.7041 0.5905
vn -0.3945 -0.7041 0.5905
vn -0.4630 0.5528 0.6929
vn -0.3110 -0.8286 0.4654
vn -0.5138 0.3805 0.7689
vn -0.2155 -0.9217 0.3225
vn -0.5450 0.1939 0.8157
vn -0.1117 -0.9796 0.1671
vn -0.5556 -0.0000 0.8315
vn -0.1117 0.9796 0.1671
vn -0.3958 -0.8286 0.3958
vn -0.2743 -0.9217 0.2743
vn -0.6539 0.3805 0.6539
vn -0.6937 0.1939 0.6937
vn -0.1421 -0.9796 0.1421
vn -0.7071 -0.0000 0.7071
vn -0.1421 0.9796 0.1421
vn -0.6937 -0.1939 0.6937
vn -0.2743 0.9217 0.2743
vn -0.6539 -0.3805 0.6539
vn -0.3958 0.8286 0.3958
vn -0.5893 -0.5528 0.5893
vn -0.5021 0.7041 0.5021
vn -0.5021 -0.7041 0.5021
vn -0.5893 0.5528 0.5893
vn -0.3225 0.9217 0.2155
vn -0.4654 0.8286 0.3110
vn -0.7689 -0.3805 0.5138
vn -0.6929 -0.5528 0.4630
vn -0.5905 0.7041 0.3945
vn -0.5905 -0.7041 0.3945
vn -0.6929 0.5528 0.4630
vn -0.4654 -0.8286 0.3110
vn -0.7689 0.3805 0.5138
vn -0.3225 -0.9217 0.2155
vn -0.8157 0.1939 0.5450
vn -0.1671 -0.9796 0.1117
vn -0.8315 -0.0000 0.5556
vn -0.1671 0.9796 0.1117
vn -0.8157 -0.1939 0.5450
vn -0.8544 0.3805 0.3539
vn -0.9063 0.1939 0.3754
vn -0.3584 -0.9217 0.1484
vn -0.1857 -0.9796 0.0769
vn -0.9239 -0.0000 0.3827
vn -0.1857 0.9796 0.0769
vn -0.9063 -0.1939 0.3754
vn -0.3584 0.9217 0.1484
vn -0.8544 -0.3805 0.3539
vn -0.5172 0.8286 0.2142
vn -0.7699 -0.5528 0.3189
vn -0.6561 0.7041 0.2718
vn -0.6561 -0.7041 0.2718
vn -0.7699 0.5528 0.3189
vn -0.5172 -0.8286 0.2142
vn -0.9070 -0.3805 0.1804
vn -0.8173 -0.5528 0.1626
vn -0.5490 0.8286 0.1092
vn -0.6965 0.7041 0.1385
vn -0.6965 -0.7041 0.1385
vn -0.8173 0.5528 0.1626
vn -0.5490 -0.8286 0.1092
vn -0.9070 0.3805 0.1804
vn -0.3804 -0.9217 0.0757
vn -0.9622 0.1939 0.1914
vn -0.1971 -0.9796 0.0392
vn -0.9808 -0.0000 0.1951
vn -0.1971 0.9796 0.0392
vn -0.9622 -0.1939 0.1914
vn -0.3804 0.9217 0.0757
vn -0.3879 -0.9217 -0.0000
vn -0.2010 -0.9796 -0.0000
vn -0.9810 0.1939 -0.0000
vn -1.0000 -0.0000 -0.0000
vn -0.2010 0.9796 -0.0000
vn -0.9810 -0.1939 -0.0000
vn -0.3879 0.9217 -0.0000
vn -0.9248 -0.3805 -0.0000
vn -0.5598 0.8286 -0.0000
vn -0.8333 -0.5528 -0.0000
vn -0.7101 0.7041 -0.0000
vn -0.7101 -0.7041 -0.0000
vn -0.8333 0.5528 -0.0000
vn -0.5598 -0.8286 -0.0000
vn -0.9248 0.3805 -0.0000
vn -0.5490 0.8286 -0.1092
vn -0.6965 0.7041 -0.1385
vn -0.8173 -0.5528 -0.1626
vn -0.6965 -0.7041 -0.1385
vn -0.8173 0.5528 -0.1626
vn -0.5490 -0.8286 -0.1092
vn -0.9070 0.3805 -0.1804
vn -0.3804 -0.9217 -0.0757
vn -0.9622 0.1939 -0.1914
vn -0.1971 -0.9796 -0.0392
vn -0.9808 -0.0000 -0.1951
vn -0.1971 0.9796 -0.0392
vn -0.9622 -0.1939 -0.1914
vn -0.3804 0.9217 -0.0757
vn -0.9070 -0.3805 -0.1804
vn -0.9063 0.1939 -0.3754
vn -0.9239 -0.0000 -0.3827
vn -0.1857 0.9796 -0.0769
vn -0.1857 -0.9796 -0.0769
vn -0.9063 -0.1939 -0.3754
vn -0.3584 0.9217 -0.1484
vn -0.8544 -0.3805 -0.3539
vn -0.5172 0.8286 -0.2142
vn -0.7699 -0.5528 -0.3189
vn -0.6561 0.7041 -0.2718
vn -0.6561 -0.7041 -0.2718
vn -0.7699 0.5528 -0.3189
vn -0.5172 -0.8286 -0.2142
vn -0.8544 0.3805 -0.3539
vn -0.3584 -0.9217 -0.1484
vn -0.6929 -0.5528 -0.4630
vn -0.5905 -0.7041 -0.3945
vn -0.5905 0.7041 -0.3945
vn -0.6929 0.5528 -0.4630
vn -0.4654 -0.8286 -0.3110
vn -0.7689 0.3805 -0.5138
vn -0.3225 -0.9217 -0.2155
vn -0.8157 0.1939 -0.5450
vn -0.1671 -0.9796 -0.1117
vn -0.8315 -0.0000 -0.5556
vn -0.1671 0.9796 -0.1117
vn -0.8157 -0.1939 -0.5450
vn -0.3225 0.9217 -0.2155
vn -0.7689 -0.3805 -0.5138
vn -0.4654 0.8286 -0.3110
vn -0.1421 -0.9796 -0.1421
vn -0.7071 -0.0000 -0.7071
vn -0.6937 -0.1939 -0.6937
vn -0.1421 0.9796 -0.1421
vn -0.2743 0.9217 -0.2743
vn -0.6539 -0.3805 -0.6539
vn -0.3958 0.8286 -0.3958
vn -0.5893 -0.5528 -0.5893
vn -0.5021 0.7041 -0.5021
vn -0.5021 -0.7041 -0.5021
vn -0.5893 0.5528 -0.5893
vn -0.3958 -0.8286 -0.3958
vn -0.6539 0.3805 -0.6539
vn -0.2743 -0.9217 -0.2743
vn -0.6937 0.1939 -0.6937
vn -0.3945 -0.7041 -0.5905
vn -0.3110 -0.8286 -0.4654
vn -0.4630 0.5528 -0.6929
vn -0.5138 0.3805 -0.7689
vn -0.2155 -0.9217 -0.3225
vn -0.5450 0.1939 -0.8157
vn -0.1117 -0.9796 -0.1671
vn -0.5556 -0.0000 -0.8315
vn -0.1117 0.9796 -0.1671
vn -0.5450 -0.1939 -0.8157
vn -0.2155 0.9217 -0.3225
vn -0.5138 -0.3805 -0.7689
vn -0.3110 0.8286 -0.4654
vn -0.4630 -0.5528 -0.6929
vn -0.3945 0.7041 -0.5905
vn -0.0769 0.9796 -0.1857
vn -0.1484 0.9217 -0.3584
vn -0.3754 -0.1939 -0.9063
vn -0.3539 -0.3805 -0.8544
vn -0.2142 0.8286 -0.5172
vn -0.3189 -0.5528 -0.7699
vn -0.2718 0.7041 -0.6561
vn -0.2718 -0.7041 -0.6561
vn -0.3189 0.5528 -0.7699
vn -0.2142 -0.8286 -0.5172
vn -0.3539 0.3805 -0.8544
vn -0.1484 -0.9217 -0.3584
vn -0.3754 0.1939 -0.9063
vn -0.0769 -0.9796 -0.1857
vn -0.3827 -0.0000 -0.9239
vn -0.1626 0.5528 -0.8173
vn -0.1804 0.3805 -0.9070
vn -0.1092 -0.8286 -0.5490
vn -0.0757 -0.9217 -0.3804
vn -0.1914 0.1939 -0.9622
vn -0.0392 -0.9796 -0.1971
vn -0.1951 -0.0000 -0.9808
vn -0.0392 0.9796 -0.1971
vn -0.1914 -0.1939 -0.9622
vn -0.0757 0.9217 -0.3804
vn -0.1804 -0.3805 -0.9070
vn -0.1092 0.8286 -0.5490
vn -0.1626 -0.5528 -0.8173
vn -0.1385 0.7041 -0.6965
vn -0.1385 -0.7041 -0.6965
vn -0.0000 0.4472 -0.8944
vn 0.1745 0.4472 -0.8772
vn 0.3423 0.4472 -0.8263
vn 0.4969 0.4472 -0.7437
vn 0.6325 0.4472 -0.6325
vn 0.7437 0.4472 -0.4969
vn 0.8263 0.4472 -0.3423
vn 0.8772 0.4472 -0.1745
vn 0.8944 0.4472 -0.0000
vn 0.8772 0.4472 0.1745
vn 0.8263 0.4472 0.3423
vn 0.7437 0.4472 0.4969
vn 0.6325 0.4472 0.6325
vn 0.4969 0.4472 0.7437
vn 0.3423 0.4472 0.8263
vn 0.1745 0.4472 0.8772
vn -0.0000 0.4472 0.8944
vn -0.1745 0.4472 0.8772
vn -0.3423 0.4472 0.8263
vn -0.4969 0.4472 0.7437
vn -0.6325 0.4472 0.6325
vn -0.7437 0.4472 0.4969
vn -0.8263 0.4472 0.3423
vn -0.8772 0.4472 0.1745
vn -0.8944 0.4472 -0.0000
vn -0.8772 0.4472 -0.1745
vn -0.8263 0.4472 -0.3423
vn -0.7437 0.4472 -0.4969
vn -0.6325 0.4472 -0.6325
vn -0.4969 0.4472 -0.7437
vn -0.3423 0.4472 -0.8263
vn -0.1745 0.4472 -0.8772
vn -0.1733 -0.4840 0.8577
vn -0.0000 -0.4840 0.8750
vn -0.1707 -0.4840 0.8582
vn -0.3349 -0.4840 0.8084
vn -0.4861 -0.4840 0.7276
vn -0.6187 -0.4840 0.6187
vn -0.7276 -0.4840 0.4861
vn -0.8084 -0.4840 0.3349
vn -0.8577 -0.4840 0.1733
vn -0.8582 -0.4840 0.1707
vn -0.8750 -0.4840 -0.0000
vn -0.8587 -0.4840 -0.1682
vn -0.8582 -0.4840 -0.1707
vn -0.8084 -0.4840 -0.3349
vn -0.7276 -0.4840 -0.4861
vn -0.6187 -0.4840 -0.6187
vn -0.4861 -0.4840 -0.7276
vn -0.3349 -0.4840 -0.8084
vn -0.1733 -0.4840 -0.8577
vn -0.1707 -0.4840 -0.8582
vn -0.0000 -0.4840 -0.8750
vn 0.1682 -0.4840 -0.8587
vn 0.1707 -0.4840 -0.8582
vn 0.3349 -0.4840 -0.8084
vn 0.4861 -0.4840 -0.7276
vn 0.6187 -0.4840 -0.6187
vn 0.7276 -0.4840 -0.4861
vn 0.8084 -0.4840 -0.3349
vn 0.8587 -0.4840 -0.1682
vn 0.8582 -0.4840 -0.1707
vn 0.8750 -0.4840 -0.0000
vn 0.8577 -0.4840 0.1733
vn 0.8582 -0.4840 0.1707
vn 0.8084 -0.4840 0.3349
vn 0.7276 -0.4840 0.4861
vn 0.6187 -0.4840 0.6187
vn 0.4861 -0.4840 0.7276
vn 0.3349 -0.4840 0.8084
vn 0.1682 -0.4840 0.8587
vn 0.1707 -0.4840 0.8582
vn -0.0000 0.3076 -0.9515
vn -0.0000 0.1535 -0.9882
vn -0.1953 0.1534 -0.9687
vn -0.1880 0.3075 -0.9328
vn -0.0000 -0.7585 -0.6517
vn -0.0000 -0.8817 -0.4719
vn -0.0933 -0.8816 -0.4627
vn -0.1288 -0.7583 -0.6390
vn -0.0000 0.4622 -0.8868
vn -0.1752 0.4620 -0.8694
vn -0.0000 -0.6147 -0.7888
vn -0.1559 -0.6145 -0.7734
vn -0.0000 0.6147 -0.7888
vn -0.1559 0.6145 -0.7734
vn -0.0000 -0.4622 -0.8868
vn -0.1752 -0.4620 -0.8694
vn -0.0000 0.7585 -0.6517
vn -0.1288 0.7583 -0.6390
vn -0.0000 -0.3076 -0.9515
vn -0.1880 -0.3075 -0.9328
vn -0.0000 0.8817 -0.4719
vn -0.0933 0.8816 -0.4627
vn -0.0000 -0.1535 -0.9882
vn -0.1953 -0.1534 -0.9687
vn -0.0000 0.9676 -0.2525
vn -0.0500 0.9676 -0.2476
vn -0.1976 -0.0000 -0.9803
vn -0.0000 -0.9676 -0.2525
vn -0.0500 -0.9676 -0.2476
vn -0.3870 -0.0000 -0.9221
vn -0.3825 0.1532 -0.9112
vn -0.0980 -0.9675 -0.2332
vn -0.1830 -0.8813 -0.4357
vn -0.3683 0.3071 -0.8775
vn -0.2526 -0.7579 -0.6015
vn -0.3434 0.4615 -0.8180
vn -0.3055 -0.6139 -0.7278
vn -0.3055 0.6139 -0.7278
vn -0.3434 -0.4615 -0.8180
vn -0.2526 0.7579 -0.6015
vn -0.3683 -0.3071 -0.8775
vn -0.1830 0.8813 -0.4357
vn -0.3825 -0.1532 -0.9112
vn -0.0980 0.9675 -0.2332
vn -0.4430 0.6131 -0.6541
vn -0.3663 0.7572 -0.5408
vn -0.4976 -0.4607 -0.7349
vn -0.5337 -0.3065 -0.7882
vn -0.2655 0.8809 -0.3919
vn -0.5541 -0.1528 -0.8183
vn -0.1422 0.9674 -0.2098
vn -0.5607 -0.0000 -0.8280
vn -0.1422 -0.9674 -0.2098
vn -0.5541 0.1528 -0.8183
vn -0.2655 -0.8809 -0.3919
vn -0.5337 0.3065 -0.7882
vn -0.3663 -0.7572 -0.5408
vn -0.4976 0.4607 -0.7349
vn -0.4430 -0.6131 -0.6541
vn -0.1809 -0.9672 -0.1783
vn -0.3376 -0.8804 -0.3330
vn -0.7035 0.1525 -0.6942
vn -0.6777 0.3058 -0.6688
vn -0.4657 -0.7564 -0.4594
vn -0.6321 0.4598 -0.6237
vn -0.5629 -0.6122 -0.5554
vn -0.5629 0.6122 -0.5554
vn -0.6321 -0.4598 -0.6237
vn -0.4657 0.7564 -0.4594
vn -0.6777 -0.3058 -0.6688
vn -0.3376 0.8804 -0.3330
vn -0.7035 -0.1525 -0.6942
vn -0.1809 0.9672 -0.1783
vn -0.7118 -0.0000 -0.7024
vn -0.7418 -0.4589 -0.4891
vn -0.7951 -0.3051 -0.5242
vn -0.5469 0.7556 -0.3605
vn -0.3967 0.8799 -0.2615
vn -0.8251 -0.1521 -0.5441
vn -0.2126 0.9671 -0.1400
vn -0.8348 -0.0000 -0.5505
vn -0.2126 -0.9671 -0.1400
vn -0.8251 0.1521 -0.5441
vn -0.3967 -0.8799 -0.2615
vn -0.7951 0.3051 -0.5242
vn -0.5469 -0.7556 -0.3605
vn -0.7418 0.4589 -0.4891
vn -0.6608 -0.6112 -0.4356
vn -0.6608 0.6112 -0.4356
vn -0.9149 0.1518 -0.3740
vn -0.8817 0.3045 -0.3604
vn -0.4405 -0.8795 -0.1800
vn -0.6071 -0.7549 -0.2481
vn -0.8228 0.4581 -0.3363
vn -0.7332 -0.6104 -0.2997
vn -0.7332 0.6104 -0.2997
vn -0.8228 -0.4581 -0.3363
vn -0.6071 0.7549 -0.2481
vn -0.8817 -0.3045 -0.3604
vn -0.4405 0.8795 -0.1800
vn -0.9149 -0.1518 -0.3740
vn -0.2361 0.9669 -0.0964
vn -0.9257 -0.0000 -0.3784
vn -0.2361 -0.9669 -0.0964
vn -0.6441 0.7544 -0.1264
vn -0.4675 0.8792 -0.0917
vn -0.9348 -0.3041 -0.1835
vn -0.9699 -0.1515 -0.1904
vn -0.2506 0.9669 -0.0491
vn -0.9813 -0.0000 -0.1926
vn -0.2506 -0.9669 -0.0491
vn -0.9699 0.1515 -0.1904
vn -0.4675 -0.8792 -0.0917
vn -0.9348 0.3041 -0.1835
vn -0.6441 -0.7544 -0.1264
vn -0.8725 0.4576 -0.1713
vn -0.7777 -0.6098 -0.1526
vn -0.7777 0.6098 -0.1526
vn -0.8725 -0.4576 -0.1713
vn -0.9527 0.3039 -0.0000
vn -0.8892 0.4574 -0.0000
vn -0.6566 -0.7543 -0.0000
vn -0.7927 -0.6097 -0.0000
vn -0.7927 0.6097 -0.0000
vn -0.8892 -0.4574 -0.0000
vn -0.6566 0.7543 -0.0000
vn -0.9527 -0.3039 -0.0000
vn -0.4766 0.8791 -0.0000
vn -0.9885 -0.1515 -0.0000
vn -0.2554 0.9668 -0.0000
vn -0.2554 -0.9668 -0.0000
vn -0.9885 0.1515 -0.0000
vn -0.4766 -0.8791 -0.0000
vn -0.4675 0.8792 0.0917
vn -0.2506 0.9669 0.0491
vn -0.9699 -0.1515 0.1904
vn -0.9813 -0.0000 0.1926
vn -0.2506 -0.9669 0.0491
vn -0.9699 0.1515 0.1904
vn -0.4675 -0.8792 0.0917
vn -0.9348 0.3041 0.1835
vn -0.6441 -0.7544 0.1264
vn -0.8725 0.4576 0.1713
vn -0.7777 -0.6098 0.1526
vn -0.7777 0.6098 0.1526
vn -0.8725 -0.4576 0.1713
vn -0.6441 0.7544 0.1264
vn -0.9348 -0.3041 0.1835
vn -0.6071 -0.7549 0.2481
vn -0.7332 -0.6104 0.2997
vn -0.8228 0.4581 0.3363
vn -0.7332 0.6104 0.2997
vn -0.8228 -0.4581 0.3363
vn -0.6071 0.7549 0.2481
vn -0.8817 -0.3045 0.3604
vn -0.4405 0.8795 0.1800
vn -0.9149 -0.1518 0.3740
vn -0.2361 0.9669 0.0964
vn -0.9257 -0.0000 0.3784
vn -0.2361 -0.9669 0.0964
vn -0.9149 0.1518 0.3740
vn -0.4405 -0.8795 0.1800
vn -0.8817 0.3045 0.3604
vn -0.8251 -0.1521 0.5441
vn -0.8348 -0.0000 0.5505
vn -0.2126 -0.9671 0.1400
vn -0.2126 0.9671 0.1400
vn -0.8251 0.1521 0.5441
vn -0.3967 -0.8799 0.2615
vn -0.7951 0.3051 0.5242
vn -0.5469 -0.7556 0.3605
vn -0.7418 0.4589 0.4891
vn -0.6608 -0.6112 0.4356
vn -0.6608 0.6112 0.4356
vn -0.7418 -0.4589 0.4891
vn -0.5469 0.7556 0.3605
vn -0.7951 -0.3051 0.5242
vn -0.3967 0.8799 0.2615
vn -0.6321 0.4598 0.6237
vn -0.5629 0.6122 0.5554
vn -0.5629 -0.6122 0.5554
vn -0.6321 -0.4598 0.6237
vn -0.4657 0.7564 0.4594
vn -0.6777 -0.3058 0.6688
vn -0.3376 0.8804 0.3330
vn -0.7035 -0.1525 0.6942
vn -0.1809 0.9672 0.1783
vn -0.7118 -0.0000 0.7024
vn -0.1809 -0.9672 0.1783
vn -0.7035 0.1525 0.6942
vn -0.3376 -0.8804 0.3330
vn -0.6777 0.3058 0.6688
vn -0.4657 -0.7564 0.4594
vn -0.1422 -0.9674 0.2098
vn -0.1422 0.9674 0.2098
vn -0.5607 -0.0000 0.8280
vn -0.5541 0.1528 0.8183
vn -0.2655 -0.8809 0.3919
vn -0.5337 0.3065 0.7882
vn -0.3663 -0.7572 0.5408
vn -0.4976 0.4607 0.7349
vn -0.4430 -0.6131 0.6541
vn -0.4430 0.6131 0.6541
vn -0.4976 -0.4607 0.7349
vn -0.3663 0.7572 0.5408
vn -0.5337 -0.3065 0.7882
vn -0.2655 0.8809 0.3919
vn -0.5541 -0.1528 0.8183
vn -0.3055 -0.6139 0.7278
vn -0.3434 -0.4615 0.8180
vn -0.3055 0.6139 0.7278
vn -0.2526 0.7579 0.6015
vn -0.3683 -0.3071 0.8775
vn -0.1830 0.8813 0.4357
vn -0.3825 -0.1532 0.9112
vn -0.0980 0.9675 0.2332
vn -0.3870 -0.0000 0.9221
vn -0.0980 -0.9675 0.2332
vn -0.3825 0.1532 0.9112
vn -0.1830 -0.8813 0.4357
vn -0.3683 0.3071 0.8775
vn -0.2526 -0.7579 0.6015
vn -0.3434 0.4615 0.8180
vn -0.1976 -0.0000 0.9803
vn -0.1953 0.1534 0.9687
vn -0.0500 -0.9676 0.2476
vn -0.0933 -0.8816 0.4627
vn -0.1880 0.3075 0.9328
vn -0.1288 -0.7583 0.6390
vn -0.1752 0.4620 0.8694
vn -0.1559 -0.6145 0.7734
vn -0.1559 0.6145 0.7734
vn -0.1752 -0.4620 0.8694
vn -0.1288 0.7583 0.6390
vn -0.1880 -0.3075 0.9328
vn -0.0933 0.8816 0.4627
vn -0.1953 -0.1534 0.9687
vn -0.0500 0.9676 0.2476
vn -0.0000 0.6147 0.7888
vn -0.0000 0.7585 0.6517
vn -0.0000 -0.4622 0.8868
vn -0.0000 -0.3076 0.9515
vn -0.0000 0.8817 0.4719
vn -0.0000 -0.1534 0.9882
vn -0.0000 0.9676 0.2525
vn -0.0000 -0.9676 0.2525
vn -0.0000 0.1534 0.9882
vn -0.0000 -0.8817 0.4719
vn -0.0000 0.3076 0.9515
vn -0.0000 -0.7585 0.6517
vn -0.0000 0.4622 0.8868
vn -0.0000 -0.6147 0.7888
vn 0.1953 0.1534 0.9687
vn 0.1880 0.3075 0.9328
vn 0.0933 -0.8816 0.4627
vn 0.1288 -0.7583 0.6390
vn 0.1752 0.4620 0.8694
vn 0.1559 -0.6145 0.7734
vn 0.1559 0.6145 0.7734
vn 0.1752 -0.4620 0.8694
vn 0.1288 0.7583 0.6390
vn 0.1880 -0.3075 0.9328
vn 0.0933 0.8816 0.4627
vn 0.1953 -0.1534 0.9687
vn 0.0500 0.9676 0.2476
vn 0.1976 -0.0000 0.9803
vn 0.0500 -0.9676 0.2476
vn 0.2526 0.7579 0.6015
vn 0.1830 0.8813 0.4357
vn 0.3683 -0.3071 0.8775
vn 0.3825 -0.1532 0.9112
vn 0.0980 0.9675 0.2332
vn 0.3870 -0.0000 0.9221
vn 0.0980 -0.9675 0.2332
vn 0.3825 0.1532 0.9112
vn 0.1830 -0.8813 0.4357
vn 0.3683 0.3071 0.8775
vn 0.2526 -0.7579 0.6015
vn 0.3434 0.4615 0.8180
vn 0.3055 -0.6139 0.7278
vn 0.3055 0.6139 0.7278
vn 0.3434 -0.4615 0.8180
vn 0.2655 -0.8809 0.3919
vn 0.3663 -0.7572 0.5408
vn 0.5337 0.3065 0.7882
vn 0.4976 0.4607 0.7349
vn 0.4430 -0.6131 0.6541
vn 0.4430 0.6131 0.6541
vn 0.4976 -0.4607 0.7349
vn 0.3663 0.7572 0.5408
vn 0.5337 -0.3065 0.7882
vn 0.2655 0.8809 0.3919
vn 0.5541 -0.1528 0.8183
vn 0.1422 0.9674 0.2098
vn 0.5607 -0.0000 0.8280
vn 0.1422 -0.9674 0.2098
vn 0.5541 0.1528 0.8183
vn 0.6777 -0.3058 0.6688
vn 0.7035 -0.1525 0.6942
vn 0.3376 0.8804 0.3330
vn 0.1809 0.9672 0.1783
vn 0.7118 -0.0000 0.7024
vn 0.1809 -0.9672 0.1783
vn 0.7035 0.1525 0.6942
vn 0.3376 -0.8804 0.3330
vn 0.6777 0.3058 0.6688
vn 0.4657 -0.7564 0.4594
vn 0.6321 0.4598 0.6237
vn 0.5629 -0.6122 0.5554
vn 0.5629 0.6122 0.5554
vn 0.6321 -0.4598 0.6237
vn 0.4657 0.7564 0.4594
vn 0.7951 0.3051 0.5242
vn 0.7418 0.4589 0.4891
vn 0.5469 -0.7556 0.3605
vn 0.6608 -0.6112 0.4356
vn 0.6608 0.6112 0.4356
vn 0.7418 -0.4589 0.4891
vn 0.5469 0.7556 0.3605
vn 0.7951 -0.3051 0.5242
vn 0.3967 0.8799 0.2615
vn 0.8251 -0.1521 0.5441
vn 0.2126 0.9671 0.1400
vn 0.8348 -0.0000 0.5505
vn 0.2126 -0.9671 0.1400
vn 0.8251 0.1521 0.5441
vn 0.3967 -0.8799 0.2615
vn 0.4405 0.8795 0.1800
vn 0.2361 0.9669 0.0964
vn 0.9149 -0.1518 0.3740
vn 0.9257 -0.0000 0.3784
vn 0.2361 -0.9669 0.0964
vn 0.9149 0.1518 0.3740
vn 0.4405 -0.8795 0.1800
vn 0.8817 0.3045 0.3604
vn 0.6071 -0.7549 0.2481
vn 0.8228 0.4581 0.3363
vn 0.7332 -0.6104 0.2997
vn 0.7332 0.6104 0.2997
vn 0.8228 -0.4581 0.3363
vn 0.6071 0.7549 0.2481
vn 0.8817 -0.3045 0.3604
vn 0.6441 -0.7544 0.1264
vn 0.7777 -0.6098 0.1526
vn 0.8725 0.4576 0.1713
vn 0.7777 0.6098 0.1526
vn 0.8725 -0.4576 0.1713
vn 0.6441 0.7544 0.1264
vn 0.9348 -0.3041 0.1835
vn 0.4675 0.8792 0.0917
vn 0.9699 -0.1515 0.1904
vn 0.2506 0.9669 0.0491
vn 0.9813 -0.0000 0.1926
vn 0.2506 -0.9669 0.0491
vn 0.9699 0.1515 0.1904
vn 0.4675 -0.8792 0.0917
vn 0.9348 0.3041 0.1835
vn 0.9885 -0.1515 -0.0000
vn 0.2554 -0.9668 -0.0000
vn 0.2554 0.9668 -0.0000
vn 0.9885 0.1515 -0.0000
vn 0.4766 -0.8791 -0.0000
vn 0.9527 0.3039 -0.0000
vn 0.6566 -0.7543 -0.0000
vn 0.8892 0.4574 -0.0000
vn 0.7927 -0.6097 -0.0000
vn 0.7927 0.6097 -0.0000
vn 0.8892 -0.4574 -0.0000
vn 0.6566 0.7543 -0.0000
vn 0.9527 -0.3039 -0.0000
vn 0.4766 0.8791 -0.0000
vn 0.8725 0.4576 -0.1713
vn 0.7777 0.6098 -0.1526
vn 0.7777 -0.6098 -0.1526
vn 0.8725 -0.4576 -0.1713
vn 0.6441 0.7544 -0.1264
vn 0.9348 -0.3041 -0.1835
vn 0.4675 0.8792 -0.0917
vn 0.9699 -0.1515 -0.1904
vn 0.2506 0.9669 -0.0491
vn 0.9813 -0.0000 -0.1926
vn 0.2506 -0.9669 -0.0491
vn 0.9699 0.1515 -0.1904
vn 0.4675 -0.8792 -0.0917
vn 0.9348 0.3041 -0.1835
vn 0.6441 -0.7544 -0.1264
vn 0.2361 0.9669 -0.0964
vn 0.9257 -0.0000 -0.3784
vn 0.9149 0.1518 -0.3740
vn 0.2361 -0.9669 -0.0964
vn 0.4405 -0.8795 -0.1800
vn 0.8817 0.3045 -0.3604
vn 0.6071 -0.7549 -0.2481
vn 0.8228 0.4581 -0.3363
vn 0.7332 -0.6104 -0.2997
vn 0.7332 0.6104 -0.2997
vn 0.8228 -0.4581 -0.3363
vn 0.6071 0.7549 -0.2481
vn 0.8817 -0.3045 -0.3604
vn 0.4405 0.8795 -0.1800
vn 0.9149 -0.1518 -0.3740
vn 0.6608 0.6112 -0.4356
vn 0.5469 0.7556 -0.3605
vn 0.7418 -0.4589 -0.4891
vn 0.7951 -0.3051 -0.5242
vn 0.3967 0.8799 -0.2615
vn 0.8251 -0.1521 -0.5441
vn 0.2126 0.9671 -0.1400
vn 0.8348 -0.0000 -0.5505
vn 0.2126 -0.9671 -0.1400
vn 0.8251 0.1521 -0.5441
vn 0.3967 -0.8799 -0.2615
vn 0.7951 0.3051 -0.5242
vn 0.5469 -0.7556 -0.3605
vn 0.7418 0.4589 -0.4891
vn 0.6608 -0.6112 -0.4356
vn 0.1809 -0.9672 -0.1783
vn 0.3376 -0.8804 -0.3330
vn 0.7035 0.1525 -0.6942
vn 0.6777 0.3058 -0.6688
vn 0.4657 -0.7564 -0.4594
vn 0.6321 0.4598 -0.6237
vn 0.5629 -0.6122 -0.5554
vn 0.5629 0.6122 -0.5554
vn 0.6321 -0.4598 -0.6237
vn 0.4657 0.7564 -0.4594
vn 0.6777 -0.3058 -0.6688
vn 0.3376 0.8804 -0.3330
vn 0.7035 -0.1525 -0.6942
vn 0.1809 0.9672 -0.1783
vn 0.7118 -0.0000 -0.7024
vn 0.4976 -0.4607 -0.7349
vn 0.5337 -0.3065 -0.7882
vn 0.3663 0.7572 -0.5408
vn 0.2655 0.8809 -0.3919
vn 0.5541 -0.1528 -0.8183
vn 0.1422 0.9674 -0.2098
vn 0.5607 -0.0000 -0.8281
vn 0.1422 -0.9674 -0.2098
vn 0.5541 0.1528 -0.8183
vn 0.2655 -0.8809 -0.3919
vn 0.5337 0.3065 -0.7882
vn 0.3663 -0.7572 -0.5408
vn 0.4976 0.4607 -0.7349
vn 0.4430 -0.6131 -0.6541
vn 0.4430 0.6131 -0.6541
vn 0.3825 0.1532 -0.9112
vn 0.3683 0.3071 -0.8775
vn 0.1830 -0.8813 -0.4357
vn 0.2526 -0.7579 -0.6015
vn 0.3434 0.4615 -0.8180
vn 0.3055 -0.6139 -0.7278
vn 0.3055 0.6139 -0.7278
vn 0.3434 -0.4615 -0.8180
vn 0.2526 0.7579 -0.6015
vn 0.3683 -0.3071 -0.8775
vn 0.1830 0.8813 -0.4357
vn 0.3825 -0.1532 -0.9112
vn 0.0980 0.9675 -0.2332
vn 0.3870 -0.0000 -0.9221
vn 0.0980 -0.9675 -0.2332
vn 0.1288 0.7583 -0.6390
vn 0.0933 0.8816 -0.4627
vn 0.1880 -0.3075 -0.9328
vn 0.1953 -0.1534 -0.9687
vn 0.0500 0.9676 -0.2476
vn 0.1976 -0.0000 -0.9803
vn 0.0500 -0.9676 -0.2476
vn 0.1953 0.1534 -0.9687
vn 0.0933 -0.8816 -0.4627
vn 0.1880 0.3075 -0.9328
vn 0.1288 -0.7583 -0.6390
vn 0.1752 0.4620 -0.8694
vn 0.1559 -0.6145 -0.7734
vn 0.1559 0.6145 -0.7734
vn 0.1752 -0.4620 -0.8694
vn -0.0000 0.1534 -0.9882
vn -0.0000 -0.1534 -0.9882
vn 0.5607 -0.0000 -0.8280
vt 0.750000 0.875000
vt 0.750000 0.937500
vt 0.718750 0.937500
vt 0.718750 0.875000
vt 0.750000 0.375000
vt 0.750000 0.437500
vt 0.718750 0.437500
vt 0.718750 0.375000
vt 0.750000 0.812500
vt 0.718750 0.812500
vt 0.750000 0.312500
vt 0.718750 0.312500
vt 0.750000 0.750000
vt 0.718750 0.750000
vt 0.750000 0.250000
vt 0.718750 0.250000
vt 0.750000 0.687500
vt 0.718750 0.687500
vt 0.750000 0.187500
vt 0.718750 0.187500
vt 0.750000 0.625000
vt 0.718750 0.625000
vt 0.750000 0.125000
vt 0.718750 0.125000
vt 0.750000 0.562500
vt 0.718750 0.562500
vt 0.750000 0.062500
vt 0.718750 0.062500
vt 0.750000 0.500000
vt 0.718750 0.500000
vt 0.734375 1.000000
vt 0.734375 0.000000
vt 0.703125 1.000000
vt 0.687500 0.937500
vt 0.703125 0.000000
vt 0.687500 0.062500
vt 0.687500 0.500000
vt 0.687500 0.437500
vt 0.687500 0.875000
vt 0.687500 0.375000
vt 0.687500 0.812500
vt 0.687500 0.312500
vt 0.687500 0.750000
vt 0.687500 0.250000
vt 0.687500 0.687500
vt 0.687500 0.187500
vt 0.687500 0.625000
vt 0.687500 0.125000
vt 0.687500 0.562500
vt 0.656250 0.750000
vt 0.656250 0.687500
vt 0.656250 0.250000
vt 0.656250 0.187500
vt 0.656250 0.625000
vt 0.656250 0.125000
vt 0.656250 0.562500
vt 0.656250 0.062500
vt 0.656250 0.500000
vt 0.671875 1.000000
vt 0.656250 0.937500
vt 0.671875 0.000000
vt 0.656250 0.437500
vt 0.656250 0.875000
vt 0.656250 0.375000
vt 0.656250 0.812500
vt 0.656250 0.312500
vt 0.625000 0.500000
vt 0.625000 0.437500
vt 0.625000 0.937500
vt 0.625000 0.875000
vt 0.625000 0.375000
vt 0.625000 0.812500
vt 0.625000 0.312500
vt 0.625000 0.750000
vt 0.625000 0.250000
vt 0.625000 0.687500
vt 0.625000 0.187500
vt 0.625000 0.625000
vt 0.625000 0.125000
vt 0.625000 0.562500
vt 0.625000 0.062500
vt 0.640625 1.000000
vt 0.640625 0.000000
vt 0.593750 0.250000
vt 0.593750 0.187500
vt 0.593750 0.687500
vt 0.593750 0.625000
vt 0.593750 0.125000
vt 0.593750 0.562500
vt 0.593750 0.062500
vt 0.593750 0.500000
vt 0.609375 1.000000
vt 0.593750 0.937500
vt 0.609375 0.000000
vt 0.593750 0.437500
vt 0.593750 0.875000
vt 0.593750 0.375000
vt 0.593750 0.812500
vt 0.593750 0.312500
vt 0.593750 0.750000
vt 0.562500 0.937500
vt 0.562500 0.875000
vt 0.562500 0.437500
vt 0.562500 0.375000
vt 0.562500 0.812500
vt 0.562500 0.312500
vt 0.562500 0.750000
vt 0.562500 0.250000
vt 0.562500 0.687500
vt 0.562500 0.187500
vt 0.562500 0.625000
vt 0.562500 0.125000
vt 0.562500 0.562500
vt 0.562500 0.062500
vt 0.562500 0.500000
vt 0.578125 1.000000
vt 0.578125 0.000000
vt 0.531250 0.687500
vt 0.531250 0.625000
vt 0.531250 0.187500
vt 0.531250 0.125000
vt 0.531250 0.562500
vt 0.531250 0.062500
vt 0.531250 0.500000
vt 0.546875 1.000000
vt 0.531250 0.937500
vt 0.546875 0.000000
vt 0.531250 0.437500
vt 0.531250 0.875000
vt 0.531250 0.375000
vt 0.531250 0.812500
vt 0.531250 0.312500
vt 0.531250 0.750000
vt 0.531250 0.250000
vt 0.500000 0.437500
vt 0.500000 0.375000
vt 0.500000 0.875000
vt 0.500000 0.812500
vt 0.500000 0.312500
vt 0.500000 0.750000
vt 0.500000 0.250000
vt 0.500000 0.687500
vt 0.500000 0.187500
vt 0.500000 0.625000
vt 0.500000 0.125000
vt 0.500000 0.562500
vt 0.500000 0.062500
vt 0.500000 0.500000
vt 0.515625 1.000000
vt 0.500000 0.937500
vt 0.515625 0.000000
vt 0.468750 0.187500
vt 0.468750 0.125000
vt 0.468750 0.625000
vt 0.468750 0.562500
vt 0.468750 0.062500
vt 0.468750 0.500000
vt 0.484375 1.000000
vt 0.468750 0.937500
vt 0.484375 0.000000
vt 0.468750 0.437500
vt 0.468750 0.875000
vt 0.468750 0.375000
vt 0.468750 0.812500
vt 0.468750 0.312500
vt 0.468750 0.750000
vt 0.468750 0.250000
vt 0.468750 0.687500
vt 0.437500 0.375000
vt 0.437500 0.312500
vt 0.437500 0.812500
vt 0.437500 0.750000
vt 0.437500 0.250000
vt 0.437500 0.687500
vt 0.437500 0.187500
vt 0.437500 0.625000
vt 0.437500 0.125000
vt 0.437500 0.562500
vt 0.437500 0.062500
vt 0.437500 0.500000
vt 0.453125 1.000000
vt 0.437500 0.937500
vt 0.453125 0.000000
vt 0.437500 0.437500
vt 0.437500 0.875000
vt 0.406250 0.125000
vt 0.406250 0.062500
vt 0.406250 0.562500
vt 0.406250 0.500000
vt 0.421875 1.000000
vt 0.406250 0.937500
vt 0.421875 0.000000
vt 0.406250 0.437500
vt 0.406250 0.875000
vt 0.406250 0.375000
vt 0.406250 0.812500
vt 0.406250 0.312500
vt 0.406250 0.750000
vt 0.406250 0.250000
vt 0.406250 0.687500
vt 0.406250 0.187500
vt 0.406250 0.625000
vt 0.375000 0.812500
vt 0.375000 0.750000
vt 0.375000 0.312500
vt 0.375000 0.250000
vt 0.375000 0.687500
vt 0.375000 0.187500
vt 0.375000 0.625000
vt 0.375000 0.125000
vt 0.375000 0.562500
vt 0.375000 0.062500
vt 0.375000 0.500000
vt 0.390625 1.000000
vt 0.375000 0.937500
vt 0.390625 0.000000
vt 0.375000 0.437500
vt 0.375000 0.875000
vt 0.375000 0.375000
vt 0.343750 0.562500
vt 0.343750 0.500000
vt 0.359375 1.000000
vt 0.343750 0.937500
vt 0.359375 0.000000
vt 0.343750 0.062500
vt 0.343750 0.437500
vt 0.343750 0.875000
vt 0.343750 0.375000
vt 0.343750 0.812500
vt 0.343750 0.312500
vt 0.343750 0.750000
vt 0.343750 0.250000
vt 0.343750 0.687500
vt 0.343750 0.187500
vt 0.343750 0.625000
vt 0.343750 0.125000
vt 0.312500 0.312500
vt 0.312500 0.250000
vt 0.312500 0.750000
vt 0.312500 0.687500
vt 0.312500 0.187500
vt 0.312500 0.625000
vt 0.312500 0.125000
vt 0.312500 0.562500
vt 0.312500 0.062500
vt 0.312500 0.500000
vt 0.328125 1.000000
vt 0.312500 0.937500
vt 0.328125 0.000000
vt 0.312500 0.437500
vt 0.312500 0.875000
vt 0.312500 0.375000
vt 0.312500 0.812500
vt 0.296875 1.000000
vt 0.281250 0.937500
vt 0.296875 0.000000
vt 0.281250 0.062500
vt 0.281250 0.500000
vt 0.281250 0.437500
vt 0.281250 0.875000
vt 0.281250 0.375000
vt 0.281250 0.812500
vt 0.281250 0.312500
vt 0.281250 0.750000
vt 0.281250 0.250000
vt 0.281250 0.687500
vt 0.281250 0.187500
vt 0.281250 0.625000
vt 0.281250 0.125000
vt 0.281250 0.562500
vt 0.250000 0.750000
vt 0.250000 0.687500
vt 0.250000 0.250000
vt 0.250000 0.187500
vt 0.250000 0.625000
vt 0.250000 0.125000
vt 0.250000 0.562500
vt 0.250000 0.062500
vt 0.250000 0.500000
vt 0.265625 1.000000
vt 0.250000 0.937500
vt 0.265625 0.000000
vt 0.250000 0.437500
vt 0.250000 0.875000
vt 0.250000 0.375000
vt 0.250000 0.812500
vt 0.250000 0.312500
vt 0.218750 0.500000
vt 0.218750 0.437500
vt 0.218750 0.937500
vt 0.218750 0.875000
vt 0.218750 0.375000
vt 0.218750 0.812500
vt 0.218750 0.312500
vt 0.218750 0.750000
vt 0.218750 0.250000
vt 0.218750 0.687500
vt 0.218750 0.187500
vt 0.218750 0.625000
vt 0.218750 0.125000
vt 0.218750 0.562500
vt 0.218750 0.062500
vt 0.234375 1.000000
vt 0.234375 0.000000
vt 0.187500 0.250000
vt 0.187500 0.187500
vt 0.187500 0.687500
vt 0.187500 0.625000
vt 0.187500 0.125000
vt 0.187500 0.562500
vt 0.187500 0.062500
vt 0.187500 0.500000
vt 0.203125 1.000000
vt 0.187500 0.937500
vt 0.203125 0.000000
vt 0.187500 0.437500
vt 0.187500 0.875000
vt 0.187500 0.375000
vt 0.187500 0.812500
vt 0.187500 0.312500
vt 0.187500 0.750000
vt 0.156250 0.437500
vt 0.156250 0.375000
vt 0.156250 0.875000
vt 0.156250 0.812500
vt 0.156250 0.312500
vt 0.156250 0.750000
vt 0.156250 0.250000
vt 0.156250 0.687500
vt 0.156250 0.187500
vt 0.156250 0.625000
vt 0.156250 0.125000
vt 0.156250 0.562500
vt 0.156250 0.062500
vt 0.156250 0.500000
vt 0.171875 1.000000
vt 0.156250 0.937500
vt 0.171875 0.000000
vt 0.125000 0.187500
vt 0.125000 0.125000
vt 0.125000 0.625000
vt 0.125000 0.562500
vt 0.125000 0.062500
vt 0.125000 0.500000
vt 0.140625 1.000000
vt 0.125000 0.937500
vt 0.140625 0.000000
vt 0.125000 0.437500
vt 0.125000 0.875000
vt 0.125000 0.375000
vt 0.125000 0.812500
vt 0.125000 0.312500
vt 0.125000 0.750000
vt 0.125000 0.250000
vt 0.125000 0.687500
vt 0.093750 0.875000
vt 0.093750 0.812500
vt 0.093750 0.375000
vt 0.093750 0.312500
vt 0.093750 0.750000
vt 0.093750 0.250000
vt 0.093750 0.687500
vt 0.093750 0.187500
vt 0.093750 0.625000
vt 0.093750 0.125000
vt 0.093750 0.562500
vt 0.093750 0.062500
vt 0.093750 0.500000
vt 0.109375 1.000000
vt 0.093750 0.937500
vt 0.109375 0.000000
vt 0.093750 0.437500
vt 0.062500 0.625000
vt 0.062500 0.562500
vt 0.062500 0.125000
vt 0.062500 0.062500
vt 0.062500 0.500000
vt 0.078125 1.000000
vt 0.062500 0.937500
vt 0.078125 0.000000
vt 0.062500 0.437500
vt 0.062500 0.875000
vt 0.062500 0.375000
vt 0.062500 0.812500
vt 0.062500 0.312500
vt 0.062500 0.750000
vt 0.062500 0.250000
vt 0.062500 0.687500
vt 0.062500 0.187500
vt 0.031250 0.375000
vt 0.031250 0.312500
vt 0.031250 0.812500
vt 0.031250 0.750000
vt 0.031250 0.250000
vt 0.031250 0.687500
vt 0.031250 0.187500
vt 0.031250 0.625000
vt 0.031250 0.125000
vt 0.031250 0.562500
vt 0.031250 0.062500
vt 0.031250 0.500000
vt 0.046875 1.000000
vt 0.031250 0.937500
vt 0.046875 0.000000
vt 0.031250 0.437500
vt 0.031250 0.875000
vt 0.000000 0.125000
vt 0.000000 0.062500
vt 0.000000 0.562500
vt 0.000000 0.500000
vt 0.015625 1.000000
vt 0.000000 0.937500
vt 0.015625 0.000000
vt 0.000000 0.437500
vt 0.000000 0.875000
vt 0.000000 0.375000
vt 0.000000 0.812500
vt 0.000000 0.312500
vt 0.000000 0.750000
vt 0.000000 0.250000
vt 0.000000 0.687500
vt 0.000000 0.187500
vt 0.000000 0.625000
vt 1.000000 0.750000
vt 1.000000 0.812500
vt 0.968750 0.812500
vt 0.968750 0.750000
vt 1.000000 0.250000
vt 1.000000 0.312500
vt 0.968750 0.312500
vt 0.968750 0.250000
vt 1.000000 0.687500
vt 0.968750 0.687500
vt 1.000000 0.187500
vt 0.968750 0.187500
vt 1.000000 0.625000
vt 0.968750 0.625000
vt 1.000000 0.125000
vt 0.968750 0.125000
vt 1.000000 0.562500
vt 0.968750 0.562500
vt 1.000000 0.062500
vt 0.968750 0.062500
vt 1.000000 0.500000
vt 0.968750 0.500000
vt 1.000000 0.937500
vt 0.984375 1.000000
vt 0.968750 0.937500
vt 0.984375 0.000000
vt 1.000000 0.437500
vt 0.968750 0.437500
vt 1.000000 0.875000
vt 0.968750 0.875000
vt 1.000000 0.375000
vt 0.968750 0.375000
vt 0.937500 0.562500
vt 0.937500 0.500000
vt 0.953125 1.000000
vt 0.937500 0.937500
vt 0.953125 0.000000
vt 0.937500 0.062500
vt 0.937500 0.437500
vt 0.937500 0.875000
vt 0.937500 0.375000
vt 0.937500 0.812500
vt 0.937500 0.312500
vt 0.937500 0.750000
vt 0.937500 0.250000
vt 0.937500 0.687500
vt 0.937500 0.187500
vt 0.937500 0.625000
vt 0.937500 0.125000
vt 0.906250 0.312500
vt 0.906250 0.250000
vt 0.906250 0.750000
vt 0.906250 0.687500
vt 0.906250 0.187500
vt 0.906250 0.625000
vt 0.906250 0.125000
vt 0.906250 0.562500
vt 0.906250 0.062500
vt 0.906250 0.500000
vt 0.921875 1.000000
vt 0.906250 0.937500
vt 0.921875 0.000000
vt 0.906250 0.437500
vt 0.906250 0.875000
vt 0.906250 0.375000
vt 0.906250 0.812500
vt 0.890625 0.000000
vt 0.875000 0.062500
vt 0.875000 0.500000
vt 0.875000 0.437500
vt 0.875000 0.937500
vt 0.875000 0.875000
vt 0.875000 0.375000
vt 0.875000 0.812500
vt 0.875000 0.312500
vt 0.875000 0.750000
vt 0.875000 0.250000
vt 0.875000 0.687500
vt 0.875000 0.187500
vt 0.875000 0.625000
vt 0.875000 0.125000
vt 0.875000 0.562500
vt 0.890625 1.000000
vt 0.843750 0.250000
vt 0.843750 0.187500
vt 0.843750 0.687500
vt 0.843750 0.625000
vt 0.843750 0.125000
vt 0.843750 0.562500
vt 0.843750 0.062500
vt 0.843750 0.500000
vt 0.859375 1.000000
vt 0.843750 0.937500
vt 0.859375 0.000000
vt 0.843750 0.437500
vt 0.843750 0.875000
vt 0.843750 0.375000
vt 0.843750 0.812500
vt 0.843750 0.312500
vt 0.843750 0.750000
vt 0.812500 0.937500
vt 0.812500 0.875000
vt 0.812500 0.437500
vt 0.812500 0.375000
vt 0.812500 0.812500
vt 0.812500 0.312500
vt 0.812500 0.750000
vt 0.812500 0.250000
vt 0.812500 0.687500
vt 0.812500 0.187500
vt 0.812500 0.625000
vt 0.812500 0.125000
vt 0.812500 0.562500
vt 0.812500 0.062500
vt 0.812500 0.500000
vt 0.828125 1.000000
vt 0.828125 0.000000
vt 0.781250 0.687500
vt 0.781250 0.625000
vt 0.781250 0.187500
vt 0.781250 0.125000
vt 0.781250 0.562500
vt 0.781250 0.062500
vt 0.781250 0.500000
vt 0.796875 1.000000
vt 0.781250 0.937500
vt 0.796875 0.000000
vt 0.781250 0.437500
vt 0.781250 0.875000
vt 0.781250 0.375000
vt 0.781250 0.812500
vt 0.781250 0.312500
vt 0.781250 0.750000
vt 0.781250 0.250000
vt 0.765625 1.000000
vt 0.765625 0.000000
vt 0.250000 0.490000
vt 0.296822 0.485388
vt 0.341844 0.471731
vt 0.383337 0.449553
vt 0.419706 0.419706
vt 0.449553 0.383337
vt 0.471731 0.341844
vt 0.485388 0.296822
vt 0.490000 0.250000
vt 0.485388 0.203178
vt 0.471731 0.158156
vt 0.449553 0.116663
vt 0.419706 0.080294
vt 0.383337 0.050447
vt 0.341844 0.028269
vt 0.296822 0.014612
vt 0.250000 0.010000
vt 0.203178 0.014612
vt 0.158156 0.028269
vt 0.116663 0.050447
vt 0.080294 0.080294
vt 0.050447 0.116663
vt 0.028269 0.158156
vt 0.014612 0.203178
vt 0.010000 0.250000
vt 0.014612 0.296822
vt 0.028269 0.341844
vt 0.050447 0.383337
vt 0.080294 0.419706
vt 0.116663 0.449553
vt 0.158156 0.471731
vt 0.750000 0.441356
vt 0.787332 0.437679
vt 0.823229 0.426790
vt 0.856312 0.409107
vt 0.885309 0.385309
vt 0.909107 0.356312
vt 0.926790 0.323229
vt 0.937679 0.287332
vt 0.941356 0.250000
vt 0.937679 0.212668
vt 0.926790 0.176771
vt 0.909107 0.143688
vt 0.885309 0.114691
vt 0.856312 0.090893
vt 0.823229 0.073210
vt 0.787332 0.062321
vt 0.750000 0.058644
vt 0.712668 0.062321
vt 0.676771 0.073210
vt 0.643688 0.090893
vt 0.614691 0.114691
vt 0.590893 0.143688
vt 0.573210 0.176771
vt 0.562320 0.212668
vt 0.558644 0.250000
vt 0.562321 0.287332
vt 0.573210 0.323229
vt 0.590893 0.356312
vt 0.614691 0.385309
vt 0.643688 0.409107
vt 0.676771 0.426790
vt 0.712668 0.437679
vt 0.203178 0.485388
vt 0.788544 0.443775
vt 0.750000 0.447571
vt 0.750000 0.490000
vt 0.796822 0.485388
vt 0.825607 0.432532
vt 0.841844 0.471731
vt 0.859764 0.414274
vt 0.883337 0.449553
vt 0.889704 0.389704
vt 0.919706 0.419706
vt 0.914274 0.359765
vt 0.949553 0.383337
vt 0.932532 0.325607
vt 0.971731 0.341844
vt 0.943775 0.288544
vt 0.985388 0.296822
vt 0.947571 0.250000
vt 0.990000 0.250000
vt 0.943775 0.211456
vt 0.985388 0.203178
vt 0.932532 0.174393
vt 0.971731 0.158156
vt 0.914274 0.140235
vt 0.949553 0.116663
vt 0.889704 0.110296
vt 0.919706 0.080294
vt 0.859764 0.085726
vt 0.883337 0.050447
vt 0.825607 0.067468
vt 0.841844 0.028269
vt 0.788544 0.056225
vt 0.796822 0.014612
vt 0.750000 0.052429
vt 0.750000 0.010000
vt 0.711456 0.056225
vt 0.703178 0.014612
vt 0.674393 0.067468
vt 0.658156 0.028269
vt 0.640235 0.085726
vt 0.616663 0.050447
vt 0.610296 0.110296
vt 0.580294 0.080294
vt 0.585726 0.140235
vt 0.550447 0.116663
vt 0.567468 0.174393
vt 0.528269 0.158156
vt 0.556225 0.211456
vt 0.514612 0.203178
vt 0.552429 0.250000
vt 0.510000 0.250000
vt 0.556225 0.288544
vt 0.514612 0.296822
vt 0.567468 0.325607
vt 0.528269 0.341844
vt 0.585726 0.359765
vt 0.550447 0.383337
vt 0.610296 0.389704
vt 0.580294 0.419706
vt 0.640235 0.414274
vt 0.616663 0.449553
vt 0.674393 0.432532
vt 0.658156 0.471731
vt 0.711456 0.443775
vt 0.703178 0.485388
vt 1.000000 1.000000
vt 0.968750 1.000000
vt 0.968750 0.500000
vt 0.937500 1.000000
vt 0.937500 0.500000
vt 0.906250 1.000000
vt 0.906250 0.500000
vt 0.875000 1.000000
vt 0.875000 0.500000
vt 0.843750 1.000000
vt 0.843750 0.500000
vt 0.812500 1.000000
vt 0.812500 0.500000
vt 0.781250 1.000000
vt 0.781250 0.500000
vt 0.750000 1.000000
vt 0.718750 1.000000
vt 0.687500 1.000000
vt 0.656250 1.000000
vt 0.625000 1.000000
vt 0.593750 1.000000
vt 0.562500 1.000000
vt 0.531250 1.000000
vt 0.500000 1.000000
vt 0.500000 0.500000
vt 0.468750 1.000000
vt 0.468750 0.500000
vt 0.437500 1.000000
vt 0.437500 0.500000
vt 0.406250 1.000000
vt 0.406250 0.500000
vt 0.375000 1.000000
vt 0.375000 0.500000
vt 0.343750 1.000000
vt 0.343750 0.500000
vt 0.312500 1.000000
vt 0.312500 0.500000
vt 0.281250 1.000000
vt 0.281250 0.500000
vt 0.250000 1.000000
vt 0.250000 0.500000
vt 0.218750 1.000000
vt 0.218750 0.500000
vt 0.187500 1.000000
vt 0.187500 0.500000
vt 0.156250 1.000000
vt 0.156250 0.500000
vt 0.125000 1.000000
vt 0.125000 0.500000
vt 0.093750 1.000000
vt 0.093750 0.500000
vt 0.062500 1.000000
vt 0.062500 0.500000
vt 0.031250 1.000000
vt 0.031250 0.500000
vt 0.000000 1.000000
s 1
usemtl Material.007
f 475/1/1 474/2/2 7/3/3 8/4/4
f 478/5/5 5/6/6 15/7/7 16/8/8
f 1/9/9 475/1/1 8/4/4 9/10/10
f 6/11/11 478/5/5 16/8/8 17/12/12
f 476/13/13 1/9/9 9/10/10 10/14/14
f 479/15/15 6/11/11 17/12/12 18/16/16
f 2/17/17 476/13/13 10/14/14 11/18/18
f 480/19/19 479/15/15 18/16/16 19/20/20
f 477/21/21 2/17/17 11/18/18 12/22/22
f 481/23/23 480/19/19 19/20/20 20/24/24
f 3/25/25 477/21/21 12/22/22 13/26/26
f 482/27/27 481/23/23 20/24/24 21/28/28
f 4/29/29 3/25/25 13/26/26 14/30/30
f 474/2/2 82/31/31 7/3/3
f 308/32/32 482/27/27 21/28/28
f 5/6/6 4/29/29 14/30/30 15/7/7
f 7/3/3 82/33/31 22/34/33
f 308/35/32 21/28/28 36/36/34
f 15/7/7 14/30/30 29/37/35 30/38/36
f 8/4/4 7/3/3 22/34/33 23/39/37
f 16/8/8 15/7/7 30/38/36 31/40/38
f 9/10/10 8/4/4 23/39/37 24/41/39
f 17/12/12 16/8/8 31/40/38 32/42/40
f 10/14/14 9/10/10 24/41/39 25/43/41
f 18/16/16 17/12/12 32/42/40 33/44/42
f 11/18/18 10/14/14 25/43/41 26/45/43
f 19/20/20 18/16/16 33/44/42 34/46/44
f 12/22/22 11/18/18 26/45/43 27/47/45
f 20/24/24 19/20/20 34/46/44 35/48/46
f 13/26/26 12/22/22 27/47/45 28/49/47
f 21/28/28 20/24/24 35/48/46 36/36/34
f 14/30/30 13/26/26 28/49/47 29/37/35
f 26/45/43 25/43/41 40/50/48 41/51/49
f 34/46/44 33/44/42 48/52/50 49/53/51
f 27/47/45 26/45/43 41/51/49 42/54/52
f 35/48/46 34/46/44 49/53/51 50/55/53
f 28/49/47 27/47/45 42/54/52 43/56/54
f 36/36/34 35/48/46 50/55/53 51/57/55
f 29/37/35 28/49/47 43/56/54 44/58/56
f 22/34/33 82/59/31 37/60/57
f 308/61/32 36/36/34 51/57/55
f 30/38/36 29/37/35 44/58/56 45/62/58
f 23/39/37 22/34/33 37/60/57 38/63/59
f 31/40/38 30/38/36 45/62/58 46/64/60
f 24/41/39 23/39/37 38/63/59 39/65/61
f 32/42/40 31/40/38 46/64/60 47/66/62
f 25/43/41 24/41/39 39/65/61 40/50/48
f 33/44/42 32/42/40 47/66/62 48/52/50
f 45/62/58 44/58/56 59/67/63 60/68/64
f 38/63/59 37/60/57 52/69/65 53/70/66
f 46/64/60 45/62/58 60/68/64 61/71/67
f 39/65/61 38/63/59 53/70/66 54/72/68
f 47/66/62 46/64/60 61/71/67 62/73/69
f 40/50/48 39/65/61 54/72/68 55/74/70
f 48/52/50 47/66/62 62/73/69 63/75/71
f 41/51/49 40/50/48 55/74/70 56/76/72
f 49/53/51 48/52/50 63/75/71 64/77/73
f 42/54/52 41/51/49 56/76/72 57/78/74
f 50/55/53 49/53/51 64/77/73 65/79/75
f 43/56/54 42/54/52 57/78/74 58/80/76
f 51/57/55 50/55/53 65/79/75 66/81/77
f 44/58/56 43/56/54 58/80/76 59/67/63
f 37/60/57 82/82/31 52/69/65
f 308/83/32 51/57/55 66/81/77
f 64/77/73 63/75/71 78/84/78 79/85/79
f 57/78/74 56/76/72 71/86/80 72/87/81
f 65/79/75 64/77/73 79/85/79 80/88/82
f 58/80/76 57/78/74 72/87/81 73/89/83
f 66/81/77 65/79/75 80/88/82 81/90/84
f 59/67/63 58/80/76 73/89/83 74/91/85
f 52/69/65 82/92/31 67/93/86
f 308/94/32 66/81/77 81/90/84
f 60/68/64 59/67/63 74/91/85 75/95/87
f 53/70/66 52/69/65 67/93/86 68/96/88
f 61/71/67 60/68/64 75/95/87 76/97/89
f 54/72/68 53/70/66 68/96/88 69/98/90
f 62/73/69 61/71/67 76/97/89 77/99/91
f 55/74/70 54/72/68 69/98/90 70/100/92
f 63/75/71 62/73/69 77/99/91 78/84/78
f 56/76/72 55/74/70 70/100/92 71/86/80
f 68/96/88 67/93/86 83/101/93 84/102/94
f 76/97/89 75/95/87 91/103/95 92/104/96
f 69/98/90 68/96/88 84/102/94 85/105/97
f 77/99/91 76/97/89 92/104/96 93/106/98
f 70/100/92 69/98/90 85/105/97 86/107/99
f 78/84/78 77/99/91 93/106/98 94/108/100
f 71/86/80 70/100/92 86/107/99 87/109/101
f 79/85/79 78/84/78 94/108/100 95/110/102
f 72/87/81 71/86/80 87/109/101 88/111/103
f 80/88/82 79/85/79 95/110/102 96/112/104
f 73/89/83 72/87/81 88/111/103 89/113/105
f 81/90/84 80/88/82 96/112/104 97/114/106
f 74/91/85 73/89/83 89/113/105 90/115/107
f 67/93/86 82/116/31 83/101/93
f 308/117/32 81/90/84 97/114/106
f 75/95/87 74/91/85 90/115/107 91/103/95
f 88/111/103 87/109/101 102/118/108 103/119/109
f 96/112/104 95/110/102 110/120/110 111/121/111
f 89/113/105 88/111/103 103/119/109 104/122/112
f 97/114/106 96/112/104 111/121/111 112/123/113
f 90/115/107 89/113/105 104/122/112 105/124/114
f 83/101/93 82/125/31 98/126/115
f 308/127/32 97/114/106 112/123/113
f 91/103/95 90/115/107 105/124/114 106/128/116
f 84/102/94 83/101/93 98/126/115 99/129/117
f 92/104/96 91/103/95 106/128/116 107/130/118
f 85/105/97 84/102/94 99/129/117 100/131/119
f 93/106/98 92/104/96 107/130/118 108/132/120
f 86/107/99 85/105/97 100/131/119 101/133/121
f 94/108/100 93/106/98 108/132/120 109/134/122
f 87/109/101 86/107/99 101/133/121 102/118/108
f 95/110/102 94/108/100 109/134/122 110/120/110
f 107/130/118 106/128/116 121/135/123 122/136/124
f 100/131/119 99/129/117 114/137/125 115/138/126
f 108/132/120 107/130/118 122/136/124 123/139/127
f 101/133/121 100/131/119 115/138/126 116/140/128
f 109/134/122 108/132/120 123/139/127 124/141/129
f 102/118/108 101/133/121 116/140/128 117/142/130
f 110/120/110 109/134/122 124/141/129 125/143/131
f 103/119/109 102/118/108 117/142/130 118/144/132
f 111/121/111 110/120/110 125/143/131 126/145/133
f 104/122/112 103/119/109 118/144/132 119/146/134
f 112/123/113 111/121/111 126/145/133 127/147/135
f 105/124/114 104/122/112 119/146/134 120/148/136
f 98/126/115 82/149/31 113/150/137
f 308/151/32 112/123/113 127/147/135
f 106/128/116 105/124/114 120/148/136 121/135/123
f 99/129/117 98/126/115 113/150/137 114/137/125
f 126/145/133 125/143/131 140/152/138 141/153/139
f 119/146/134 118/144/132 133/154/140 134/155/141
f 127/147/135 126/145/133 141/153/139 142/156/142
f 120/148/136 119/146/134 134/155/141 135/157/143
f 113/150/137 82/158/31 128/159/144
f 308/160/32 127/147/135 142/156/142
f 121/135/123 120/148/136 135/157/143 136/161/145
f 114/137/125 113/150/137 128/159/144 129/162/146
f 122/136/124 121/135/123 136/161/145 137/163/147
f 115/138/126 114/137/125 129/162/146 130/164/148
f 123/139/127 122/136/124 137/163/147 138/165/149
f 116/140/128 115/138/126 130/164/148 131/166/150
f 124/141/129 123/139/127 138/165/149 139/167/151
f 117/142/130 116/140/128 131/166/150 132/168/152
f 125/143/131 124/141/129 139/167/151 140/152/138
f 118/144/132 117/142/130 132/168/152 133/154/140
f 138/165/149 137/163/147 152/169/153 153/170/154
f 131/166/150 130/164/148 145/171/155 146/172/156
f 139/167/151 138/165/149 153/170/154 154/173/157
f 132/168/152 131/166/150 146/172/156 147/174/158
f 140/152/138 139/167/151 154/173/157 155/175/159
f 133/154/140 132/168/152 147/174/158 148/176/160
f 141/153/139 140/152/138 155/175/159 156/177/161
f 134/155/141 133/154/140 148/176/160 149/178/162
f 142/156/142 141/153/139 156/177/161 157/179/163
f 135/157/143 134/155/141 149/178/162 150/180/164
f 128/159/144 82/181/31 143/182/165
f 308/183/32 142/156/142 157/179/163
f 136/161/145 135/157/143 150/180/164 151/184/166
f 129/162/146 128/159/144 143/182/165 144/185/167
f 137/163/147 136/161/145 151/184/166 152/169/153
f 130/164/148 129/162/146 144/185/167 145/171/155
f 157/179/163 156/177/161 171/186/168 172/187/169
f 150/180/164 149/178/162 164/188/170 165/189/171
f 143/182/165 82/190/31 158/191/172
f 308/192/32 157/179/163 172/187/169
f 151/184/166 150/180/164 165/189/171 166/193/173
f 144/185/167 143/182/165 158/191/172 159/194/174
f 152/169/153 151/184/166 166/193/173 167/195/175
f 145/171/155 144/185/167 159/194/174 160/196/176
f 153/170/154 152/169/153 167/195/175 168/197/177
f 146/172/156 145/171/155 160/196/176 161/198/178
f 154/173/157 153/170/154 168/197/177 169/199/179
f 147/174/158 146/172/156 161/198/178 162/200/180
f 155/175/159 154/173/157 169/199/179 170/201/181
f 148/176/160 147/174/158 162/200/180 163/202/182
f 156/177/161 155/175/159 170/201/181 171/186/168
f 149/178/162 148/176/160 163/202/182 164/188/170
f 161/198/178 160/196/176 175/203/183 176/204/184
f 169/199/179 168/197/177 183/205/185 184/206/186
f 162/200/180 161/198/178 176/204/184 177/207/187
f 170/201/181 169/199/179 184/206/186 185/208/188
f 163/202/182 162/200/180 177/207/187 178/209/189
f 171/186/168 170/201/181 185/208/188 186/210/190
f 164/188/170 163/202/182 178/209/189 179/211/191
f 172/187/169 171/186/168 186/210/190 187/212/192
f 165/189/171 164/188/170 179/211/191 180/213/193
f 158/191/172 82/214/31 173/215/194
f 308/216/32 172/187/169 187/212/192
f 166/193/173 165/189/171 180/213/193 181/217/195
f 159/194/174 158/191/172 173/215/194 174/218/196
f 167/195/175 166/193/173 181/217/195 182/219/197
f 160/196/176 159/194/174 174/218/196 175/203/183
f 168/197/177 167/195/175 182/219/197 183/205/185
f 180/213/193 179/211/191 194/220/198 195/221/199
f 173/215/194 82/222/31 188/223/200
f 308/224/32 187/212/192 202/225/201
f 181/217/195 180/213/193 195/221/199 196/226/202
f 174/218/196 173/215/194 188/223/200 189/227/203
f 182/219/197 181/217/195 196/226/202 197/228/204
f 175/203/183 174/218/196 189/227/203 190/229/205
f 183/205/185 182/219/197 197/228/204 198/230/206
f 176/204/184 175/203/183 190/229/205 191/231/207
f 184/206/186 183/205/185 198/230/206 199/232/208
f 177/207/187 176/204/184 191/231/207 192/233/209
f 185/208/188 184/206/186 199/232/208 200/234/210
f 178/209/189 177/207/187 192/233/209 193/235/211
f 186/210/190 185/208/188 200/234/210 201/236/212
f 179/211/191 178/209/189 193/235/211 194/220/198
f 187/212/192 186/210/190 201/236/212 202/225/201
f 199/232/208 198/230/206 213/237/213 214/238/214
f 192/233/209 191/231/207 206/239/215 207/240/216
f 200/234/210 199/232/208 214/238/214 215/241/217
f 193/235/211 192/233/209 207/240/216 208/242/218
f 201/236/212 200/234/210 215/241/217 216/243/219
f 194/220/198 193/235/211 208/242/218 209/244/220
f 202/225/201 201/236/212 216/243/219 217/245/221
f 195/221/199 194/220/198 209/244/220 210/246/222
f 188/223/200 82/247/31 203/248/223
f 308/249/32 202/225/201 217/245/221
f 196/226/202 195/221/199 210/246/222 211/250/224
f 189/227/203 188/223/200 203/248/223 204/251/225
f 197/228/204 196/226/202 211/250/224 212/252/226
f 190/229/205 189/227/203 204/251/225 205/253/227
f 198/230/206 197/228/204 212/252/226 213/237/213
f 191/231/207 190/229/205 205/253/227 206/239/215
f 203/248/223 82/254/31 218/255/228
f 308/256/32 217/245/221 232/257/229
f 211/250/224 210/246/222 225/258/230 226/259/231
f 204/251/225 203/248/223 218/255/228 219/260/232
f 212/252/226 211/250/224 226/259/231 227/261/233
f 205/253/227 204/251/225 219/260/232 220/262/234
f 213/237/213 212/252/226 227/261/233 228/263/235
f 206/239/215 205/253/227 220/262/234 221/264/236
f 214/238/214 213/237/213 228/263/235 229/265/237
f 207/240/216 206/239/215 221/264/236 222/266/238
f 215/241/217 214/238/214 229/265/237 230/267/239
f 208/242/218 207/240/216 222/266/238 223/268/240
f 216/243/219 215/241/217 230/267/239 231/269/241
f 209/244/220 208/242/218 223/268/240 224/270/242
f 217/245/221 216/243/219 231/269/241 232/257/229
f 210/246/222 209/244/220 224/270/242 225/258/230
f 222/266/238 221/264/236 236/271/243 237/272/244
f 230/267/239 229/265/237 244/273/245 245/274/246
f 223/268/240 222/266/238 237/272/244 238/275/247
f 231/269/241 230/267/239 245/274/246 246/276/248
f 224/270/242 223/268/240 238/275/247 239/277/249
f 232/257/229 231/269/241 246/276/248 247/278/250
f 225/258/230 224/270/242 239/277/249 240/279/251
f 218/255/228 82/280/31 233/281/252
f 308/282/32 232/257/229 247/278/250
f 226/259/231 225/258/230 240/279/251 241/283/253
f 219/260/232 218/255/228 233/281/252 234/284/254
f 227/261/233 226/259/231 241/283/253 242/285/255
f 220/262/234 219/260/232 234/284/254 235/286/256
f 228/263/235 227/261/233 242/285/255 243/287/257
f 221/264/236 220/262/234 235/286/256 236/271/243
f 229/265/237 228/263/235 243/287/257 244/273/245
f 241/283/253 240/279/251 255/288/258 256/289/259
f 234/284/254 233/281/252 248/290/260 249/291/261
f 242/285/255 241/283/253 256/289/259 257/292/262
f 235/286/256 234/284/254 249/291/261 250/293/263
f 243/287/257 242/285/255 257/292/262 258/294/264
f 236/271/243 235/286/256 250/293/263 251/295/265
f 244/273/245 243/287/257 258/294/264 259/296/266
f 237/272/244 236/271/243 251/295/265 252/297/267
f 245/274/246 244/273/245 259/296/266 260/298/268
f 238/275/247 237/272/244 252/297/267 253/299/269
f 246/276/248 245/274/246 260/298/268 261/300/270
f 239/277/249 238/275/247 253/299/269 254/301/271
f 247/278/250 246/276/248 261/300/270 262/302/272
f 240/279/251 239/277/249 254/301/271 255/288/258
f 233/281/252 82/303/31 248/290/260
f 308/304/32 247/278/250 262/302/272
f 260/298/268 259/296/266 274/305/273 275/306/274
f 253/299/269 252/297/267 267/307/275 268/308/276
f 261/300/270 260/298/268 275/306/274 276/309/277
f 254/301/271 253/299/269 268/308/276 269/310/278
f 262/302/272 261/300/270 276/309/277 277/311/279
f 255/288/258 254/301/271 269/310/278 270/312/280
f 248/290/260 82/313/31 263/314/281
f 308/315/32 262/302/272 277/311/279
f 256/289/259 255/288/258 270/312/280 271/316/282
f 249/291/261 248/290/260 263/314/281 264/317/283
f 257/292/262 256/289/259 271/316/282 272/318/284
f 250/293/263 249/291/261 264/317/283 265/319/285
f 258/294/264 257/292/262 272/318/284 273/320/286
f 251/295/265 250/293/263 265/319/285 266/321/287
f 259/296/266 258/294/264 273/320/286 274/305/273
f 252/297/267 251/295/265 266/321/287 267/307/275
f 272/318/284 271/316/282 286/322/288 287/323/289
f 265/319/285 264/317/283 279/324/290 280/325/291
f 273/320/286 272/318/284 287/323/289 288/326/292
f 266/321/287 265/319/285 280/325/291 281/327/293
f 274/305/273 273/320/286 288/326/292 289/328/294
f 267/307/275 266/321/287 281/327/293 282/329/295
f 275/306/274 274/305/273 289/328/294 290/330/296
f 268/308/276 267/307/275 282/329/295 283/331/297
f 276/309/277 275/306/274 290/330/296 291/332/298
f 269/310/278 268/308/276 283/331/297 284/333/299
f 277/311/279 276/309/277 291/332/298 292/334/300
f 270/312/280 269/310/278 284/333/299 285/335/301
f 263/314/281 82/336/31 278/337/302
f 308/338/32 277/311/279 292/334/300
f 271/316/282 270/312/280 285/335/301 286/322/288
f 264/317/283 263/314/281 278/337/302 279/324/290
f 291/332/298 290/330/296 305/339/303 306/340/304
f 284/333/299 283/331/297 298/341/305 299/342/306
f 292/334/300 291/332/298 306/340/304 307/343/307
f 285/335/301 284/333/299 299/342/306 300/344/308
f 278/337/302 82/345/31 293/346/309
f 308/347/32 292/334/300 307/343/307
f 286/322/288 285/335/301 300/344/308 301/348/310
f 279/324/290 278/337/302 293/346/309 294/349/311
f 287/323/289 286/322/288 301/348/310 302/350/312
f 280/325/291 279/324/290 294/349/311 295/351/313
f 288/326/292 287/323/289 302/350/312 303/352/314
f 281/327/293 280/325/291 295/351/313 296/353/315
f 289/328/294 288/326/292 303/352/314 304/354/316
f 282/329/295 281/327/293 296/353/315 297/355/317
f 290/330/296 289/328/294 304/354/316 305/339/303
f 283/331/297 282/329/295 297/355/317 298/341/305
f 295/351/313 294/349/311 310/356/318 311/357/319
f 303/352/314 302/350/312 318/358/320 319/359/321
f 296/353/315 295/351/313 311/357/319 312/360/322
f 304/354/316 303/352/314 319/359/321 320/361/323
f 297/355/317 296/353/315 312/360/322 313/362/324
f 305/339/303 304/354/316 320/361/323 321/363/325
f 298/341/305 297/355/317 313/362/324 314/364/326
f 306/340/304 305/339/303 321/363/325 322/365/327
f 299/342/306 298/341/305 314/364/326 315/366/328
f 307/343/307 306/340/304 322/365/327 323/367/329
f 300/344/308 299/342/306 315/366/328 316/368/330
f 293/346/309 82/369/31 309/370/331
f 308/371/32 307/343/307 323/367/329
f 301/348/310 300/344/308 316/368/330 317/372/332
f 294/349/311 293/346/309 309/370/331 310/356/318
f 302/350/312 301/348/310 317/372/332 318/358/320
f 315/366/328 314/364/326 329/373/333 330/374/334
f 323/367/329 322/365/327 337/375/335 338/376/336
f 316/368/330 315/366/328 330/374/334 331/377/337
f 309/370/331 82/378/31 324/379/338
f 308/380/32 323/367/329 338/376/336
f 317/372/332 316/368/330 331/377/337 332/381/339
f 310/356/318 309/370/331 324/379/338 325/382/340
f 318/358/320 317/372/332 332/381/339 333/383/341
f 311/357/319 310/356/318 325/382/340 326/384/342
f 319/359/321 318/358/320 333/383/341 334/385/343
f 312/360/322 311/357/319 326/384/342 327/386/344
f 320/361/323 319/359/321 334/385/343 335/387/345
f 313/362/324 312/360/322 327/386/344 328/388/346
f 321/363/325 320/361/323 335/387/345 336/389/347
f 314/364/326 313/362/324 328/388/346 329/373/333
f 322/365/327 321/363/325 336/389/347 337/375/335
f 334/385/343 333/383/341 348/390/348 349/391/349
f 327/386/344 326/384/342 341/392/350 342/393/351
f 335/387/345 334/385/343 349/391/349 350/394/352
f 328/388/346 327/386/344 342/393/351 343/395/353
f 336/389/347 335/387/345 350/394/352 351/396/354
f 329/373/333 328/388/346 343/395/353 344/397/355
f 337/375/335 336/389/347 351/396/354 352/398/356
f 330/374/334 329/373/333 344/397/355 345/399/357
f 338/376/336 337/375/335 352/398/356 353/400/358
f 331/377/337 330/374/334 345/399/357 346/401/359
f 324/379/338 82/402/31 339/403/360
f 308/404/32 338/376/336 353/400/358
f 332/381/339 331/377/337 346/401/359 347/405/361
f 325/382/340 324/379/338 339/403/360 340/406/362
f 333/383/341 332/381/339 347/405/361 348/390/348
f 326/384/342 325/382/340 340/406/362 341/392/350
f 353/400/358 352/398/356 367/407/363 368/408/364
f 346/401/359 345/399/357 360/409/365 361/410/366
f 339/403/360 82/411/31 354/412/367
f 308/413/32 353/400/358 368/408/364
f 347/405/361 346/401/359 361/410/366 362/414/368
f 340/406/362 339/403/360 354/412/367 355/415/369
f 348/390/348 347/405/361 362/414/368 363/416/370
f 341/392/350 340/406/362 355/415/369 356/417/371
f 349/391/349 348/390/348 363/416/370 364/418/372
f 342/393/351 341/392/350 356/417/371 357/419/373
f 350/394/352 349/391/349 364/418/372 365/420/374
f 343/395/353 342/393/351 357/419/373 358/421/375
f 351/396/354 350/394/352 365/420/374 366/422/376
f 344/397/355 343/395/353 358/421/375 359/423/377
f 352/398/356 351/396/354 366/422/376 367/407/363
f 345/399/357 344/397/355 359/423/377 360/409/365
f 357/424/373 356/425/371 371/426/378 372/427/379
f 365/428/374 364/429/372 379/430/380 380/431/381
f 358/432/375 357/424/373 372/427/379 373/433/382
f 366/434/376 365/428/374 380/431/381 381/435/383
f 359/436/377 358/432/375 373/433/382 374/437/384
f 367/438/363 366/434/376 381/435/383 382/439/385
f 360/440/365 359/436/377 374/437/384 375/441/386
f 368/442/364 367/438/363 382/439/385 383/443/387
f 361/444/366 360/440/365 375/441/386 376/445/388
f 354/446/367 82/447/31 369/448/389
f 308/449/32 368/442/364 383/443/387
f 362/450/368 361/444/366 376/445/388 377/451/390
f 355/452/369 354/446/367 369/448/389 370/453/391
f 363/454/370 362/450/368 377/451/390 378/455/392
f 356/425/371 355/452/369 370/453/391 371/426/378
f 364/429/372 363/454/370 378/455/392 379/430/380
f 376/445/388 375/441/386 390/456/393 391/457/394
f 369/448/389 82/458/31 384/459/395
f 308/460/32 383/443/387 398/461/396
f 377/451/390 376/445/388 391/457/394 392/462/397
f 370/453/391 369/448/389 384/459/395 385/463/398
f 378/455/392 377/451/390 392/462/397 393/464/399
f 371/426/378 370/453/391 385/463/398 386/465/400
f 379/430/380 378/455/392 393/464/399 394/466/401
f 372/427/379 371/426/378 386/465/400 387/467/402
f 380/431/381 379/430/380 394/466/401 395/468/403
f 373/433/382 372/427/379 387/467/402 388/469/404
f 381/435/383 380/431/381 395/468/403 396/470/405
f 374/437/384 373/433/382 388/469/404 389/471/406
f 382/439/385 381/435/383 396/470/405 397/472/407
f 375/441/386 374/437/384 389/471/406 390/456/393
f 383/443/387 382/439/385 397/472/407 398/461/396
f 395/468/403 394/466/401 409/473/408 410/474/409
f 388/469/404 387/467/402 402/475/410 403/476/411
f 396/470/405 395/468/403 410/474/409 411/477/412
f 389/471/406 388/469/404 403/476/411 404/478/413
f 397/472/407 396/470/405 411/477/412 412/479/414
f 390/456/393 389/471/406 404/478/413 405/480/415
f 398/461/396 397/472/407 412/479/414 413/481/416
f 391/457/394 390/456/393 405/480/415 406/482/417
f 384/459/395 82/483/31 399/484/418
f 308/485/32 398/461/396 413/481/416
f 392/462/397 391/457/394 406/482/417 407/486/419
f 385/463/398 384/459/395 399/484/418 400/487/420
f 393/464/399 392/462/397 407/486/419 408/488/421
f 386/465/400 385/463/398 400/487/420 401/489/422
f 394/466/401 393/464/399 408/488/421 409/473/408
f 387/467/402 386/465/400 401/489/422 402/475/410
f 308/490/32 413/481/416 428/491/423
f 407/486/419 406/482/417 421/492/424 422/493/425
f 400/487/420 399/484/418 414/494/426 415/495/427
f 408/488/421 407/486/419 422/493/425 423/496/428
f 401/489/422 400/487/420 415/495/427 416/497/429
f 409/473/408 408/488/421 423/496/428 424/498/430
f 402/475/410 401/489/422 416/497/429 417/499/431
f 410/474/409 409/473/408 424/498/430 425/500/432
f 403/476/411 402/475/410 417/499/431 418/501/433
f 411/477/412 410/474/409 425/500/432 426/502/434
f 404/478/413 403/476/411 418/501/433 419/503/435
f 412/479/414 411/477/412 426/502/434 427/504/436
f 405/480/415 404/478/413 419/503/435 420/505/437
f 413/481/416 412/479/414 427/504/436 428/491/423
f 406/482/417 405/480/415 420/505/437 421/492/424
f 399/484/418 82/506/31 414/494/426
f 426/502/434 425/500/432 440/507/438 441/508/439
f 419/503/435 418/501/433 433/509/440 434/510/441
f 427/504/436 426/502/434 441/508/439 442/511/442
f 420/505/437 419/503/435 434/510/441 435/512/443
f 428/491/423 427/504/436 442/511/442 443/513/444
f 421/492/424 420/505/437 435/512/443 436/514/445
f 414/494/426 82/515/31 429/516/446
f 308/517/32 428/491/423 443/513/444
f 422/493/425 421/492/424 436/514/445 437/518/447
f 415/495/427 414/494/426 429/516/446 430/519/448
f 423/496/428 422/493/425 437/518/447 438/520/449
f 416/497/429 415/495/427 430/519/448 431/521/450
f 424/498/430 423/496/428 438/520/449 439/522/451
f 417/499/431 416/497/429 431/521/450 432/523/452
f 425/500/432 424/498/430 439/522/451 440/507/438
f 418/501/433 417/499/431 432/523/452 433/509/440
f 430/519/448 429/516/446 444/524/453 445/525/454
f 438/520/449 437/518/447 452/526/455 453/527/456
f 431/521/450 430/519/448 445/525/454 446/528/457
f 439/522/451 438/520/449 453/527/456 454/529/458
f 432/523/452 431/521/450 446/528/457 447/530/459
f 440/507/438 439/522/451 454/529/458 455/531/460
f 433/509/440 432/523/452 447/530/459 448/532/461
f 441/508/439 440/507/438 455/531/460 456/533/462
f 434/510/441 433/509/440 448/532/461 449/534/463
f 442/511/442 441/508/439 456/533/462 457/535/464
f 435/512/443 434/510/441 449/534/463 450/536/465
f 443/513/444 442/511/442 457/535/464 458/537/466
f 436/514/445 435/512/443 450/536/465 451/538/467
f 429/516/446 82/539/31 444/524/453
f 308/540/32 443/513/444 458/537/466
f 437/518/447 436/514/445 451/538/467 452/526/455
f 449/534/463 448/532/461 463/541/468 464/542/469
f 457/535/464 456/533/462 471/543/470 472/544/471
f 450/536/465 449/534/463 464/542/469 465/545/472
f 458/537/466 457/535/464 472/544/471 473/546/473
f 451/538/467 450/536/465 465/545/472 466/547/474
f 444/524/453 82/548/31 459/549/475
f 308/550/32 458/537/466 473/546/473
f 452/526/455 451/538/467 466/547/474 467/551/476
f 445/525/454 444/524/453 459/549/475 460/552/477
f 453/527/456 452/526/455 467/551/476 468/553/478
f 446/528/457 445/525/454 460/552/477 461/554/479
f 454/529/458 453/527/456 468/553/478 469/555/480
f 447/530/459 446/528/457 461/554/479 462/556/481
f 455/531/460 454/529/458 469/555/480 470/557/482
f 448/532/461 447/530/459 462/556/481 463/541/468
f 456/533/462 455/531/460 470/557/482 471/543/470
f 468/553/478 467/551/476 5/6/6 478/5/5
f 461/554/479 460/552/477 475/1/1 1/9/9
f 469/555/480 468/553/478 478/5/5 6/11/11
f 462/556/481 461/554/479 1/9/9 476/13/13
f 470/557/482 469/555/480 6/11/11 479/15/15
f 463/541/468 462/556/481 476/13/13 2/17/17
f 471/543/470 470/557/482 479/15/15 480/19/19
f 464/542/469 463/541/468 2/17/17 477/21/21
f 472/544/471 471/543/470 480/19/19 481/23/23
f 465/545/472 464/542/469 477/21/21 3/25/25
f 473/546/473 472/544/471 481/23/23 482/27/27
f 466/547/474 465/545/472 3/25/25 4/29/29
f 459/549/475 82/558/31 474/2/2
f 308/559/32 473/546/473 482/27/27
f 467/551/476 466/547/474 4/29/29 5/6/6
f 460/552/477 459/549/475 474/2/2 475/1/1
usemtl Material.008
f 516/560/483 515/273/31 517/561/484
f 517/561/484 515/273/31 518/562/485
f 518/562/485 515/273/31 519/563/486
f 519/563/486 515/273/31 520/564/487
f 520/564/487 515/273/31 521/565/488
f 521/565/488 515/273/31 522/566/489
f 522/566/489 515/273/31 523/567/490
f 523/567/490 515/273/31 524/568/491
f 524/568/491 515/273/31 525/569/492
f 525/569/492 515/273/31 526/570/493
f 526/570/493 515/273/31 527/571/494
f 527/571/494 515/273/31 528/572/495
f 528/572/495 515/273/31 529/573/496
f 529/573/496 515/273/31 530/574/497
f 530/574/497 515/273/31 531/575/498
f 531/575/498 515/273/31 532/576/499
f 532/576/499 515/273/31 533/577/500
f 533/577/500 515/273/31 534/578/501
f 534/578/501 515/273/31 535/579/502
f 535/579/502 515/273/31 536/580/503
f 536/580/503 515/273/31 537/581/504
f 537/581/504 515/273/31 538/582/505
f 538/582/505 515/273/31 539/583/506
f 539/583/506 515/273/31 540/584/507
f 540/584/507 515/273/31 541/585/508
f 541/585/508 515/273/31 542/586/509
f 542/586/509 515/273/31 543/587/510
f 543/587/510 515/273/31 544/588/511
f 544/588/511 515/273/31 545/589/512
f 545/589/512 515/273/31 546/590/513
f 483/591/31 484/592/31 485/593/31 486/594/31 487/595/31 488/596/31 489/597/31 490/598/31 491/599/31 492/600/31 493/601/31 494/602/31 495/603/31 496/604/31 497/605/31 498/606/31 499/607/31 500/608/31 501/609/31 502/610/31 503/611/31 504/612/31 505/613/31 506/614/31 507/615/31 508/616/31 509/617/31 510/618/31 511/619/31 512/620/31 513/621/31 514/622/31
f 546/590/513 515/273/31 547/623/514
f 547/623/514 515/273/31 516/560/483
f 549/624/32 548/625/32 516/626/32 517/627/32
f 550/628/32 549/624/32 517/627/32 518/629/32
f 551/630/32 550/628/32 518/629/32 519/631/32
f 552/632/32 551/630/32 519/631/32 520/633/32
f 553/634/32 552/632/32 520/633/32 521/635/32
f 554/636/32 553/634/32 521/635/32 522/637/32
f 555/638/32 554/636/32 522/637/32 523/639/32
f 556/640/32 555/638/32 523/639/32 524/641/32
f 557/642/32 556/640/32 524/641/32 525/643/32
f 558/644/32 557/642/32 525/643/32 526/645/32
f 559/646/32 558/644/32 526/645/32 527/647/32
f 560/648/32 559/646/32 527/647/32 528/649/32
f 561/650/32 560/648/32 528/649/32 529/651/32
f 562/652/32 561/650/32 529/651/32 530/653/32
f 563/654/32 562/652/32 530/653/32 531/655/32
f 564/656/32 563/654/32 531/655/32 532/657/32
f 565/658/32 564/656/32 532/657/32 533/659/32
f 566/660/32 565/658/32 533/659/32 534/661/32
f 567/662/32 566/660/32 534/661/32 535/663/32
f 568/664/32 567/662/32 535/663/32 536/665/32
f 569/666/32 568/664/32 536/665/32 537/667/32
f 570/668/32 569/666/32 537/667/32 538/669/32
f 571/670/32 570/668/32 538/669/32 539/671/32
f 572/672/32 571/670/32 539/671/32 540/673/32
f 573/674/32 572/672/32 540/673/32 541/675/32
f 574/676/32 573/674/32 541/675/32 542/677/32
f 575/678/32 574/676/32 542/677/32 543/679/32
f 576/680/32 575/678/32 543/679/32 544/681/32
f 577/682/32 576/680/32 544/681/32 545/683/32
f 578/684/32 577/682/32 545/683/32 546/685/32
f 579/686/32 578/684/32 546/685/32 547/687/32
f 548/625/32 579/686/32 547/687/32 516/626/32
f 484/592/515 483/591/516 548/625/516 549/624/517
f 485/593/518 484/592/515 549/624/517 550/628/518
f 486/594/519 485/593/518 550/628/518 551/630/519
f 487/595/520 486/594/519 551/630/519 552/632/520
f 488/596/521 487/595/520 552/632/520 553/634/521
f 489/597/522 488/596/521 553/634/521 554/636/522
f 490/598/523 489/597/522 554/636/522 555/638/524
f 491/599/525 490/598/523 555/638/524 556/640/525
f 492/600/526 491/599/525 556/640/525 557/642/527
f 493/601/528 492/600/526 557/642/527 558/644/528
f 494/602/529 493/601/528 558/644/528 559/646/529
f 495/603/530 494/602/529 559/646/529 560/648/530
f 496/604/531 495/603/530 560/648/530 561/650/531
f 497/605/532 496/604/531 561/650/531 562/652/532
f 498/606/533 497/605/532 562/652/532 563/654/534
f 499/607/535 498/606/533 563/654/534 564/656/535
f 500/608/536 499/607/535 564/656/535 565/658/537
f 501/609/538 500/608/536 565/658/537 566/660/538
f 502/610/539 501/609/538 566/660/538 567/662/539
f 503/611/540 502/610/539 567/662/539 568/664/540
f 504/612/541 503/611/540 568/664/540 569/666/541
f 505/613/542 504/612/541 569/666/541 570/668/542
f 506/614/543 505/613/542 570/668/542 571/670/544
f 507/615/545 506/614/543 571/670/544 572/672/545
f 508/616/546 507/615/545 572/672/545 573/674/547
f 509/617/548 508/616/546 573/674/547 574/676/548
f 510/618/549 509/617/548 574/676/548 575/678/549
f 511/619/550 510/618/549 575/678/549 576/680/550
f 512/620/551 511/619/550 576/680/550 577/682/551
f 513/621/552 512/620/551 577/682/551 578/684/552
f 514/622/553 513/621/552 578/684/552 579/686/554
f 483/591/516 514/622/553 579/686/554 548/625/516
usemtl 
f 580/444/29 581/688/29 583/689/30 582/690/30
f 582/690/30 583/689/30 585/691/35 584/692/35
f 584/692/35 585/691/35 587/693/56 586/694/56
f 586/694/56 587/693/56 589/695/63 588/696/63
f 588/696/63 589/695/63 591/697/85 590/698/85
f 590/698/85 591/697/85 593/699/107 592/700/107
f 592/700/107 593/699/107 595/701/114 594/702/114
f 594/702/114 595/701/114 597/703/136 596/29/136
f 596/29/136 597/703/136 599/704/143 598/30/143
f 598/30/143 599/704/143 601/705/164 600/37/164
f 600/37/164 601/705/164 603/706/171 602/58/171
f 602/58/171 603/706/171 605/707/193 604/67/193
f 604/67/193 605/707/193 607/708/199 606/91/199
f 606/91/199 607/708/199 609/709/222 608/115/222
f 608/115/222 609/709/222 611/710/230 610/124/230
f 610/124/230 611/710/230 613/711/251 612/712/251
f 612/712/251 613/711/251 615/713/258 614/714/258
f 614/714/258 615/713/258 617/715/280 616/716/280
f 616/716/280 617/715/280 619/717/301 618/718/301
f 618/718/301 619/717/301 621/719/308 620/720/308
f 620/720/308 621/719/308 623/721/330 622/722/330
f 622/722/330 623/721/330 625/723/337 624/724/337
f 624/724/337 625/723/337 627/725/359 626/726/359
f 626/726/359 627/725/359 629/727/366 628/728/366
f 628/728/366 629/727/366 631/729/388 630/730/388
f 630/730/388 631/729/388 633/731/394 632/732/394
f 632/732/394 633/731/394 635/733/417 634/734/417
f 634/734/417 635/733/417 637/735/424 636/736/424
f 636/736/424 637/735/424 639/737/445 638/738/445
f 638/738/445 639/737/445 641/739/467 640/740/467
f 583/561/31 581/560/31 643/623/31 641/590/31 639/589/31 637/588/31 635/587/31 633/586/31 631/585/31 629/584/31 627/583/31 625/582/31 623/581/31 621/580/31 619/579/31 617/578/31 615/577/31 613/576/31 611/575/31 609/574/31 607/573/31 605/572/31 603/571/31 601/570/31 599/569/31 597/568/31 595/567/31 593/566/31 591/565/31 589/564/31 587/563/31 585/562/31
f 640/740/467 641/739/467 643/741/474 642/742/474
f 642/742/474 643/741/474 581/743/29 580/410/29
f 580/626/32 582/627/32 584/629/32 586/631/32 588/633/32 590/635/32 592/637/32 594/639/32 596/641/32 598/643/32 600/645/32 602/647/32 604/649/32 606/651/32 608/653/32 610/655/32 612/657/32 614/659/32 616/661/32 618/663/32 620/665/32 622/667/32 624/669/32 626/671/32 628/673/32 630/675/32 632/677/32 634/679/32 636/681/32 638/683/32 640/685/32 642/687/32
usemtl Material.002
f 1121/5/555 648/6/556 658/7/557 659/8/558
f 644/9/559 1118/1/560 651/4/561 652/10/562
f 649/11/563 1121/5/555 659/8/558 660/12/564
f 1119/13/565 644/9/559 652/10/562 653/14/566
f 1122/15/567 649/11/563 660/12/564 661/16/568
f 645/17/569 1119/13/565 653/14/566 654/18/570
f 1123/19/571 1122/15/567 661/16/568 662/20/572
f 1120/21/573 645/17/569 654/18/570 655/22/574
f 1124/23/575 1123/19/571 662/20/572 663/24/576
f 646/25/577 1120/21/573 655/22/574 656/26/578
f 1125/27/579 1124/23/575 663/24/576 664/28/580
f 647/29/29 646/25/577 656/26/578 657/30/581
f 1117/2/582 725/31/32 650/3/583
f 951/32/31 1125/27/579 664/28/580
f 648/6/556 647/29/29 657/30/581 658/7/557
f 1118/1/560 1117/2/582 650/3/583 651/4/561
f 658/7/557 657/30/581 672/37/584 673/38/585
f 651/4/561 650/3/583 665/34/586 666/39/587
f 659/8/558 658/7/557 673/38/585 674/40/588
f 652/10/562 651/4/561 666/39/587 667/41/589
f 660/12/564 659/8/558 674/40/588 675/42/590
f 653/14/566 652/10/562 667/41/589 668/43/591
f 661/16/568 660/12/564 675/42/590 676/44/592
f 654/18/570 653/14/566 668/43/591 669/45/593
f 662/20/572 661/16/568 676/44/592 677/46/594
f 655/22/574 654/18/570 669/45/593 670/47/595
f 663/24/576 662/20/572 677/46/594 678/48/596
f 656/26/578 655/22/574 670/47/595 671/49/597
f 664/28/580 663/24/576 678/48/596 679/36/598
f 657/30/581 656/26/578 671/49/597 672/37/584
f 650/3/583 725/33/32 665/34/586
f 951/35/31 664/28/580 679/36/598
f 677/46/594 676/44/592 691/52/599 692/53/600
f 670/47/595 669/45/593 684/51/601 685/54/602
f 678/48/596 677/46/594 692/53/600 693/55/603
f 671/49/597 670/47/595 685/54/602 686/56/604
f 679/36/598 678/48/596 693/55/603 694/57/605
f 672/37/584 671/49/597 686/56/604 687/58/606
f 665/34/586 725/59/32 680/60/607
f 951/61/31 679/36/598 694/57/605
f 673/38/585 672/37/584 687/58/606 688/62/608
f 666/39/587 665/34/586 680/60/607 681/63/609
f 674/40/588 673/38/585 688/62/608 689/64/610
f 667/41/589 666/39/587 681/63/609 682/65/611
f 675/42/590 674/40/588 689/64/610 690/66/612
f 668/43/591 667/41/589 682/65/611 683/50/613
f 676/44/592 675/42/590 690/66/612 691/52/599
f 669/45/593 668/43/591 683/50/613 684/51/601
f 681/63/609 680/60/607 695/69/614 696/70/615
f 689/64/610 688/62/608 703/68/616 704/71/617
f 682/65/611 681/63/609 696/70/615 697/72/618
f 690/66/612 689/64/610 704/71/617 705/73/619
f 683/50/613 682/65/611 697/72/618 698/74/620
f 691/52/599 690/66/612 705/73/619 706/75/621
f 684/51/601 683/50/613 698/74/620 699/76/622
f 692/53/600 691/52/599 706/75/621 707/77/623
f 685/54/602 684/51/601 699/76/622 700/78/624
f 693/55/603 692/53/600 707/77/623 708/79/625
f 686/56/604 685/54/602 700/78/624 701/80/626
f 694/57/605 693/55/603 708/79/625 709/81/627
f 687/58/606 686/56/604 701/80/626 702/67/628
f 680/60/607 725/82/32 695/69/614
f 951/83/31 694/57/605 709/81/627
f 688/62/608 687/58/606 702/67/628 703/68/616
f 700/78/624 699/76/622 714/86/629 715/87/630
f 708/79/625 707/77/623 722/85/631 723/88/632
f 701/80/626 700/78/624 715/87/630 716/89/633
f 709/81/627 708/79/625 723/88/632 724/90/634
f 702/67/628 701/80/626 716/89/633 717/91/635
f 695/69/614 725/92/32 710/93/636
f 951/94/31 709/81/627 724/90/634
f 703/68/616 702/67/628 717/91/635 718/95/637
f 696/70/615 695/69/614 710/93/636 711/96/638
f 704/71/617 703/68/616 718/95/637 719/97/639
f 697/72/618 696/70/615 711/96/638 712/98/640
f 705/73/619 704/71/617 719/97/639 720/99/641
f 698/74/620 697/72/618 712/98/640 713/100/642
f 706/75/621 705/73/619 720/99/641 721/84/643
f 699/76/622 698/74/620 713/100/642 714/86/629
f 707/77/623 706/75/621 721/84/643 722/85/631
f 719/97/639 718/95/637 734/103/644 735/104/645
f 712/98/640 711/96/638 727/102/646 728/105/647
f 720/99/641 719/97/639 735/104/645 736/106/648
f 713/100/642 712/98/640 728/105/647 729/107/649
f 721/84/643 720/99/641 736/106/648 737/108/650
f 714/86/629 713/100/642 729/107/649 730/109/651
f 722/85/631 721/84/643 737/108/650 738/110/652
f 715/87/630 714/86/629 730/109/651 731/111/653
f 723/88/632 722/85/631 738/110/652 739/112/654
f 716/89/633 715/87/630 731/111/653 732/113/655
f 724/90/634 723/88/632 739/112/654 740/114/656
f 717/91/635 716/89/633 732/113/655 733/115/657
f 710/93/636 725/116/32 726/101/658
f 951/117/31 724/90/634 740/114/656
f 718/95/637 717/91/635 733/115/657 734/103/644
f 711/96/638 710/93/636 726/101/658 727/102/646
f 739/112/654 738/110/652 753/120/659 754/121/660
f 732/113/655 731/111/653 746/119/661 747/122/662
f 740/114/656 739/112/654 754/121/660 755/123/663
f 733/115/657 732/113/655 747/122/662 748/124/664
f 726/101/658 725/125/32 741/126/665
f 951/127/31 740/114/656 755/123/663
f 734/103/644 733/115/657 748/124/664 749/128/666
f 727/102/646 726/101/658 741/126/665 742/129/667
f 735/104/645 734/103/644 749/128/666 750/130/668
f 728/105/647 727/102/646 742/129/667 743/131/669
f 736/106/648 735/104/645 750/130/668 751/132/670
f 729/107/649 728/105/647 743/131/669 744/133/671
f 737/108/650 736/106/648 751/132/670 752/134/672
f 730/109/651 729/107/649 744/133/671 745/118/673
f 738/110/652 737/108/650 752/134/672 753/120/659
f 731/111/653 730/109/651 745/118/673 746/119/661
f 751/132/670 750/130/668 765/136/674 766/139/675
f 744/133/671 743/131/669 758/138/676 759/140/677
f 752/134/672 751/132/670 766/139/675 767/141/678
f 745/118/673 744/133/671 759/140/677 760/142/679
f 753/120/659 752/134/672 767/141/678 768/143/680
f 746/119/661 745/118/673 760/142/679 761/144/681
f 754/121/660 753/120/659 768/143/680 769/145/682
f 747/122/662 746/119/661 761/144/681 762/146/683
f 755/123/663 754/121/660 769/145/682 770/147/684
f 748/124/664 747/122/662 762/146/683 763/148/366
f 741/126/665 725/149/32 756/150/685
f 951/151/31 755/123/663 770/147/684
f 749/128/666 748/124/664 763/148/366 764/135/686
f 742/129/667 741/126/665 756/150/685 757/137/687
f 750/130/668 749/128/666 764/135/686 765/136/674
f 743/131/669 742/129/667 757/137/687 758/138/676
f 770/147/684 769/145/682 784/153/688 785/156/689
f 763/148/366 762/146/683 777/155/690 778/157/691
f 756/150/685 725/158/32 771/159/692
f 951/160/31 770/147/684 785/156/689
f 764/135/686 763/148/366 778/157/691 779/161/693
f 757/137/687 756/150/685 771/159/692 772/162/694
f 765/136/674 764/135/686 779/161/693 780/163/695
f 758/138/676 757/137/687 772/162/694 773/164/696
f 766/139/675 765/136/674 780/163/695 781/165/697
f 759/140/677 758/138/676 773/164/696 774/166/698
f 767/141/678 766/139/675 781/165/697 782/167/699
f 760/142/679 759/140/677 774/166/698 775/168/700
f 768/143/680 767/141/678 782/167/699 783/152/701
f 761/144/681 760/142/679 775/168/700 776/154/702
f 769/145/682 768/143/680 783/152/701 784/153/688
f 762/146/683 761/144/681 776/154/702 777/155/690
f 774/166/698 773/164/696 788/171/703 789/172/704
f 782/167/699 781/165/697 796/170/705 797/173/706
f 775/168/700 774/166/698 789/172/704 790/174/707
f 783/152/701 782/167/699 797/173/706 798/175/708
f 776/154/702 775/168/700 790/174/707 791/176/709
f 784/153/688 783/152/701 798/175/708 799/177/710
f 777/155/690 776/154/702 791/176/709 792/178/711
f 785/156/689 784/153/688 799/177/710 800/179/712
f 778/157/691 777/155/690 792/178/711 793/180/713
f 771/159/692 725/181/32 786/182/714
f 951/183/31 785/156/689 800/179/712
f 779/161/693 778/157/691 793/180/713 794/184/715
f 772/162/694 771/159/692 786/182/714 787/185/716
f 780/163/695 779/161/693 794/184/715 795/169/717
f 773/164/696 772/162/694 787/185/716 788/171/703
f 781/165/697 780/163/695 795/169/717 796/170/705
f 793/180/713 792/178/711 807/188/718 808/189/719
f 786/182/714 725/190/32 801/191/720
f 951/192/31 800/179/712 815/187/721
f 794/184/715 793/180/713 808/189/719 809/193/722
f 787/185/716 786/182/714 801/191/720 802/194/723
f 795/169/717 794/184/715 809/193/722 810/195/724
f 788/171/703 787/185/716 802/194/723 803/196/725
f 796/170/705 795/169/717 810/195/724 811/197/726
f 789/172/704 788/171/703 803/196/725 804/198/727
f 797/173/706 796/170/705 811/197/726 812/199/728
f 790/174/707 789/172/704 804/198/727 805/200/729
f 798/175/708 797/173/706 812/199/728 813/201/730
f 791/176/709 790/174/707 805/200/729 806/202/731
f 799/177/710 798/175/708 813/201/730 814/186/732
f 792/178/711 791/176/709 806/202/731 807/188/718
f 800/179/712 799/177/710 814/186/732 815/187/721
f 812/199/728 811/197/726 826/205/733 827/206/734
f 805/200/729 804/198/727 819/204/735 820/207/736
f 813/201/730 812/199/728 827/206/734 828/208/737
f 806/202/731 805/200/729 820/207/736 821/209/738
f 814/186/732 813/201/730 828/208/737 829/210/739
f 807/188/718 806/202/731 821/209/738 822/211/740
f 815/187/721 814/186/732 829/210/739 830/212/741
f 808/189/719 807/188/718 822/211/740 823/213/742
f 801/191/720 725/214/32 816/215/743
f 951/216/31 815/187/721 830/212/741
f 809/193/722 808/189/719 823/213/742 824/217/744
f 802/194/723 801/191/720 816/215/743 817/218/745
f 810/195/724 809/193/722 824/217/744 825/219/746
f 803/196/725 802/194/723 817/218/745 818/203/747
f 811/197/726 810/195/724 825/219/746 826/205/733
f 804/198/727 803/196/725 818/203/747 819/204/735
f 816/215/743 725/222/32 831/223/748
f 951/224/31 830/212/741 845/225/749
f 824/217/744 823/213/742 838/221/750 839/226/751
f 817/218/745 816/215/743 831/223/748 832/227/752
f 825/219/746 824/217/744 839/226/751 840/228/753
f 818/203/747 817/218/745 832/227/752 833/229/754
f 826/205/733 825/219/746 840/228/753 841/230/755
f 819/204/735 818/203/747 833/229/754 834/231/756
f 827/206/734 826/205/733 841/230/755 842/232/757
f 820/207/736 819/204/735 834/231/756 835/233/758
f 828/208/737 827/206/734 842/232/757 843/234/759
f 821/209/738 820/207/736 835/233/758 836/235/760
f 829/210/739 828/208/737 843/234/759 844/236/761
f 822/211/740 821/209/738 836/235/760 837/220/762
f 830/212/741 829/210/739 844/236/761 845/225/749
f 823/213/742 822/211/740 837/220/762 838/221/750
f 835/233/758 834/231/756 849/239/763 850/240/764
f 843/234/759 842/232/757 857/238/765 858/241/766
f 836/235/760 835/233/758 850/240/764 851/242/767
f 844/236/761 843/234/759 858/241/766 859/243/768
f 837/220/762 836/235/760 851/242/767 852/244/769
f 845/225/749 844/236/761 859/243/768 860/245/770
f 838/221/750 837/220/762 852/244/769 853/246/771
f 831/223/748 725/247/32 846/248/772
f 951/249/31 845/225/749 860/245/770
f 839/226/751 838/221/750 853/246/771 854/250/773
f 832/227/752 831/223/748 846/248/772 847/251/774
f 840/228/753 839/226/751 854/250/773 855/252/775
f 833/229/754 832/227/752 847/251/774 848/253/776
f 841/230/755 840/228/753 855/252/775 856/237/777
f 834/231/756 833/229/754 848/253/776 849/239/763
f 842/232/757 841/230/755 856/237/777 857/238/765
f 854/250/773 853/246/771 868/258/778 869/259/779
f 847/251/774 846/248/772 861/255/780 862/260/781
f 855/252/775 854/250/773 869/259/779 870/261/782
f 848/253/776 847/251/774 862/260/781 863/262/783
f 856/237/777 855/252/775 870/261/782 871/263/784
f 849/239/763 848/253/776 863/262/783 864/264/785
f 857/238/765 856/237/777 871/263/784 872/265/786
f 850/240/764 849/239/763 864/264/785 865/266/787
f 858/241/766 857/238/765 872/265/786 873/267/788
f 851/242/767 850/240/764 865/266/787 866/268/789
f 859/243/768 858/241/766 873/267/788 874/269/790
f 852/244/769 851/242/767 866/268/789 867/270/791
f 860/245/770 859/243/768 874/269/790 875/257/792
f 853/246/771 852/244/769 867/270/791 868/258/778
f 846/248/772 725/254/32 861/255/780
f 951/256/31 860/245/770 875/257/792
f 873/267/788 872/265/786 887/273/793 888/274/794
f 866/268/789 865/266/787 880/272/795 881/275/796
f 874/269/790 873/267/788 888/274/794 889/276/797
f 867/270/791 866/268/789 881/275/796 882/277/798
f 875/257/792 874/269/790 889/276/797 890/278/799
f 868/258/778 867/270/791 882/277/798 883/279/251
f 861/255/780 725/280/32 876/281/800
f 951/282/31 875/257/792 890/278/799
f 869/259/779 868/258/778 883/279/251 884/283/801
f 862/260/781 861/255/780 876/281/800 877/284/802
f 870/261/782 869/259/779 884/283/801 885/285/803
f 863/262/783 862/260/781 877/284/802 878/286/804
f 871/263/784 870/261/782 885/285/803 886/287/805
f 864/264/785 863/262/783 878/286/804 879/271/806
f 872/265/786 871/263/784 886/287/805 887/273/793
f 865/266/787 864/264/785 879/271/806 880/272/795
f 885/285/803 884/283/801 899/289/807 900/292/808
f 878/286/804 877/284/802 892/291/809 893/293/810
f 886/287/805 885/285/803 900/292/808 901/294/811
f 879/271/806 878/286/804 893/293/810 894/295/812
f 887/273/793 886/287/805 901/294/811 902/296/813
f 880/272/795 879/271/806 894/295/812 895/297/814
f 888/274/794 887/273/793 902/296/813 903/298/815
f 881/275/796 880/272/795 895/297/814 896/299/816
f 889/276/797 888/274/794 903/298/815 904/300/817
f 882/277/798 881/275/796 896/299/816 897/301/818
f 890/278/799 889/276/797 904/300/817 905/302/819
f 883/279/251 882/277/798 897/301/818 898/288/820
f 876/281/800 725/303/32 891/290/821
f 951/304/31 890/278/799 905/302/819
f 884/283/801 883/279/251 898/288/820 899/289/807
f 877/284/802 876/281/800 891/290/821 892/291/809
f 904/300/817 903/298/815 918/306/822 919/309/823
f 897/301/818 896/299/816 911/308/824 912/310/825
f 905/302/819 904/300/817 919/309/823 920/311/826
f 898/288/820 897/301/818 912/310/825 913/312/827
f 891/290/821 725/313/32 906/314/828
f 951/315/31 905/302/819 920/311/826
f 899/289/807 898/288/820 913/312/827 914/316/829
f 892/291/809 891/290/821 906/314/828 907/317/830
f 900/292/808 899/289/807 914/316/829 915/318/831
f 893/293/810 892/291/809 907/317/830 908/319/832
f 901/294/811 900/292/808 915/318/831 916/320/833
f 894/295/812 893/293/810 908/319/832 909/321/834
f 902/296/813 901/294/811 916/320/833 917/305/835
f 895/297/814 894/295/812 909/321/834 910/307/836
f 903/298/815 902/296/813 917/305/835 918/306/822
f 896/299/816 895/297/814 910/307/836 911/308/824
f 908/319/832 907/317/830 922/324/837 923/325/838
f 916/320/833 915/318/831 930/323/839 931/326/840
f 909/321/834 908/319/832 923/325/838 924/327/841
f 917/305/835 916/320/833 931/326/840 932/328/842
f 910/307/836 909/321/834 924/327/841 925/329/843
f 918/306/822 917/305/835 932/328/842 933/330/844
f 911/308/824 910/307/836 925/329/843 926/331/845
f 919/309/823 918/306/822 933/330/844 934/332/846
f 912/310/825 911/308/824 926/331/845 927/333/847
f 920/311/826 919/309/823 934/332/846 935/334/848
f 913/312/827 912/310/825 927/333/847 928/335/849
f 906/314/828 725/336/32 921/337/850
f 951/338/31 920/311/826 935/334/848
f 914/316/829 913/312/827 928/335/849 929/322/851
f 907/317/830 906/314/828 921/337/850 922/324/837
f 915/318/831 914/316/829 929/322/851 930/323/839
f 927/333/847 926/331/845 941/341/852 942/342/853
f 935/334/848 934/332/846 949/340/854 950/343/855
f 928/335/849 927/333/847 942/342/853 943/344/856
f 921/337/850 725/345/32 936/346/857
f 951/347/31 935/334/848 950/343/855
f 929/322/851 928/335/849 943/344/856 944/348/858
f 922/324/837 921/337/850 936/346/857 937/349/859
f 930/323/839 929/322/851 944/348/858 945/350/860
f 923/325/838 922/324/837 937/349/859 938/351/861
f 931/326/840 930/323/839 945/350/860 946/352/862
f 924/327/841 923/325/838 938/351/861 939/353/863
f 932/328/842 931/326/840 946/352/862 947/354/864
f 925/329/843 924/327/841 939/353/863 940/355/865
f 933/330/844 932/328/842 947/354/864 948/339/866
f 926/331/845 925/329/843 940/355/865 941/341/852
f 934/332/846 933/330/844 948/339/866 949/340/854
f 946/352/862 945/350/860 961/358/867 962/359/868
f 939/353/863 938/351/861 954/357/869 955/360/870
f 947/354/864 946/352/862 962/359/868 963/361/871
f 940/355/865 939/353/863 955/360/870 956/362/872
f 948/339/866 947/354/864 963/361/871 964/363/873
f 941/341/852 940/355/865 956/362/872 957/364/874
f 949/340/854 948/339/866 964/363/873 965/365/875
f 942/342/853 941/341/852 957/364/874 958/366/876
f 950/343/855 949/340/854 965/365/875 966/367/877
f 943/344/856 942/342/853 958/366/876 959/368/878
f 936/346/857 725/369/32 952/370/879
f 951/371/31 950/343/855 966/367/877
f 944/348/858 943/344/856 959/368/878 960/372/880
f 937/349/859 936/346/857 952/370/879 953/356/881
f 945/350/860 944/348/858 960/372/880 961/358/867
f 938/351/861 937/349/859 953/356/881 954/357/869
f 966/367/877 965/365/875 980/375/882 981/376/883
f 959/368/878 958/366/876 973/374/884 974/377/885
f 952/370/879 725/378/32 967/379/886
f 951/380/31 966/367/877 981/376/883
f 960/372/880 959/368/878 974/377/885 975/381/887
f 953/356/881 952/370/879 967/379/886 968/382/888
f 961/358/867 960/372/880 975/381/887 976/383/889
f 954/357/869 953/356/881 968/382/888 969/384/890
f 962/359/868 961/358/867 976/383/889 977/385/891
f 955/360/870 954/357/869 969/384/890 970/386/892
f 963/361/871 962/359/868 977/385/891 978/387/893
f 956/362/872 955/360/870 970/386/892 971/388/894
f 964/363/873 963/361/871 978/387/893 979/389/895
f 957/364/874 956/362/872 971/388/894 972/373/896
f 965/365/875 964/363/873 979/389/895 980/375/882
f 958/366/876 957/364/874 972/373/896 973/374/884
f 970/386/892 969/384/890 984/392/897 985/393/898
f 978/387/893 977/385/891 992/391/899 993/394/900
f 971/388/894 970/386/892 985/393/898 986/395/901
f 979/389/895 978/387/893 993/394/900 994/396/902
f 972/373/896 971/388/894 986/395/901 987/397/903
f 980/375/882 979/389/895 994/396/902 995/398/904
f 973/374/884 972/373/896 987/397/903 988/399/905
f 981/376/883 980/375/882 995/398/904 996/400/906
f 974/377/885 973/374/884 988/399/905 989/401/907
f 967/379/886 725/402/32 982/403/908
f 951/404/31 981/376/883 996/400/906
f 975/381/887 974/377/885 989/401/907 990/405/909
f 968/382/888 967/379/886 982/403/908 983/406/910
f 976/383/889 975/381/887 990/405/909 991/390/911
f 969/384/890 968/382/888 983/406/910 984/392/897
f 977/385/891 976/383/889 991/390/911 992/391/899
f 989/401/907 988/399/905 1003/409/912 1004/410/136
f 982/403/908 725/411/32 997/412/913
f 951/413/31 996/400/906 1011/408/914
f 990/405/909 989/401/907 1004/410/136 1005/414/915
f 983/406/910 982/403/908 997/412/913 998/415/916
f 991/390/911 990/405/909 1005/414/915 1006/416/917
f 984/392/897 983/406/910 998/415/916 999/417/918
f 992/391/899 991/390/911 1006/416/917 1007/418/919
f 985/393/898 984/392/897 999/417/918 1000/419/920
f 993/394/900 992/391/899 1007/418/919 1008/420/921
f 986/395/901 985/393/898 1000/419/920 1001/421/922
f 994/396/902 993/394/900 1008/420/921 1009/422/923
f 987/397/903 986/395/901 1001/421/922 1002/423/924
f 995/398/904 994/396/902 1009/422/923 1010/407/925
f 988/399/905 987/397/903 1002/423/924 1003/409/912
f 996/400/906 995/398/904 1010/407/925 1011/408/914
f 1008/428/921 1007/429/919 1022/430/926 1023/431/927
f 1001/432/922 1000/424/920 1015/427/928 1016/433/929
f 1009/434/923 1008/428/921 1023/431/927 1024/435/930
f 1002/436/924 1001/432/922 1016/433/929 1017/437/931
f 1010/438/925 1009/434/923 1024/435/930 1025/439/932
f 1003/440/912 1002/436/924 1017/437/931 1018/441/933
f 1011/442/914 1010/438/925 1025/439/932 1026/443/934
f 1004/444/136 1003/440/912 1018/441/933 1019/445/935
f 997/446/913 725/447/32 1012/448/936
f 951/449/31 1011/442/914 1026/443/934
f 1005/450/915 1004/444/136 1019/445/935 1020/451/937
f 998/452/916 997/446/913 1012/448/936 1013/453/938
f 1006/454/917 1005/450/915 1020/451/937 1021/455/939
f 999/425/918 998/452/916 1013/453/938 1014/426/940
f 1007/429/919 1006/454/917 1021/455/939 1022/430/926
f 1000/424/920 999/425/918 1014/426/940 1015/427/928
f 951/460/31 1026/443/934 1041/461/941
f 1020/451/937 1019/445/935 1034/457/942 1035/462/943
f 1013/453/938 1012/448/936 1027/459/944 1028/463/945
f 1021/455/939 1020/451/937 1035/462/943 1036/464/946
f 1014/426/940 1013/453/938 1028/463/945 1029/465/947
f 1022/430/926 1021/455/939 1036/464/946 1037/466/948
f 1015/427/928 1014/426/940 1029/465/947 1030/467/949
f 1023/431/927 1022/430/926 1037/466/948 1038/468/950
f 1016/433/929 1015/427/928 1030/467/949 1031/469/951
f 1024/435/930 1023/431/927 1038/468/950 1039/470/952
f 1017/437/931 1016/433/929 1031/469/951 1032/471/953
f 1025/439/932 1024/435/930 1039/470/952 1040/472/954
f 1018/441/933 1017/437/931 1032/471/953 1033/456/955
f 1026/443/934 1025/439/932 1040/472/954 1041/461/941
f 1019/445/935 1018/441/933 1033/456/955 1034/457/942
f 1012/448/936 725/458/32 1027/459/944
f 1039/470/952 1038/468/950 1053/474/956 1054/477/957
f 1032/471/953 1031/469/951 1046/476/958 1047/478/959
f 1040/472/954 1039/470/952 1054/477/957 1055/479/960
f 1033/456/955 1032/471/953 1047/478/959 1048/480/961
f 1041/461/941 1040/472/954 1055/479/960 1056/481/962
f 1034/457/942 1033/456/955 1048/480/961 1049/482/963
f 1027/459/944 725/483/32 1042/484/964
f 951/485/31 1041/461/941 1056/481/962
f 1035/462/943 1034/457/942 1049/482/963 1050/486/965
f 1028/463/945 1027/459/944 1042/484/964 1043/487/966
f 1036/464/946 1035/462/943 1050/486/965 1051/488/967
f 1029/465/947 1028/463/945 1043/487/966 1044/489/968
f 1037/466/948 1036/464/946 1051/488/967 1052/473/969
f 1030/467/949 1029/465/947 1044/489/968 1045/475/970
f 1038/468/950 1037/466/948 1052/473/969 1053/474/956
f 1031/469/951 1030/467/949 1045/475/970 1046/476/958
f 1043/487/966 1042/484/964 1057/494/971 1058/495/972
f 1051/488/967 1050/486/965 1065/493/973 1066/496/974
f 1044/489/968 1043/487/966 1058/495/972 1059/497/975
f 1052/473/969 1051/488/967 1066/496/974 1067/498/976
f 1045/475/970 1044/489/968 1059/497/975 1060/499/977
f 1053/474/956 1052/473/969 1067/498/976 1068/500/978
f 1046/476/958 1045/475/970 1060/499/977 1061/501/979
f 1054/477/957 1053/474/956 1068/500/978 1069/502/980
f 1047/478/959 1046/476/958 1061/501/979 1062/503/981
f 1055/479/960 1054/477/957 1069/502/980 1070/504/982
f 1048/480/961 1047/478/959 1062/503/981 1063/505/983
f 1056/481/962 1055/479/960 1070/504/982 1071/491/984
f 1049/482/963 1048/480/961 1063/505/983 1064/492/985
f 1042/484/964 725/506/32 1057/494/971
f 951/490/31 1056/481/962 1071/491/984
f 1050/486/965 1049/482/963 1064/492/985 1065/493/973
f 1062/503/981 1061/501/979 1076/509/986 1077/510/987
f 1070/504/982 1069/502/980 1084/508/988 1085/511/989
f 1063/505/983 1062/503/981 1077/510/987 1078/512/990
f 1071/491/984 1070/504/982 1085/511/989 1086/513/991
f 1064/492/985 1063/505/983 1078/512/990 1079/514/992
f 1057/494/971 725/515/32 1072/516/993
f 951/517/31 1071/491/984 1086/513/991
f 1065/493/973 1064/492/985 1079/514/992 1080/518/994
f 1058/495/972 1057/494/971 1072/516/993 1073/519/995
f 1066/496/974 1065/493/973 1080/518/994 1081/520/996
f 1059/497/975 1058/495/972 1073/519/995 1074/521/997
f 1067/498/976 1066/496/974 1081/520/996 1082/522/998
f 1060/499/977 1059/497/975 1074/521/997 1075/523/999
f 1068/500/978 1067/498/976 1082/522/998 1083/507/1000
f 1061/501/979 1060/499/977 1075/523/999 1076/509/986
f 1069/502/980 1068/500/978 1083/507/1000 1084/508/988
f 1081/520/996 1080/518/994 1095/526/1001 1096/527/1002
f 1074/521/997 1073/519/995 1088/525/1003 1089/528/1004
f 1082/522/998 1081/520/996 1096/527/1002 1097/529/1005
f 1075/523/999 1074/521/997 1089/528/1004 1090/530/1006
f 1083/507/1000 1082/522/998 1097/529/1005 1098/531/1007
f 1076/509/986 1075/523/999 1090/530/1006 1091/532/1008
f 1084/508/988 1083/507/1000 1098/531/1007 1099/533/1009
f 1077/510/987 1076/509/986 1091/532/1008 1092/534/1010
f 1085/511/989 1084/508/988 1099/533/1009 1100/535/1011
f 1078/512/990 1077/510/987 1092/534/1010 1093/536/1012
f 1086/513/991 1085/511/989 1100/535/1011 1101/537/1013
f 1079/514/992 1078/512/990 1093/536/1012 1094/538/1014
f 1072/516/993 725/539/32 1087/524/1015
f 951/540/31 1086/513/991 1101/537/1013
f 1080/518/994 1079/514/992 1094/538/1014 1095/526/1001
f 1073/519/995 1072/516/993 1087/524/1015 1088/525/1003
f 1100/535/1011 1099/533/1009 1114/543/1016 1115/544/1017
f 1093/536/1012 1092/534/1010 1107/542/1018 1108/545/1019
f 1101/537/1013 1100/535/1011 1115/544/1017 1116/546/1020
f 1094/538/1014 1093/536/1012 1108/545/1019 1109/547/1021
f 1087/524/1015 725/548/32 1102/549/1022
f 951/550/31 1101/537/1013 1116/546/1020
f 1095/526/1001 1094/538/1014 1109/547/1021 1110/551/1023
f 1088/525/1003 1087/524/1015 1102/549/1022 1103/552/1024
f 1096/527/1002 1095/526/1001 1110/551/1023 1111/553/1025
f 1089/528/1004 1088/525/1003 1103/552/1024 1104/554/1026
f 1097/529/1005 1096/527/1002 1111/553/1025 1112/555/1027
f 1090/530/1006 1089/528/1004 1104/554/1026 1105/556/1028
f 1098/531/1007 1097/529/1005 1112/555/1027 1113/557/1029
f 1091/532/1008 1090/530/1006 1105/556/1028 1106/541/1030
f 1099/533/1009 1098/531/1007 1113/557/1029 1114/543/1016
f 1092/534/1010 1091/532/1008 1106/541/1030 1107/542/1018
f 1104/554/1026 1103/552/1024 1118/1/560 644/9/559
f 1112/555/1027 1111/553/1025 1121/5/555 649/11/563
f 1105/556/1028 1104/554/1026 644/9/559 1119/13/565
f 1113/557/1029 1112/555/1027 649/11/563 1122/15/567
f 1106/541/1030 1105/556/1028 1119/13/565 645/17/569
f 1114/543/1016 1113/557/1029 1122/15/567 1123/19/571
f 1107/542/1018 1106/541/1030 645/17/569 1120/21/573
f 1115/544/1017 1114/543/1016 1123/19/571 1124/23/575
f 1108/545/1019 1107/542/1018 1120/21/573 646/25/577
f 1116/546/1020 1115/544/1017 1124/23/575 1125/27/579
f 1109/547/1021 1108/545/1019 646/25/577 647/29/29
f 1102/549/1022 725/558/32 1117/2/582
f 951/559/31 1116/546/1020 1125/27/579
f 1110/551/1023 1109/547/1021 647/29/29 648/6/556
f 1103/552/1024 1102/549/1022 1117/2/582 1118/1/560
f 1111/553/1025 1110/551/1023 648/6/556 1121/5/555
usemtl Material.001
f 1603/5/555 1130/6/1031 1140/7/557 1141/8/558
f 1126/9/559 1600/1/560 1133/4/561 1134/10/562
f 1131/11/563 1603/5/555 1141/8/558 1142/12/564
f 1601/13/565 1126/9/559 1134/10/562 1135/14/566
f 1604/15/567 1131/11/563 1142/12/564 1143/16/568
f 1127/17/569 1601/13/565 1135/14/566 1136/18/570
f 1605/19/571 1604/15/567 1143/16/568 1144/20/572
f 1602/21/573 1127/17/569 1136/18/570 1137/22/574
f 1606/23/575 1605/19/571 1144/20/572 1145/24/576
f 1128/25/1032 1602/21/573 1137/22/574 1138/26/578
f 1607/27/579 1606/23/575 1145/24/576 1146/28/580
f 1129/29/29 1128/25/1032 1138/26/578 1139/30/581
f 1599/2/582 1207/31/32 1132/3/583
f 1433/32/31 1607/27/579 1146/28/580
f 1130/6/1031 1129/29/29 1139/30/581 1140/7/557
f 1600/1/560 1599/2/582 1132/3/583 1133/4/561
f 1140/7/557 1139/30/581 1154/37/584 1155/38/585
f 1133/4/561 1132/3/583 1147/34/586 1148/39/587
f 1141/8/558 1140/7/557 1155/38/585 1156/40/588
f 1134/10/562 1133/4/561 1148/39/587 1149/41/589
f 1142/12/564 1141/8/558 1156/40/588 1157/42/590
f 1135/14/566 1134/10/562 1149/41/589 1150/43/591
f 1143/16/568 1142/12/564 1157/42/590 1158/44/592
f 1136/18/570 1135/14/566 1150/43/591 1151/45/593
f 1144/20/572 1143/16/568 1158/44/592 1159/46/594
f 1137/22/574 1136/18/570 1151/45/593 1152/47/595
f 1145/24/576 1144/20/572 1159/46/594 1160/48/596
f 1138/26/578 1137/22/574 1152/47/595 1153/49/597
f 1146/28/580 1145/24/576 1160/48/596 1161/36/598
f 1139/30/581 1138/26/578 1153/49/597 1154/37/584
f 1132/3/583 1207/33/32 1147/34/586
f 1433/35/31 1146/28/580 1161/36/598
f 1159/46/594 1158/44/592 1173/52/599 1174/53/600
f 1152/47/595 1151/45/593 1166/51/601 1167/54/602
f 1160/48/596 1159/46/594 1174/53/600 1175/55/603
f 1153/49/597 1152/47/595 1167/54/602 1168/56/604
f 1161/36/598 1160/48/596 1175/55/603 1176/57/605
f 1154/37/584 1153/49/597 1168/56/604 1169/58/606
f 1147/34/586 1207/59/32 1162/60/607
f 1433/61/31 1161/36/598 1176/57/605
f 1155/38/585 1154/37/584 1169/58/606 1170/62/608
f 1148/39/587 1147/34/586 1162/60/607 1163/63/609
f 1156/40/588 1155/38/585 1170/62/608 1171/64/610
f 1149/41/589 1148/39/587 1163/63/609 1164/65/611
f 1157/42/590 1156/40/588 1171/64/610 1172/66/612
f 1150/43/591 1149/41/589 1164/65/611 1165/50/613
f 1158/44/592 1157/42/590 1172/66/612 1173/52/599
f 1151/45/593 1150/43/591 1165/50/613 1166/51/601
f 1163/63/609 1162/60/607 1177/69/614 1178/70/615
f 1171/64/610 1170/62/608 1185/68/616 1186/71/617
f 1164/65/611 1163/63/609 1178/70/615 1179/72/618
f 1172/66/612 1171/64/610 1186/71/617 1187/73/619
f 1165/50/613 1164/65/611 1179/72/618 1180/74/620
f 1173/52/599 1172/66/612 1187/73/619 1188/75/621
f 1166/51/601 1165/50/613 1180/74/620 1181/76/622
f 1174/53/600 1173/52/599 1188/75/621 1189/77/623
f 1167/54/602 1166/51/601 1181/76/622 1182/78/624
f 1175/55/603 1174/53/600 1189/77/623 1190/79/625
f 1168/56/604 1167/54/602 1182/78/624 1183/80/626
f 1176/57/605 1175/55/603 1190/79/625 1191/81/627
f 1169/58/606 1168/56/604 1183/80/626 1184/67/628
f 1162/60/607 1207/82/32 1177/69/614
f 1433/83/31 1176/57/605 1191/81/627
f 1170/62/608 1169/58/606 1184/67/628 1185/68/616
f 1182/78/624 1181/76/622 1196/86/629 1197/87/630
f 1190/79/625 1189/77/623 1204/85/631 1205/88/632
f 1183/80/626 1182/78/624 1197/87/630 1198/89/633
f 1191/81/627 1190/79/625 1205/88/632 1206/90/634
f 1184/67/628 1183/80/626 1198/89/633 1199/91/635
f 1177/69/614 1207/92/32 1192/93/636
f 1433/94/31 1191/81/627 1206/90/634
f 1185/68/616 1184/67/628 1199/91/635 1200/95/637
f 1178/70/615 1177/69/614 1192/93/636 1193/96/638
f 1186/71/617 1185/68/616 1200/95/637 1201/97/639
f 1179/72/618 1178/70/615 1193/96/638 1194/98/640
f 1187/73/619 1186/71/617 1201/97/639 1202/99/641
f 1180/74/620 1179/72/618 1194/98/640 1195/100/642
f 1188/75/621 1187/73/619 1202/99/641 1203/84/643
f 1181/76/622 1180/74/620 1195/100/642 1196/86/629
f 1189/77/623 1188/75/621 1203/84/643 1204/85/631
f 1201/97/639 1200/95/637 1216/103/644 1217/104/645
f 1194/98/640 1193/96/638 1209/102/646 1210/105/647
f 1202/99/641 1201/97/639 1217/104/645 1218/106/648
f 1195/100/642 1194/98/640 1210/105/647 1211/107/649
f 1203/84/643 1202/99/641 1218/106/648 1219/108/650
f 1196/86/629 1195/100/642 1211/107/649 1212/109/651
f 1204/85/631 1203/84/643 1219/108/650 1220/110/652
f 1197/87/630 1196/86/629 1212/109/651 1213/111/653
f 1205/88/632 1204/85/631 1220/110/652 1221/112/654
f 1198/89/633 1197/87/630 1213/111/653 1214/113/655
f 1206/90/634 1205/88/632 1221/112/654 1222/114/656
f 1199/91/635 1198/89/633 1214/113/655 1215/115/657
f 1192/93/636 1207/116/32 1208/101/658
f 1433/117/31 1206/90/634 1222/114/656
f 1200/95/637 1199/91/635 1215/115/657 1216/103/644
f 1193/96/638 1192/93/636 1208/101/658 1209/102/646
f 1221/112/654 1220/110/652 1235/120/659 1236/121/660
f 1214/113/655 1213/111/653 1228/119/661 1229/122/662
f 1222/114/656 1221/112/654 1236/121/660 1237/123/663
f 1215/115/657 1214/113/655 1229/122/662 1230/124/664
f 1208/101/658 1207/125/32 1223/126/665
f 1433/127/31 1222/114/656 1237/123/663
f 1216/103/644 1215/115/657 1230/124/664 1231/128/666
f 1209/102/646 1208/101/658 1223/126/665 1224/129/667
f 1217/104/645 1216/103/644 1231/128/666 1232/130/668
f 1210/105/647 1209/102/646 1224/129/667 1225/131/669
f 1218/106/648 1217/104/645 1232/130/668 1233/132/670
f 1211/107/649 1210/105/647 1225/131/669 1226/133/671
f 1219/108/650 1218/106/648 1233/132/670 1234/134/672
f 1212/109/651 1211/107/649 1226/133/671 1227/118/673
f 1220/110/652 1219/108/650 1234/134/672 1235/120/659
f 1213/111/653 1212/109/651 1227/118/673 1228/119/661
f 1233/132/670 1232/130/668 1247/136/674 1248/139/675
f 1226/133/671 1225/131/669 1240/138/676 1241/140/677
f 1234/134/672 1233/132/670 1248/139/675 1249/141/678
f 1227/118/673 1226/133/671 1241/140/677 1242/142/679
f 1235/120/659 1234/134/672 1249/141/678 1250/143/680
f 1228/119/661 1227/118/673 1242/142/679 1243/144/681
f 1236/121/660 1235/120/659 1250/143/680 1251/145/682
f 1229/122/662 1228/119/661 1243/144/681 1244/146/683
f 1237/123/663 1236/121/660 1251/145/682 1252/147/684
f 1230/124/664 1229/122/662 1244/146/683 1245/148/366
f 1223/126/665 1207/149/32 1238/150/685
f 1433/151/31 1237/123/663 1252/147/684
f 1231/128/666 1230/124/664 1245/148/366 1246/135/686
f 1224/129/667 1223/126/665 1238/150/685 1239/137/687
f 1232/130/668 1231/128/666 1246/135/686 1247/136/674
f 1225/131/669 1224/129/667 1239/137/687 1240/138/676
f 1252/147/684 1251/145/682 1266/153/688 1267/156/689
f 1245/148/366 1244/146/683 1259/155/690 1260/157/691
f 1238/150/685 1207/158/32 1253/159/692
f 1433/160/31 1252/147/684 1267/156/689
f 1246/135/686 1245/148/366 1260/157/691 1261/161/693
f 1239/137/687 1238/150/685 1253/159/692 1254/162/694
f 1247/136/674 1246/135/686 1261/161/693 1262/163/695
f 1240/138/676 1239/137/687 1254/162/694 1255/164/696
f 1248/139/675 1247/136/674 1262/163/695 1263/165/697
f 1241/140/677 1240/138/676 1255/164/696 1256/166/698
f 1249/141/678 1248/139/675 1263/165/697 1264/167/699
f 1242/142/679 1241/140/677 1256/166/698 1257/168/700
f 1250/143/680 1249/141/678 1264/167/699 1265/152/701
f 1243/144/681 1242/142/679 1257/168/700 1258/154/702
f 1251/145/682 1250/143/680 1265/152/701 1266/153/688
f 1244/146/683 1243/144/681 1258/154/702 1259/155/690
f 1256/166/698 1255/164/696 1270/171/703 1271/172/704
f 1264/167/699 1263/165/697 1278/170/705 1279/173/706
f 1257/168/700 1256/166/698 1271/172/704 1272/174/707
f 1265/152/701 1264/167/699 1279/173/706 1280/175/708
f 1258/154/702 1257/168/700 1272/174/707 1273/176/709
f 1266/153/688 1265/152/701 1280/175/708 1281/177/710
f 1259/155/690 1258/154/702 1273/176/709 1274/178/711
f 1267/156/689 1266/153/688 1281/177/710 1282/179/712
f 1260/157/691 1259/155/690 1274/178/711 1275/180/713
f 1253/159/692 1207/181/32 1268/182/714
f 1433/183/31 1267/156/689 1282/179/712
f 1261/161/693 1260/157/691 1275/180/713 1276/184/715
f 1254/162/694 1253/159/692 1268/182/714 1269/185/716
f 1262/163/695 1261/161/693 1276/184/715 1277/169/717
f 1255/164/696 1254/162/694 1269/185/716 1270/171/703
f 1263/165/697 1262/163/695 1277/169/717 1278/170/705
f 1275/180/713 1274/178/711 1289/188/718 1290/189/719
f 1268/182/714 1207/190/32 1283/191/720
f 1433/192/31 1282/179/712 1297/187/721
f 1276/184/715 1275/180/713 1290/189/719 1291/193/722
f 1269/185/716 1268/182/714 1283/191/720 1284/194/723
f 1277/169/717 1276/184/715 1291/193/722 1292/195/724
f 1270/171/703 1269/185/716 1284/194/723 1285/196/725
f 1278/170/705 1277/169/717 1292/195/724 1293/197/726
f 1271/172/704 1270/171/703 1285/196/725 1286/198/727
f 1279/173/706 1278/170/705 1293/197/726 1294/199/728
f 1272/174/707 1271/172/704 1286/198/727 1287/200/729
f 1280/175/708 1279/173/706 1294/199/728 1295/201/730
f 1273/176/709 1272/174/707 1287/200/729 1288/202/731
f 1281/177/710 1280/175/708 1295/201/730 1296/186/732
f 1274/178/711 1273/176/709 1288/202/731 1289/188/718
f 1282/179/712 1281/177/710 1296/186/732 1297/187/721
f 1294/199/728 1293/197/726 1308/205/733 1309/206/734
f 1287/200/729 1286/198/727 1301/204/735 1302/207/736
f 1295/201/730 1294/199/728 1309/206/734 1310/208/737
f 1288/202/731 1287/200/729 1302/207/736 1303/209/738
f 1296/186/732 1295/201/730 1310/208/737 1311/210/739
f 1289/188/718 1288/202/731 1303/209/738 1304/211/740
f 1297/187/721 1296/186/732 1311/210/739 1312/212/741
f 1290/189/719 1289/188/718 1304/211/740 1305/213/742
f 1283/191/720 1207/214/32 1298/215/743
f 1433/216/31 1297/187/721 1312/212/741
f 1291/193/722 1290/189/719 1305/213/742 1306/217/744
f 1284/194/723 1283/191/720 1298/215/743 1299/218/745
f 1292/195/724 1291/193/722 1306/217/744 1307/219/746
f 1285/196/725 1284/194/723 1299/218/745 1300/203/747
f 1293/197/726 1292/195/724 1307/219/746 1308/205/733
f 1286/198/727 1285/196/725 1300/203/747 1301/204/735
f 1298/215/743 1207/222/32 1313/223/748
f 1433/224/31 1312/212/741 1327/225/749
f 1306/217/744 1305/213/742 1320/221/750 1321/226/751
f 1299/218/745 1298/215/743 1313/223/748 1314/227/752
f 1307/219/746 1306/217/744 1321/226/751 1322/228/753
f 1300/203/747 1299/218/745 1314/227/752 1315/229/754
f 1308/205/733 1307/219/746 1322/228/753 1323/230/755
f 1301/204/735 1300/203/747 1315/229/754 1316/231/756
f 1309/206/734 1308/205/733 1323/230/755 1324/232/757
f 1302/207/736 1301/204/735 1316/231/756 1317/233/758
f 1310/208/737 1309/206/734 1324/232/757 1325/234/759
f 1303/209/738 1302/207/736 1317/233/758 1318/235/760
f 1311/210/739 1310/208/737 1325/234/759 1326/236/761
f 1304/211/740 1303/209/738 1318/235/760 1319/220/762
f 1312/212/741 1311/210/739 1326/236/761 1327/225/749
f 1305/213/742 1304/211/740 1319/220/762 1320/221/750
f 1317/233/758 1316/231/756 1331/239/763 1332/240/764
f 1325/234/759 1324/232/757 1339/238/765 1340/241/766
f 1318/235/760 1317/233/758 1332/240/764 1333/242/767
f 1326/236/761 1325/234/759 1340/241/766 1341/243/768
f 1319/220/762 1318/235/760 1333/242/767 1334/244/769
f 1327/225/749 1326/236/761 1341/243/768 1342/245/770
f 1320/221/750 1319/220/762 1334/244/769 1335/246/771
f 1313/223/748 1207/247/32 1328/248/772
f 1433/249/31 1327/225/749 1342/245/770
f 1321/226/751 1320/221/750 1335/246/771 1336/250/773
f 1314/227/752 1313/223/748 1328/248/772 1329/251/774
f 1322/228/753 1321/226/751 1336/250/773 1337/252/775
f 1315/229/754 1314/227/752 1329/251/774 1330/253/776
f 1323/230/755 1322/228/753 1337/252/775 1338/237/777
f 1316/231/756 1315/229/754 1330/253/776 1331/239/763
f 1324/232/757 1323/230/755 1338/237/777 1339/238/765
f 1336/250/773 1335/246/771 1350/258/778 1351/259/779
f 1329/251/774 1328/248/772 1343/255/780 1344/260/781
f 1337/252/775 1336/250/773 1351/259/779 1352/261/782
f 1330/253/776 1329/251/774 1344/260/781 1345/262/783
f 1338/237/777 1337/252/775 1352/261/782 1353/263/784
f 1331/239/763 1330/253/776 1345/262/783 1346/264/785
f 1339/238/765 1338/237/777 1353/263/784 1354/265/786
f 1332/240/764 1331/239/763 1346/264/785 1347/266/787
f 1340/241/766 1339/238/765 1354/265/786 1355/267/788
f 1333/242/767 1332/240/764 1347/266/787 1348/268/789
f 1341/243/768 1340/241/766 1355/267/788 1356/269/790
f 1334/244/769 1333/242/767 1348/268/789 1349/270/791
f 1342/245/770 1341/243/768 1356/269/790 1357/257/792
f 1335/246/771 1334/244/769 1349/270/791 1350/258/778
f 1328/248/772 1207/254/32 1343/255/780
f 1433/256/31 1342/245/770 1357/257/792
f 1355/267/788 1354/265/786 1369/273/793 1370/274/794
f 1348/268/789 1347/266/787 1362/272/795 1363/275/796
f 1356/269/790 1355/267/788 1370/274/794 1371/276/797
f 1349/270/791 1348/268/789 1363/275/796 1364/277/798
f 1357/257/792 1356/269/790 1371/276/797 1372/278/799
f 1350/258/778 1349/270/791 1364/277/798 1365/279/251
f 1343/255/780 1207/280/32 1358/281/800
f 1433/282/31 1357/257/792 1372/278/799
f 1351/259/779 1350/258/778 1365/279/251 1366/283/801
f 1344/260/781 1343/255/780 1358/281/800 1359/284/802
f 1352/261/782 1351/259/779 1366/283/801 1367/285/803
f 1345/262/783 1344/260/781 1359/284/802 1360/286/804
f 1353/263/784 1352/261/782 1367/285/803 1368/287/805
f 1346/264/785 1345/262/783 1360/286/804 1361/271/806
f 1354/265/786 1353/263/784 1368/287/805 1369/273/793
f 1347/266/787 1346/264/785 1361/271/806 1362/272/795
f 1367/285/803 1366/283/801 1381/289/807 1382/292/808
f 1360/286/804 1359/284/802 1374/291/809 1375/293/810
f 1368/287/805 1367/285/803 1382/292/808 1383/294/811
f 1361/271/806 1360/286/804 1375/293/810 1376/295/812
f 1369/273/793 1368/287/805 1383/294/811 1384/296/813
f 1362/272/795 1361/271/806 1376/295/812 1377/297/814
f 1370/274/794 1369/273/793 1384/296/813 1385/298/815
f 1363/275/796 1362/272/795 1377/297/814 1378/299/816
f 1371/276/797 1370/274/794 1385/298/815 1386/300/817
f 1364/277/798 1363/275/796 1378/299/816 1379/301/818
f 1372/278/799 1371/276/797 1386/300/817 1387/302/819
f 1365/279/251 1364/277/798 1379/301/818 1380/288/820
f 1358/281/800 1207/303/32 1373/290/821
f 1433/304/31 1372/278/799 1387/302/819
f 1366/283/801 1365/279/251 1380/288/820 1381/289/807
f 1359/284/802 1358/281/800 1373/290/821 1374/291/809
f 1386/300/817 1385/298/815 1400/306/822 1401/309/823
f 1379/301/818 1378/299/816 1393/308/824 1394/310/825
f 1387/302/819 1386/300/817 1401/309/823 1402/311/826
f 1380/288/820 1379/301/818 1394/310/825 1395/312/827
f 1373/290/821 1207/313/32 1388/314/828
f 1433/315/31 1387/302/819 1402/311/826
f 1381/289/807 1380/288/820 1395/312/827 1396/316/829
f 1374/291/809 1373/290/821 1388/314/828 1389/317/830
f 1382/292/808 1381/289/807 1396/316/829 1397/318/831
f 1375/293/810 1374/291/809 1389/317/830 1390/319/832
f 1383/294/811 1382/292/808 1397/318/831 1398/320/833
f 1376/295/812 1375/293/810 1390/319/832 1391/321/834
f 1384/296/813 1383/294/811 1398/320/833 1399/305/835
f 1377/297/814 1376/295/812 1391/321/834 1392/307/836
f 1385/298/815 1384/296/813 1399/305/835 1400/306/822
f 1378/299/816 1377/297/814 1392/307/836 1393/308/824
f 1390/319/832 1389/317/830 1404/324/837 1405/325/838
f 1398/320/833 1397/318/831 1412/323/839 1413/326/840
f 1391/321/834 1390/319/832 1405/325/838 1406/327/841
f 1399/305/835 1398/320/833 1413/326/840 1414/328/842
f 1392/307/836 1391/321/834 1406/327/841 1407/329/843
f 1400/306/822 1399/305/835 1414/328/842 1415/330/844
f 1393/308/824 1392/307/836 1407/329/843 1408/331/845
f 1401/309/823 1400/306/822 1415/330/844 1416/332/846
f 1394/310/825 1393/308/824 1408/331/845 1409/333/847
f 1402/311/826 1401/309/823 1416/332/846 1417/334/848
f 1395/312/827 1394/310/825 1409/333/847 1410/335/849
f 1388/314/828 1207/336/32 1403/337/850
f 1433/338/31 1402/311/826 1417/334/848
f 1396/316/829 1395/312/827 1410/335/849 1411/322/851
f 1389/317/830 1388/314/828 1403/337/850 1404/324/837
f 1397/318/831 1396/316/829 1411/322/851 1412/323/839
f 1409/333/847 1408/331/845 1423/341/852 1424/342/853
f 1417/334/848 1416/332/846 1431/340/854 1432/343/855
f 1410/335/849 1409/333/847 1424/342/853 1425/344/856
f 1403/337/850 1207/345/32 1418/346/857
f 1433/347/31 1417/334/848 1432/343/855
f 1411/322/851 1410/335/849 1425/344/856 1426/348/858
f 1404/324/837 1403/337/850 1418/346/857 1419/349/859
f 1412/323/839 1411/322/851 1426/348/858 1427/350/860
f 1405/325/838 1404/324/837 1419/349/859 1420/351/861
f 1413/326/840 1412/323/839 1427/350/860 1428/352/862
f 1406/327/841 1405/325/838 1420/351/861 1421/353/863
f 1414/328/842 1413/326/840 1428/352/862 1429/354/864
f 1407/329/843 1406/327/841 1421/353/863 1422/355/865
f 1415/330/844 1414/328/842 1429/354/864 1430/339/866
f 1408/331/845 1407/329/843 1422/355/865 1423/341/852
f 1416/332/846 1415/330/844 1430/339/866 1431/340/854
f 1428/352/862 1427/350/860 1443/358/867 1444/359/868
f 1421/353/863 1420/351/861 1436/357/869 1437/360/870
f 1429/354/864 1428/352/862 1444/359/868 1445/361/871
f 1422/355/865 1421/353/863 1437/360/870 1438/362/872
f 1430/339/866 1429/354/864 1445/361/871 1446/363/873
f 1423/341/852 1422/355/865 1438/362/872 1439/364/874
f 1431/340/854 1430/339/866 1446/363/873 1447/365/875
f 1424/342/853 1423/341/852 1439/364/874 1440/366/876
f 1432/343/855 1431/340/854 1447/365/875 1448/367/877
f 1425/344/856 1424/342/853 1440/366/876 1441/368/878
f 1418/346/857 1207/369/32 1434/370/879
f 1433/371/31 1432/343/855 1448/367/877
f 1426/348/858 1425/344/856 1441/368/878 1442/372/880
f 1419/349/859 1418/346/857 1434/370/879 1435/356/881
f 1427/350/860 1426/348/858 1442/372/880 1443/358/867
f 1420/351/861 1419/349/859 1435/356/881 1436/357/869
f 1448/367/877 1447/365/875 1462/375/882 1463/376/883
f 1441/368/878 1440/366/876 1455/374/884 1456/377/885
f 1434/370/879 1207/378/32 1449/379/886
f 1433/380/31 1448/367/877 1463/376/883
f 1442/372/880 1441/368/878 1456/377/885 1457/381/887
f 1435/356/881 1434/370/879 1449/379/886 1450/382/888
f 1443/358/867 1442/372/880 1457/381/887 1458/383/889
f 1436/357/869 1435/356/881 1450/382/888 1451/384/890
f 1444/359/868 1443/358/867 1458/383/889 1459/385/891
f 1437/360/870 1436/357/869 1451/384/890 1452/386/892
f 1445/361/871 1444/359/868 1459/385/891 1460/387/893
f 1438/362/872 1437/360/870 1452/386/892 1453/388/894
f 1446/363/873 1445/361/871 1460/387/893 1461/389/895
f 1439/364/874 1438/362/872 1453/388/894 1454/373/896
f 1447/365/875 1446/363/873 1461/389/895 1462/375/882
f 1440/366/876 1439/364/874 1454/373/896 1455/374/884
f 1452/386/892 1451/384/890 1466/392/897 1467/393/898
f 1460/387/893 1459/385/891 1474/391/899 1475/394/900
f 1453/388/894 1452/386/892 1467/393/898 1468/395/901
f 1461/389/895 1460/387/893 1475/394/900 1476/396/902
f 1454/373/896 1453/388/894 1468/395/901 1469/397/903
f 1462/375/882 1461/389/895 1476/396/902 1477/398/904
f 1455/374/884 1454/373/896 1469/397/903 1470/399/905
f 1463/376/883 1462/375/882 1477/398/904 1478/400/906
f 1456/377/885 1455/374/884 1470/399/905 1471/401/907
f 1449/379/886 1207/402/32 1464/403/908
f 1433/404/31 1463/376/883 1478/400/906
f 1457/381/887 1456/377/885 1471/401/907 1472/405/909
f 1450/382/888 1449/379/886 1464/403/908 1465/406/910
f 1458/383/889 1457/381/887 1472/405/909 1473/390/911
f 1451/384/890 1450/382/888 1465/406/910 1466/392/897
f 1459/385/891 1458/383/889 1473/390/911 1474/391/899
f 1471/401/907 1470/399/905 1485/409/912 1486/410/136
f 1464/403/908 1207/411/32 1479/412/913
f 1433/413/31 1478/400/906 1493/408/914
f 1472/405/909 1471/401/907 1486/410/136 1487/414/915
f 1465/406/910 1464/403/908 1479/412/913 1480/415/916
f 1473/390/911 1472/405/909 1487/414/915 1488/416/917
f 1466/392/897 1465/406/910 1480/415/916 1481/417/918
f 1474/391/899 1473/390/911 1488/416/917 1489/418/919
f 1467/393/898 1466/392/897 1481/417/918 1482/419/920
f 1475/394/900 1474/391/899 1489/418/919 1490/420/921
f 1468/395/901 1467/393/898 1482/419/920 1483/421/922
f 1476/396/902 1475/394/900 1490/420/921 1491/422/923
f 1469/397/903 1468/395/901 1483/421/922 1484/423/924
f 1477/398/904 1476/396/902 1491/422/923 1492/407/925
f 1470/399/905 1469/397/903 1484/423/924 1485/409/912
f 1478/400/906 1477/398/904 1492/407/925 1493/408/914
f 1490/428/921 1489/429/919 1504/430/926 1505/431/927
f 1483/432/922 1482/424/920 1497/427/928 1498/433/929
f 1491/434/923 1490/428/921 1505/431/927 1506/435/930
f 1484/436/924 1483/432/922 1498/433/929 1499/437/931
f 1492/438/925 1491/434/923 1506/435/930 1507/439/932
f 1485/440/912 1484/436/924 1499/437/931 1500/441/933
f 1493/442/914 1492/438/925 1507/439/932 1508/443/934
f 1486/444/136 1485/440/912 1500/441/933 1501/445/935
f 1479/446/913 1207/447/32 1494/448/936
f 1433/449/31 1493/442/914 1508/443/934
f 1487/450/915 1486/444/136 1501/445/935 1502/451/937
f 1480/452/916 1479/446/913 1494/448/936 1495/453/938
f 1488/454/917 1487/450/915 1502/451/937 1503/455/939
f 1481/425/918 1480/452/916 1495/453/938 1496/426/940
f 1489/429/919 1488/454/917 1503/455/939 1504/430/926
f 1482/424/920 1481/425/918 1496/426/940 1497/427/928
f 1433/460/31 1508/443/934 1523/461/941
f 1502/451/937 1501/445/935 1516/457/942 1517/462/943
f 1495/453/938 1494/448/936 1509/459/944 1510/463/945
f 1503/455/939 1502/451/937 1517/462/943 1518/464/946
f 1496/426/940 1495/453/938 1510/463/945 1511/465/947
f 1504/430/926 1503/455/939 1518/464/946 1519/466/948
f 1497/427/928 1496/426/940 1511/465/947 1512/467/949
f 1505/431/927 1504/430/926 1519/466/948 1520/468/950
f 1498/433/929 1497/427/928 1512/467/949 1513/469/951
f 1506/435/930 1505/431/927 1520/468/950 1521/470/952
f 1499/437/931 1498/433/929 1513/469/951 1514/471/953
f 1507/439/932 1506/435/930 1521/470/952 1522/472/954
f 1500/441/933 1499/437/931 1514/471/953 1515/456/955
f 1508/443/934 1507/439/932 1522/472/954 1523/461/941
f 1501/445/935 1500/441/933 1515/456/955 1516/457/942
f 1494/448/936 1207/458/32 1509/459/944
f 1521/470/952 1520/468/950 1535/474/956 1536/477/957
f 1514/471/953 1513/469/951 1528/476/958 1529/478/959
f 1522/472/954 1521/470/952 1536/477/957 1537/479/960
f 1515/456/955 1514/471/953 1529/478/959 1530/480/961
f 1523/461/941 1522/472/954 1537/479/960 1538/481/962
f 1516/457/942 1515/456/955 1530/480/961 1531/482/963
f 1509/459/944 1207/483/32 1524/484/964
f 1433/485/31 1523/461/941 1538/481/962
f 1517/462/943 1516/457/942 1531/482/963 1532/486/965
f 1510/463/945 1509/459/944 1524/484/964 1525/487/966
f 1518/464/946 1517/462/943 1532/486/965 1533/488/967
f 1511/465/947 1510/463/945 1525/487/966 1526/489/968
f 1519/466/948 1518/464/946 1533/488/967 1534/473/969
f 1512/467/949 1511/465/947 1526/489/968 1527/475/970
f 1520/468/950 1519/466/948 1534/473/969 1535/474/956
f 1513/469/951 1512/467/949 1527/475/970 1528/476/958
f 1525/487/966 1524/484/964 1539/494/971 1540/495/972
f 1533/488/967 1532/486/965 1547/493/973 1548/496/974
f 1526/489/968 1525/487/966 1540/495/972 1541/497/975
f 1534/473/969 1533/488/967 1548/496/974 1549/498/976
f 1527/475/970 1526/489/968 1541/497/975 1542/499/977
f 1535/474/956 1534/473/969 1549/498/976 1550/500/978
f 1528/476/958 1527/475/970 1542/499/977 1543/501/979
f 1536/477/957 1535/474/956 1550/500/978 1551/502/980
f 1529/478/959 1528/476/958 1543/501/979 1544/503/981
f 1537/479/960 1536/477/957 1551/502/980 1552/504/982
f 1530/480/961 1529/478/959 1544/503/981 1545/505/983
f 1538/481/962 1537/479/960 1552/504/982 1553/491/984
f 1531/482/963 1530/480/961 1545/505/983 1546/492/985
f 1524/484/964 1207/506/32 1539/494/971
f 1433/490/31 1538/481/962 1553/491/984
f 1532/486/965 1531/482/963 1546/492/985 1547/493/973
f 1544/503/981 1543/501/979 1558/509/986 1559/510/987
f 1552/504/982 1551/502/980 1566/508/988 1567/511/989
f 1545/505/983 1544/503/981 1559/510/987 1560/512/990
f 1553/491/984 1552/504/982 1567/511/989 1568/513/991
f 1546/492/985 1545/505/983 1560/512/990 1561/514/1033
f 1539/494/971 1207/515/32 1554/516/993
f 1433/517/31 1553/491/984 1568/513/991
f 1547/493/973 1546/492/985 1561/514/1033 1562/518/994
f 1540/495/972 1539/494/971 1554/516/993 1555/519/995
f 1548/496/974 1547/493/973 1562/518/994 1563/520/996
f 1541/497/975 1540/495/972 1555/519/995 1556/521/997
f 1549/498/976 1548/496/974 1563/520/996 1564/522/998
f 1542/499/977 1541/497/975 1556/521/997 1557/523/999
f 1550/500/978 1549/498/976 1564/522/998 1565/507/1000
f 1543/501/979 1542/499/977 1557/523/999 1558/509/986
f 1551/502/980 1550/500/978 1565/507/1000 1566/508/988
f 1563/520/996 1562/518/994 1577/526/1001 1578/527/1002
f 1556/521/997 1555/519/995 1570/525/1003 1571/528/1004
f 1564/522/998 1563/520/996 1578/527/1002 1579/529/1005
f 1557/523/999 1556/521/997 1571/528/1004 1572/530/1006
f 1565/507/1000 1564/522/998 1579/529/1005 1580/531/1007
f 1558/509/986 1557/523/999 1572/530/1006 1573/532/1008
f 1566/508/988 1565/507/1000 1580/531/1007 1581/533/1009
f 1559/510/987 1558/509/986 1573/532/1008 1574/534/1010
f 1567/511/989 1566/508/988 1581/533/1009 1582/535/1011
f 1560/512/990 1559/510/987 1574/534/1010 1575/536/1012
f 1568/513/991 1567/511/989 1582/535/1011 1583/537/1013
f 1561/514/1033 1560/512/990 1575/536/1012 1576/538/1014
f 1554/516/993 1207/539/32 1569/524/1015
f 1433/540/31 1568/513/991 1583/537/1013
f 1562/518/994 1561/514/1033 1576/538/1014 1577/526/1001
f 1555/519/995 1554/516/993 1569/524/1015 1570/525/1003
f 1582/535/1011 1581/533/1009 1596/543/1016 1597/544/1017
f 1575/536/1012 1574/534/1010 1589/542/1018 1590/545/1019
f 1583/537/1013 1582/535/1011 1597/544/1017 1598/546/1020
f 1576/538/1014 1575/536/1012 1590/545/1019 1591/547/1021
f 1569/524/1015 1207/548/32 1584/549/1022
f 1433/550/31 1583/537/1013 1598/546/1020
f 1577/526/1001 1576/538/1014 1591/547/1021 1592/551/1023
f 1570/525/1003 1569/524/1015 1584/549/1022 1585/552/1024
f 1578/527/1002 1577/526/1001 1592/551/1023 1593/553/1025
f 1571/528/1004 1570/525/1003 1585/552/1024 1586/554/1026
f 1579/529/1005 1578/527/1002 1593/553/1025 1594/555/1027
f 1572/530/1006 1571/528/1004 1586/554/1026 1587/556/1028
f 1580/531/1007 1579/529/1005 1594/555/1027 1595/557/1029
f 1573/532/1008 1572/530/1006 1587/556/1028 1588/541/1030
f 1581/533/1009 1580/531/1007 1595/557/1029 1596/543/1016
f 1574/534/1010 1573/532/1008 1588/541/1030 1589/542/1018
f 1586/554/1026 1585/552/1024 1600/1/560 1126/9/559
f 1594/555/1027 1593/553/1025 1603/5/555 1131/11/563
f 1587/556/1028 1586/554/1026 1126/9/559 1601/13/565
f 1595/557/1029 1594/555/1027 1131/11/563 1604/15/567
f 1588/541/1030 1587/556/1028 1601/13/565 1127/17/569
f 1596/543/1016 1595/557/1029 1604/15/567 1605/19/571
f 1589/542/1018 1588/541/1030 1127/17/569 1602/21/573
f 1597/544/1017 1596/543/1016 1605/19/571 1606/23/575
f 1590/545/1019 1589/542/1018 1602/21/573 1128/25/1032
f 1598/546/1020 1597/544/1017 1606/23/575 1607/27/579
f 1591/547/1021 1590/545/1019 1128/25/1032 1129/29/29
f 1584/549/1022 1207/558/32 1599/2/582
f 1433/559/31 1598/546/1020 1607/27/579
f 1592/551/1023 1591/547/1021 1129/29/29 1130/6/1031
f 1585/552/1024 1584/549/1022 1599/2/582 1600/1/560
f 1593/553/1025 1592/551/1023 1130/6/1031 1603/5/555
