# Blender 5.1.1
# www.blender.org
mtllib onil_cuerpo.mtl
o Sphere.003
v -0.000000 -0.195090 -0.980785
v 0.000000 0.000000 -1.000000
v 0.000000 0.195090 -0.980785
v -0.000024 0.789191 -0.257742
v -0.180240 -0.382683 -0.906127
v -0.191342 -0.195090 -0.961940
v -0.195090 0.000000 -0.980785
v -0.191342 0.195090 -0.961940
v -0.180240 0.382683 -0.906127
v -0.050482 0.789641 -0.252793
v -0.353553 -0.382683 -0.853553
v -0.375330 -0.195090 -0.906127
v -0.382683 0.000000 -0.923879
v -0.375330 0.195090 -0.906127
v -0.353553 0.382684 -0.853553
v -0.099033 0.790973 -0.238126
v -0.513280 -0.382683 -0.768178
v -0.544895 -0.195090 -0.815493
v -0.555570 0.000000 -0.831469
v -0.544895 0.195090 -0.815493
v -0.513280 0.382684 -0.768178
v -0.143778 0.793136 -0.214308
v -0.653281 -0.382683 -0.653281
v -0.693520 -0.195090 -0.693520
v -0.707107 0.000000 -0.707107
v -0.693520 0.195090 -0.693520
v -0.653281 0.382684 -0.653281
v -0.183000 0.796048 -0.182253
v -0.768178 -0.382683 -0.513280
v -0.815493 -0.195090 -0.544895
v -0.831470 0.000000 -0.555570
v -0.815493 0.195090 -0.544895
v -0.768178 0.382684 -0.513280
v -0.215183 0.799595 -0.143194
v -0.853553 -0.382683 -0.353553
v -0.906127 -0.195090 -0.375330
v -0.923879 0.000000 -0.382683
v -0.906127 0.195090 -0.375330
v -0.853553 0.382684 -0.353553
v -0.239100 0.803642 -0.098636
v -0.906127 -0.382683 -0.180240
v -0.961940 -0.195090 -0.191342
v -0.980785 0.000000 -0.195090
v -0.961940 0.195090 -0.191342
v -0.906127 0.382684 -0.180240
v -0.253826 0.808033 -0.050284
v -0.923880 -0.382683 -0.000000
v -0.980785 -0.195090 0.000000
v -1.000000 0.000000 0.000000
v -0.980785 0.195090 0.000000
v -0.923879 0.382684 -0.000000
v -0.258799 0.812600 -0.000001
v -0.906127 -0.382683 0.180240
v -0.961940 -0.195090 0.191342
v -0.980785 0.000000 0.195090
v -0.961940 0.195090 0.191342
v -0.906127 0.382684 0.180240
v -0.253827 0.817167 0.050282
v -0.853553 -0.382683 0.353553
v -0.906127 -0.195090 0.375330
v -0.923879 0.000000 0.382683
v -0.906127 0.195090 0.375330
v -0.853553 0.382684 0.353553
v -0.239100 0.821558 0.098632
v -0.768178 -0.382683 0.513280
v -0.815493 -0.195090 0.544895
v -0.831469 0.000000 0.555570
v -0.815493 0.195090 0.544895
v -0.768178 0.382684 0.513280
v -0.215185 0.825605 0.143190
v -0.653281 -0.382683 0.653281
v -0.693520 -0.195090 0.693520
v -0.707106 0.000000 0.707107
v -0.693520 0.195090 0.693520
v -0.653281 0.382684 0.653281
v -0.182997 0.829153 0.182248
v -0.513280 -0.382683 0.768178
v -0.544895 -0.195090 0.815493
v -0.555570 0.000000 0.831469
v -0.544895 0.195090 0.815493
v -0.513280 0.382684 0.768178
v -0.143779 0.832064 0.214303
v -0.353553 -0.382683 0.853553
v -0.375330 -0.195090 0.906127
v -0.382683 0.000000 0.923879
v -0.375330 0.195090 0.906127
v -0.353553 0.382684 0.853553
v -0.099037 0.834227 0.238121
v -0.180240 -0.382683 0.906127
v -0.191342 -0.195090 0.961939
v -0.195090 0.000000 0.980785
v -0.191341 0.195090 0.961939
v -0.180240 0.382683 0.906127
v -0.050487 0.835559 0.252789
v -0.000000 -0.382683 0.923879
v 0.000000 -0.195090 0.980785
v 0.000000 -0.000000 0.999999
v 0.000000 0.195090 0.980785
v 0.000000 0.382683 0.923879
v 0.000002 0.836009 0.257739
v 0.180240 -0.382683 0.906127
v 0.191342 -0.195090 0.961939
v 0.195091 -0.000000 0.980785
v 0.191342 0.195090 0.961939
v 0.180240 0.382683 0.906127
v 0.050492 0.835559 0.252788
v 0.353553 -0.382684 0.853553
v 0.375330 -0.195090 0.906127
v 0.382683 -0.000000 0.923879
v 0.375330 0.195090 0.906127
v 0.353553 0.382683 0.853553
v 0.099041 0.834227 0.238122
v 0.513280 -0.382684 0.768178
v 0.544895 -0.195090 0.815493
v 0.555570 -0.000000 0.831469
v 0.544895 0.195090 0.815493
v 0.513280 0.382683 0.768178
v 0.143781 0.832064 0.214305
v 0.653281 -0.382684 0.653281
v 0.693520 -0.195090 0.693520
v 0.707106 -0.000000 0.707106
v 0.693520 0.195090 0.693520
v 0.653281 0.382683 0.653281
v 0.183000 0.829153 0.182248
v 0.768177 -0.382684 0.513280
v 0.815493 -0.195090 0.544895
v 0.831469 -0.000000 0.555569
v 0.815493 0.195090 0.544895
v 0.768178 0.382683 0.513280
v 0.215187 0.825606 0.143194
v 0.853553 -0.382684 0.353553
v 0.906127 -0.195090 0.375330
v 0.923879 -0.000000 0.382683
v 0.906127 0.195090 0.375330
v 0.853553 0.382683 0.353553
v 0.239100 0.821559 0.098634
v 0.906127 -0.382684 0.180240
v 0.961939 -0.195090 0.191341
v 0.980784 -0.000000 0.195090
v 0.961939 0.195090 0.191341
v 0.906127 0.382683 0.180240
v 0.253829 0.817167 0.050280
v 0.923879 -0.382684 -0.000000
v 0.980785 -0.195090 -0.000000
v 0.999999 -0.000000 -0.000000
v 0.980785 0.195090 -0.000000
v 0.923879 0.382683 -0.000000
v 0.258801 0.812601 0.000003
v 0.906127 -0.382684 -0.180240
v 0.961939 -0.195090 -0.191342
v 0.980784 -0.000000 -0.195091
v 0.961939 0.195090 -0.191342
v 0.906127 0.382683 -0.180240
v 0.253829 0.808034 -0.050278
v 0.853553 -0.382684 -0.353553
v 0.906127 -0.195090 -0.375330
v 0.923878 -0.000000 -0.382683
v 0.906127 0.195090 -0.375330
v 0.853553 0.382683 -0.353553
v 0.239101 0.803642 -0.098630
v 0.768177 -0.382684 -0.513280
v 0.815493 -0.195090 -0.544895
v 0.831468 -0.000000 -0.555570
v 0.815493 0.195090 -0.544895
v 0.768177 0.382683 -0.513280
v 0.215186 0.799596 -0.143187
v 0.653281 -0.382684 -0.653281
v 0.693519 -0.195090 -0.693520
v 0.707106 -0.000000 -0.707106
v 0.693519 0.195090 -0.693520
v 0.653281 0.382683 -0.653281
v 0.183000 0.796048 -0.182245
v 0.513280 -0.382684 -0.768177
v 0.544895 -0.195090 -0.815493
v 0.555569 -0.000000 -0.831469
v 0.544895 0.195090 -0.815493
v 0.513280 0.382683 -0.768177
v 0.143784 0.793137 -0.214298
v 0.353553 -0.382684 -0.853553
v 0.375330 -0.195090 -0.906127
v 0.382683 -0.000000 -0.923879
v 0.375330 0.195090 -0.906127
v 0.353553 0.382683 -0.853553
v 0.099042 0.790974 -0.238113
v 0.180240 -0.382683 -0.906127
v 0.191341 -0.195090 -0.961939
v 0.195090 -0.000000 -0.980784
v 0.191341 0.195090 -0.961939
v 0.180240 0.382683 -0.906127
v 0.050463 0.789641 -0.252789
v -0.000000 -0.382683 -0.923879
v -0.000000 0.382683 -0.923879
v -0.000000 -0.555570 -0.675812
v -0.000000 -0.418807 -0.904571
v -0.000000 -0.545160 -0.740944
v -0.000000 -0.515513 -0.807289
v -0.000000 -0.471144 -0.864747
v -0.131845 -0.555570 -0.662826
v -0.176473 -0.418807 -0.887190
v -0.144551 -0.545160 -0.726707
v -0.157495 -0.515513 -0.791777
v -0.168704 -0.471144 -0.848132
v -0.258622 -0.555570 -0.624368
v -0.346164 -0.418807 -0.835715
v -0.283547 -0.545160 -0.684543
v -0.308936 -0.515513 -0.745838
v -0.330925 -0.471144 -0.798922
v -0.375461 -0.555570 -0.561917
v -0.502553 -0.418807 -0.752123
v -0.411646 -0.545160 -0.616072
v -0.448506 -0.515513 -0.671236
v -0.480428 -0.471144 -0.719011
v -0.477871 -0.555570 -0.477871
v -0.639628 -0.418807 -0.639628
v -0.523926 -0.545160 -0.523926
v -0.570840 -0.515513 -0.570840
v -0.611469 -0.471144 -0.611469
v -0.561917 -0.555570 -0.375461
v -0.752123 -0.418807 -0.502553
v -0.616072 -0.545160 -0.411646
v -0.671237 -0.515513 -0.448506
v -0.719011 -0.471144 -0.480428
v -0.624368 -0.555570 -0.258622
v -0.835715 -0.418807 -0.346164
v -0.684543 -0.545160 -0.283547
v -0.745838 -0.515513 -0.308936
v -0.798923 -0.471144 -0.330925
v -0.662826 -0.555570 -0.131844
v -0.887190 -0.418807 -0.176473
v -0.726707 -0.545160 -0.144551
v -0.791777 -0.515513 -0.157494
v -0.848132 -0.471144 -0.168704
v -0.675811 -0.555570 0.000000
v -0.904571 -0.418807 -0.000000
v -0.740944 -0.545160 0.000000
v -0.807289 -0.515513 0.000000
v -0.864748 -0.471144 0.000000
v -0.662826 -0.555570 0.131844
v -0.887190 -0.418807 0.176473
v -0.726707 -0.545160 0.144551
v -0.791777 -0.515513 0.157494
v -0.848131 -0.471144 0.168704
v -0.624368 -0.555570 0.258622
v -0.835715 -0.418807 0.346164
v -0.684543 -0.545160 0.283547
v -0.745838 -0.515513 0.308936
v -0.798922 -0.471144 0.330925
v -0.561917 -0.555570 0.375461
v -0.752123 -0.418807 0.502553
v -0.616072 -0.545160 0.411646
v -0.671236 -0.515513 0.448506
v -0.719011 -0.471144 0.480428
v -0.477871 -0.555570 0.477871
v -0.639628 -0.418807 0.639628
v -0.523926 -0.545160 0.523926
v -0.570840 -0.515513 0.570840
v -0.611469 -0.471144 0.611469
v -0.375461 -0.555570 0.561917
v -0.502553 -0.418807 0.752123
v -0.411646 -0.545160 0.616072
v -0.448506 -0.515513 0.671236
v -0.480428 -0.471144 0.719011
v -0.258622 -0.555570 0.624368
v -0.346164 -0.418807 0.835714
v -0.283547 -0.545160 0.684543
v -0.308936 -0.515513 0.745838
v -0.330925 -0.471144 0.798922
v -0.131844 -0.555570 0.662826
v -0.176473 -0.418807 0.887190
v -0.144551 -0.545160 0.726707
v -0.157494 -0.515513 0.791777
v -0.168704 -0.471144 0.848131
v -0.000000 -0.555570 0.675811
v -0.000000 -0.418807 0.904571
v -0.000000 -0.545160 0.740944
v -0.000000 -0.515513 0.807289
v -0.000000 -0.471144 0.864747
v 0.131844 -0.555570 0.662826
v 0.176473 -0.418807 0.887190
v 0.144551 -0.545160 0.726707
v 0.157494 -0.515513 0.791777
v 0.168704 -0.471144 0.848131
v 0.258622 -0.555570 0.624368
v 0.346164 -0.418807 0.835714
v 0.283547 -0.545160 0.684543
v 0.308936 -0.515513 0.745838
v 0.330924 -0.471144 0.798922
v 0.375461 -0.555570 0.561916
v 0.502552 -0.418807 0.752123
v 0.411646 -0.545160 0.616072
v 0.448506 -0.515513 0.671236
v 0.480428 -0.471144 0.719011
v 0.477871 -0.555570 0.477871
v 0.639628 -0.418807 0.639628
v 0.523926 -0.545160 0.523926
v 0.570839 -0.515513 0.570839
v 0.611469 -0.471144 0.611469
v 0.561917 -0.555570 0.375460
v 0.752123 -0.418807 0.502553
v 0.616072 -0.545160 0.411646
v 0.671236 -0.515513 0.448506
v 0.719011 -0.471144 0.480428
v 0.624368 -0.555570 0.258622
v 0.835714 -0.418807 0.346164
v 0.684542 -0.545160 0.283547
v 0.745838 -0.515513 0.308936
v 0.798922 -0.471144 0.330924
v 0.662826 -0.555570 0.131844
v 0.887190 -0.418807 0.176473
v 0.726706 -0.545160 0.144551
v 0.791777 -0.515513 0.157494
v 0.848131 -0.471144 0.168704
v 0.675811 -0.555570 -0.000000
v 0.904571 -0.418807 -0.000000
v 0.740943 -0.545160 -0.000000
v 0.807289 -0.515513 -0.000000
v 0.864747 -0.471144 -0.000000
v 0.662826 -0.555570 -0.131844
v 0.887189 -0.418807 -0.176473
v 0.726706 -0.545160 -0.144551
v 0.791777 -0.515513 -0.157494
v 0.848131 -0.471144 -0.168704
v 0.624368 -0.555570 -0.258622
v 0.835714 -0.418807 -0.346164
v 0.684542 -0.545160 -0.283547
v 0.745838 -0.515513 -0.308936
v 0.798922 -0.471144 -0.330925
v 0.561916 -0.555570 -0.375461
v 0.752123 -0.418807 -0.502553
v 0.616072 -0.545160 -0.411646
v 0.671236 -0.515513 -0.448506
v 0.719011 -0.471144 -0.480428
v 0.477870 -0.555570 -0.477871
v 0.639628 -0.418807 -0.639628
v 0.523926 -0.545160 -0.523926
v 0.570839 -0.515513 -0.570839
v 0.611468 -0.471144 -0.611469
v 0.375460 -0.555570 -0.561916
v 0.502552 -0.418807 -0.752123
v 0.411646 -0.545160 -0.616072
v 0.448505 -0.515513 -0.671236
v 0.480428 -0.471144 -0.719011
v 0.258621 -0.555570 -0.624368
v 0.346164 -0.418807 -0.835714
v 0.283546 -0.545160 -0.684542
v 0.308936 -0.515513 -0.745838
v 0.330924 -0.471144 -0.798922
v 0.131844 -0.555570 -0.662826
v 0.176473 -0.418807 -0.887189
v 0.144550 -0.545160 -0.726706
v 0.157494 -0.515513 -0.791777
v 0.168704 -0.471144 -0.848131
v -0.170859 0.472646 -0.858965
v -0.144169 0.574315 -0.724789
v -0.159460 0.536773 -0.801659
v -0.000001 0.574315 -0.738988
v 0.000000 0.472646 -0.875793
v -0.000000 0.536773 -0.817364
v -0.335152 0.472646 -0.809127
v -0.282798 0.574315 -0.682736
v -0.312792 0.536773 -0.755146
v -0.486565 0.472646 -0.728195
v -0.410559 0.574315 -0.614446
v -0.454103 0.536773 -0.679614
v -0.619279 0.472646 -0.619279
v -0.522543 0.574315 -0.522543
v -0.577964 0.536773 -0.577964
v -0.728195 0.472647 -0.486565
v -0.614446 0.574315 -0.410560
v -0.679614 0.536773 -0.454103
v -0.809127 0.472647 -0.335152
v -0.682735 0.574315 -0.282798
v -0.755146 0.536773 -0.312792
v -0.858965 0.472647 -0.170859
v -0.724788 0.574315 -0.144169
v -0.801659 0.536773 -0.159460
v -0.875793 0.472647 0.000000
v -0.738988 0.574315 -0.000000
v -0.817364 0.536773 0.000000
v -0.858965 0.472647 0.170859
v -0.724788 0.574315 0.144169
v -0.801659 0.536773 0.159460
v -0.809127 0.472647 0.335152
v -0.682735 0.574315 0.282798
v -0.755146 0.536773 0.312792
v -0.728195 0.472647 0.486565
v -0.614446 0.574315 0.410559
v -0.679613 0.536773 0.454103
v -0.619279 0.472647 0.619279
v -0.522543 0.574315 0.522543
v -0.577964 0.536773 0.577964
v -0.486565 0.472646 0.728195
v -0.410559 0.574315 0.614446
v -0.454103 0.536773 0.679613
v -0.335151 0.472646 0.809127
v -0.282798 0.574315 0.682736
v -0.312791 0.536773 0.755146
v -0.170859 0.472646 0.858965
v -0.144169 0.574315 0.724788
v -0.159460 0.536773 0.801659
v 0.000000 0.472646 0.875793
v 0.000000 0.574315 0.738988
v 0.000000 0.536773 0.817364
v 0.170859 0.472646 0.858965
v 0.144170 0.574315 0.724788
v 0.159460 0.536773 0.801659
v 0.335152 0.472646 0.809127
v 0.282799 0.574315 0.682735
v 0.312792 0.536773 0.755146
v 0.486565 0.472646 0.728195
v 0.410560 0.574315 0.614446
v 0.454103 0.536773 0.679613
v 0.619279 0.472646 0.619279
v 0.522543 0.574315 0.522543
v 0.577964 0.536773 0.577964
v 0.728195 0.472646 0.486564
v 0.614446 0.574315 0.410559
v 0.679613 0.536773 0.454103
v 0.809127 0.472646 0.335151
v 0.682735 0.574315 0.282798
v 0.755146 0.536773 0.312792
v 0.858965 0.472646 0.170859
v 0.724788 0.574315 0.144169
v 0.801659 0.536773 0.159460
v 0.875793 0.472646 -0.000000
v 0.738988 0.574315 0.000000
v 0.817364 0.536773 -0.000000
v 0.858965 0.472646 -0.170859
v 0.724788 0.574315 -0.144169
v 0.801659 0.536773 -0.159460
v 0.809127 0.472646 -0.335152
v 0.682735 0.574315 -0.282798
v 0.755146 0.536773 -0.312792
v 0.728195 0.472646 -0.486565
v 0.614446 0.574315 -0.410559
v 0.679613 0.536773 -0.454103
v 0.619279 0.472646 -0.619279
v 0.522543 0.574315 -0.522543
v 0.577964 0.536773 -0.577964
v 0.486564 0.472646 -0.728195
v 0.410559 0.574315 -0.614445
v 0.454103 0.536773 -0.679613
v 0.335151 0.472646 -0.809127
v 0.282798 0.574315 -0.682735
v 0.312792 0.536773 -0.755146
v 0.170859 0.472646 -0.858965
v 0.144167 0.574315 -0.724788
v 0.159459 0.536773 -0.801659
v -0.077870 0.695203 -0.391536
v -0.000033 0.695203 -0.399203
v -0.152759 0.695203 -0.368820
v -0.221778 0.695203 -0.331929
v -0.282277 0.695203 -0.282281
v -0.331920 0.695203 -0.221785
v -0.368811 0.695203 -0.152772
v -0.391527 0.695203 -0.077882
v -0.399197 0.695203 -0.000002
v -0.391528 0.695203 0.077879
v -0.368811 0.695203 0.152766
v -0.331922 0.695203 0.221780
v -0.282273 0.695203 0.282274
v -0.221780 0.695203 0.331922
v -0.152765 0.695203 0.368813
v -0.077876 0.695203 0.391531
v 0.000003 0.695203 0.399198
v 0.077882 0.695203 0.391530
v 0.152770 0.695203 0.368814
v 0.221783 0.695202 0.331925
v 0.282277 0.695202 0.282274
v 0.331925 0.695202 0.221785
v 0.368811 0.695202 0.152769
v 0.391530 0.695202 0.077877
v 0.399200 0.695202 0.000004
v 0.391530 0.695202 -0.077874
v 0.368813 0.695202 -0.152764
v 0.331923 0.695202 -0.221776
v 0.282277 0.695202 -0.282270
v 0.221786 0.695202 -0.331915
v 0.152771 0.695203 -0.368802
v 0.077843 0.695203 -0.391531
v -0.032822 0.839003 -0.166195
v -0.000015 0.838226 -0.169331
v -0.064388 0.841306 -0.156901
v -0.093480 0.845044 -0.141807
v -0.118981 0.850076 -0.121494
v -0.139905 0.856207 -0.096743
v -0.155455 0.863201 -0.068507
v -0.165030 0.870791 -0.037867
v -0.168263 0.878684 -0.006002
v -0.165030 0.886577 0.025862
v -0.155455 0.894166 0.056500
v -0.139906 0.901161 0.084736
v -0.118979 0.907292 0.109487
v -0.093480 0.912323 0.129800
v -0.064390 0.916062 0.144894
v -0.032825 0.918364 0.154189
v 0.000001 0.919141 0.157326
v 0.032828 0.918364 0.154188
v 0.064393 0.916062 0.144894
v 0.093482 0.912324 0.129802
v 0.118981 0.907292 0.109487
v 0.139908 0.901161 0.084739
v 0.155455 0.894167 0.056502
v 0.165031 0.886577 0.025860
v 0.168264 0.878685 -0.006000
v 0.165031 0.870792 -0.037863
v 0.155456 0.863202 -0.068503
v 0.139907 0.856208 -0.096739
v 0.118981 0.850077 -0.121489
v 0.093484 0.845046 -0.141801
v 0.064394 0.841308 -0.156892
v 0.032809 0.839004 -0.166193
v -0.016942 0.913847 -0.098464
v -0.000008 0.912981 -0.099889
v -0.033235 0.916415 -0.094241
v -0.048252 0.920584 -0.087382
v -0.061415 0.926196 -0.078152
v -0.072215 0.933033 -0.066905
v -0.080242 0.940833 -0.054075
v -0.085184 0.949297 -0.040153
v -0.086853 0.958099 -0.025674
v -0.085184 0.966902 -0.011195
v -0.080242 0.975366 0.002727
v -0.072216 0.983166 0.015557
v -0.061414 0.990003 0.026804
v -0.048252 0.995614 0.036034
v -0.033236 0.999784 0.042892
v -0.016943 1.002351 0.047116
v 0.000001 1.003218 0.048541
v 0.016945 1.002351 0.047115
v 0.033238 0.999784 0.042892
v 0.048253 0.995615 0.036034
v 0.061415 0.990003 0.026804
v 0.072217 0.983166 0.015558
v 0.080242 0.975366 0.002728
v 0.085185 0.966901 -0.011196
v 0.086853 0.958100 -0.025673
v 0.085185 0.949298 -0.040151
v 0.080242 0.940834 -0.054074
v 0.072216 0.933034 -0.066904
v 0.061415 0.926197 -0.078150
v 0.048254 0.920586 -0.087379
v 0.033238 0.916417 -0.094237
v 0.016935 0.913848 -0.098463
v -0.008702 0.978115 -0.085518
v -0.000004 0.977434 -0.086037
v -0.017070 0.980134 -0.083979
v -0.024783 0.983413 -0.081481
v -0.031543 0.987826 -0.078118
v -0.037091 0.993203 -0.074020
v -0.041213 0.999337 -0.069346
v -0.043752 1.005993 -0.064274
v -0.044609 1.012915 -0.058998
v -0.043752 1.019837 -0.053723
v -0.041213 1.026493 -0.048651
v -0.037091 1.032627 -0.043977
v -0.031543 1.038004 -0.039879
v -0.024783 1.042416 -0.036516
v -0.017071 1.045695 -0.034018
v -0.008702 1.047714 -0.032479
v 0.000000 1.048396 -0.031960
v 0.008703 1.047714 -0.032479
v 0.017072 1.045695 -0.034018
v 0.024783 1.042417 -0.036516
v 0.031544 1.038004 -0.039879
v 0.037092 1.032627 -0.043976
v 0.041213 1.026493 -0.048651
v 0.043752 1.019837 -0.053724
v 0.044609 1.012915 -0.058998
v 0.043752 1.005994 -0.064273
v 0.041214 0.999337 -0.069345
v 0.037091 0.993204 -0.074020
v 0.031544 0.987827 -0.078117
v 0.024784 0.983415 -0.081480
v 0.017072 0.980136 -0.083978
v 0.008698 0.978116 -0.085518
v -0.004683 1.030054 -0.115804
v -0.000002 1.029599 -0.115879
v -0.009186 1.031402 -0.115582
v -0.013337 1.033591 -0.115221
v -0.016975 1.036536 -0.114735
v -0.019960 1.040126 -0.114143
v -0.022179 1.044221 -0.113468
v -0.023545 1.048664 -0.112735
v -0.024006 1.053285 -0.111973
v -0.023545 1.057906 -0.111211
v -0.022179 1.062350 -0.110479
v -0.019960 1.066445 -0.109803
v -0.016975 1.070034 -0.109211
v -0.013337 1.072980 -0.108726
v -0.009187 1.075169 -0.108365
v -0.004683 1.076517 -0.108142
v 0.000000 1.076972 -0.108067
v 0.004684 1.076517 -0.108142
v 0.009187 1.075169 -0.108365
v 0.013337 1.072980 -0.108726
v 0.016975 1.070034 -0.109211
v 0.019961 1.066445 -0.109803
v 0.022179 1.062350 -0.110479
v 0.023545 1.057906 -0.111211
v 0.024006 1.053286 -0.111973
v 0.023545 1.048665 -0.112735
v 0.022179 1.044221 -0.113468
v 0.019961 1.040126 -0.114143
v 0.016975 1.036537 -0.114735
v 0.013337 1.033591 -0.115221
v 0.009187 1.031403 -0.115582
v 0.004681 1.030054 -0.115804
v -0.000000 1.062431 -0.167435
v -0.000000 1.062431 -0.167435
v -0.000000 1.062431 -0.167435
v -0.000000 1.062431 -0.167435
v -0.000000 1.062431 -0.167435
v -0.000000 1.062431 -0.167435
v -0.000000 1.062431 -0.167435
v -0.000000 1.062431 -0.167435
v -0.000000 1.062431 -0.167435
v -0.000000 1.062431 -0.167435
v -0.000000 1.062431 -0.167435
v -0.000000 1.062431 -0.167435
v -0.000000 1.062431 -0.167435
v -0.000000 1.062431 -0.167435
v -0.000000 1.062431 -0.167435
v -0.000000 1.062431 -0.167435
v -0.000000 1.062431 -0.167435
v -0.000000 1.062431 -0.167435
v -0.000000 1.062431 -0.167435
v -0.000000 1.062431 -0.167435
v -0.000000 1.062431 -0.167435
v -0.000000 1.062431 -0.167435
v -0.000000 1.062431 -0.167435
v -0.000000 1.062431 -0.167435
v -0.000000 1.062431 -0.167435
v -0.000000 1.062431 -0.167435
v -0.000000 1.062431 -0.167435
v -0.000000 1.062431 -0.167435
v -0.000000 1.062431 -0.167435
v -0.000000 1.062431 -0.167435
v -0.000000 1.062431 -0.167435
v -0.000000 1.062431 -0.167435
vn -0.1657 0.8951 -0.4140
vn -0.0838 0.8965 -0.4351
vn -0.0755 0.9221 -0.3795
vn -0.1481 0.9221 -0.3575
vn 0.1804 -0.3805 -0.9070
vn 0.1645 -0.5379 -0.8268
vn -0.0000 -0.5379 -0.8430
vn -0.0000 -0.3805 -0.9248
vn -0.0000 -0.1939 -0.9810
vn -0.1804 -0.3805 -0.9070
vn -0.1914 -0.1939 -0.9622
vn -0.0000 -0.0000 -1.0000
vn -0.1951 -0.0000 -0.9808
vn -0.0000 0.1939 -0.9810
vn -0.1914 0.1939 -0.9622
vn -0.0000 0.3805 -0.9248
vn -0.1804 0.3805 -0.9070
vn -0.3754 0.1939 -0.9063
vn -0.3539 0.3805 -0.8544
vn -0.0000 0.5733 -0.8194
vn -0.1598 0.5733 -0.8036
vn -0.3539 -0.3805 -0.8544
vn -0.3226 -0.5379 -0.7788
vn -0.4683 -0.5379 -0.7009
vn -0.5138 -0.3805 -0.7689
vn -0.3754 -0.1939 -0.9063
vn -0.3827 -0.0000 -0.9239
vn -0.5450 -0.1939 -0.8157
vn -0.5556 -0.0000 -0.8315
vn -0.5450 0.1939 -0.8157
vn -0.5138 0.3805 -0.7689
vn -0.2439 0.8928 -0.3788
vn -0.2150 0.9221 -0.3217
vn -0.5961 -0.5379 -0.5961
vn -0.6539 -0.3805 -0.6539
vn -0.3160 0.8897 -0.3296
vn -0.2736 0.9221 -0.2736
vn -0.7009 -0.5379 -0.4683
vn -0.7689 -0.3805 -0.5138
vn -0.6937 -0.1939 -0.6937
vn -0.7071 -0.0000 -0.7071
vn -0.6937 0.1939 -0.6937
vn -0.6539 0.3805 -0.6539
vn -0.8157 -0.1939 -0.5450
vn -0.8315 -0.0000 -0.5556
vn -0.8157 0.1939 -0.5450
vn -0.7689 0.3805 -0.5138
vn -0.3793 0.8860 -0.2668
vn -0.3217 0.9221 -0.2150
vn -0.7788 -0.5379 -0.3226
vn -0.8544 -0.3805 -0.3539
vn -0.4308 0.8818 -0.1917
vn -0.3575 0.9221 -0.1481
vn -0.8268 -0.5379 -0.1645
vn -0.9070 -0.3805 -0.1804
vn -0.9063 -0.1939 -0.3754
vn -0.9239 -0.0000 -0.3827
vn -0.9063 0.1939 -0.3754
vn -0.8544 0.3805 -0.3539
vn -0.9622 -0.1939 -0.1914
vn -0.9808 -0.0000 -0.1951
vn -0.9622 0.1939 -0.1914
vn -0.9070 0.3805 -0.1804
vn -0.4678 0.8774 -0.1060
vn -0.3795 0.9221 -0.0755
vn -0.8430 -0.5379 -0.0000
vn -0.9248 -0.3805 -0.0000
vn -0.8268 -0.5379 0.1645
vn -0.9070 -0.3805 0.1804
vn -0.9810 -0.1939 -0.0000
vn -1.0000 -0.0000 -0.0000
vn -0.9810 0.1939 -0.0000
vn -0.9248 0.3805 -0.0000
vn -0.4876 0.8730 -0.0127
vn -0.3869 0.9221 -0.0000
vn -0.9808 -0.0000 0.1951
vn -0.9622 0.1939 0.1914
vn -0.9070 0.3805 0.1804
vn -0.4881 0.8687 0.0847
vn -0.3795 0.9221 0.0755
vn -0.7788 -0.5379 0.3226
vn -0.8544 -0.3805 0.3539
vn -0.9622 -0.1939 0.1914
vn -0.7009 -0.5379 0.4683
vn -0.7689 -0.3805 0.5138
vn -0.9063 -0.1939 0.3754
vn -0.9239 -0.0000 0.3827
vn -0.9063 0.1939 0.3754
vn -0.8544 0.3805 0.3539
vn -0.4683 0.8646 0.1819
vn -0.3575 0.9221 0.1481
vn -0.8315 -0.0000 0.5556
vn -0.8157 0.1939 0.5450
vn -0.7689 0.3805 0.5138
vn -0.4282 0.8610 0.2743
vn -0.3217 0.9221 0.2150
vn -0.5961 -0.5379 0.5961
vn -0.6539 -0.3805 0.6539
vn -0.8157 -0.1939 0.5450
vn -0.4683 -0.5379 0.7009
vn -0.5138 -0.3805 0.7689
vn -0.6937 -0.1939 0.6937
vn -0.7071 -0.0000 0.7071
vn -0.6937 0.1939 0.6937
vn -0.6539 0.3805 0.6539
vn -0.3690 0.8580 0.3573
vn -0.2736 0.9221 0.2736
vn -0.5450 0.1939 0.8157
vn -0.5138 0.3805 0.7689
vn -0.2929 0.8556 0.4269
vn -0.2150 0.9221 0.3217
vn -0.3226 -0.5379 0.7788
vn -0.3539 -0.3805 0.8544
vn -0.5450 -0.1939 0.8157
vn -0.5556 -0.0000 0.8315
vn -0.1645 -0.5379 0.8268
vn -0.1804 -0.3805 0.9070
vn -0.3754 -0.1939 0.9063
vn -0.3827 -0.0000 0.9239
vn -0.3754 0.1939 0.9063
vn -0.3539 0.3805 0.8544
vn -0.2032 0.8538 0.4793
vn -0.1481 0.9221 0.3575
vn -0.1914 0.1939 0.9622
vn -0.1804 0.3805 0.9070
vn -0.1041 0.8527 0.5119
vn -0.0755 0.9221 0.3795
vn -0.0000 -0.5379 0.8430
vn -0.0000 -0.3805 0.9248
vn -0.1914 -0.1939 0.9622
vn -0.1951 -0.0000 0.9808
vn -0.0000 -0.1939 0.9810
vn -0.0000 -0.0000 1.0000
vn -0.0000 0.1939 0.9810
vn -0.0000 0.3805 0.9248
vn -0.0000 0.8524 0.5230
vn -0.0000 0.9221 0.3869
vn 0.1645 -0.5379 0.8268
vn 0.1804 -0.3805 0.9070
vn 0.1041 0.8527 0.5119
vn 0.0755 0.9221 0.3795
vn 0.3226 -0.5379 0.7788
vn 0.3539 -0.3805 0.8544
vn 0.1914 -0.1939 0.9622
vn 0.1951 -0.0000 0.9808
vn 0.1914 0.1939 0.9622
vn 0.1804 0.3805 0.9070
vn 0.3754 -0.1939 0.9063
vn 0.3827 -0.0000 0.9239
vn 0.3754 0.1939 0.9063
vn 0.3539 0.3805 0.8544
vn 0.2032 0.8538 0.4793
vn 0.1481 0.9221 0.3575
vn 0.4683 -0.5379 0.7009
vn 0.5138 -0.3805 0.7689
vn 0.5961 -0.5379 0.5961
vn 0.6539 -0.3805 0.6539
vn 0.5450 -0.1939 0.8157
vn 0.5556 -0.0000 0.8315
vn 0.5450 0.1939 0.8157
vn 0.5138 0.3805 0.7689
vn 0.2929 0.8556 0.4269
vn 0.2150 0.9221 0.3217
vn 0.6937 -0.1939 0.6937
vn 0.7071 -0.0000 0.7071
vn 0.6937 0.1939 0.6937
vn 0.6539 0.3805 0.6539
vn 0.3690 0.8580 0.3573
vn 0.2736 0.9221 0.2736
vn 0.7009 -0.5379 0.4683
vn 0.7689 -0.3805 0.5138
vn 0.7788 -0.5379 0.3226
vn 0.8544 -0.3805 0.3539
vn 0.8157 -0.1939 0.5450
vn 0.8315 -0.0000 0.5556
vn 0.8157 0.1939 0.5450
vn 0.7689 0.3805 0.5138
vn 0.4282 0.8610 0.2743
vn 0.3217 0.9221 0.2150
vn 0.9239 -0.0000 0.3827
vn 0.9063 0.1939 0.3754
vn 0.8544 0.3805 0.3539
vn 0.4683 0.8646 0.1819
vn 0.3575 0.9221 0.1481
vn 0.8268 -0.5379 0.1645
vn 0.9070 -0.3805 0.1804
vn 0.9063 -0.1939 0.3754
vn 0.8430 -0.5379 -0.0000
vn 0.9248 -0.3805 -0.0000
vn 0.9622 -0.1939 0.1914
vn 0.9808 -0.0000 0.1951
vn 0.9622 0.1939 0.1914
vn 0.9070 0.3805 0.1804
vn 0.4881 0.8687 0.0847
vn 0.3795 0.9221 0.0755
vn 1.0000 -0.0000 -0.0000
vn 0.9810 0.1939 -0.0000
vn 0.9248 0.3805 -0.0000
vn 0.4876 0.8730 -0.0127
vn 0.3869 0.9221 -0.0000
vn 0.8268 -0.5379 -0.1645
vn 0.9070 -0.3805 -0.1804
vn 0.9810 -0.1939 -0.0000
vn 0.7788 -0.5379 -0.3226
vn 0.8544 -0.3805 -0.3539
vn 0.9622 -0.1939 -0.1914
vn 0.9808 -0.0000 -0.1951
vn 0.9622 0.1939 -0.1914
vn 0.9070 0.3805 -0.1804
vn 0.4678 0.8774 -0.1060
vn 0.3795 0.9221 -0.0755
vn 0.9063 0.1939 -0.3754
vn 0.8544 0.3805 -0.3539
vn 0.4308 0.8818 -0.1917
vn 0.3575 0.9221 -0.1481
vn 0.7009 -0.5379 -0.4683
vn 0.7689 -0.3805 -0.5138
vn 0.9063 -0.1939 -0.3754
vn 0.9239 -0.0000 -0.3827
vn 0.8157 -0.1939 -0.5450
vn 0.8315 -0.0000 -0.5556
vn 0.8157 0.1939 -0.5450
vn 0.7689 0.3805 -0.5138
vn 0.3793 0.8860 -0.2668
vn 0.3217 0.9221 -0.2150
vn 0.5961 -0.5379 -0.5961
vn 0.6539 -0.3805 -0.6539
vn 0.3160 0.8897 -0.3296
vn 0.2736 0.9221 -0.2736
vn 0.4683 -0.5379 -0.7009
vn 0.5138 -0.3805 -0.7689
vn 0.6937 -0.1939 -0.6937
vn 0.7071 -0.0000 -0.7071
vn 0.6937 0.1939 -0.6937
vn 0.6539 0.3805 -0.6539
vn 0.5450 -0.1939 -0.8157
vn 0.5556 -0.0000 -0.8315
vn 0.5450 0.1939 -0.8157
vn 0.5138 0.3805 -0.7689
vn 0.2439 0.8928 -0.3788
vn 0.2150 0.9221 -0.3217
vn 0.3226 -0.5379 -0.7788
vn 0.3539 -0.3805 -0.8544
vn 0.1657 0.8951 -0.4140
vn 0.1481 0.9221 -0.3575
vn 0.3754 -0.1939 -0.9063
vn 0.3827 -0.0000 -0.9239
vn 0.3754 0.1939 -0.9063
vn 0.3539 0.3805 -0.8544
vn 0.1914 -0.1939 -0.9622
vn 0.1951 -0.0000 -0.9808
vn 0.1914 0.1939 -0.9622
vn 0.1804 0.3805 -0.9070
vn 0.0838 0.8965 -0.4351
vn 0.0755 0.9221 -0.3795
vn -0.1645 -0.5379 -0.8268
vn -0.3546 0.8300 -0.4305
vn -0.4398 0.8190 -0.3684
vn -0.4404 0.7560 -0.4842
vn -0.3470 0.7659 -0.5413
vn -0.0000 0.8970 -0.4421
vn -0.0000 0.9221 -0.3869
vn -0.0000 -0.7005 -0.7136
vn -0.1392 -0.7005 -0.6999
vn -0.0000 -0.8550 -0.5186
vn -0.1012 -0.8550 -0.5086
vn -0.0000 -0.9562 -0.2928
vn -0.0571 -0.9562 -0.2872
vn -0.0000 -0.9965 -0.0841
vn -0.0164 -0.9965 -0.0825
vn -0.2731 -0.7005 -0.6593
vn -0.1985 -0.8550 -0.4791
vn -0.1120 -0.9562 -0.2705
vn -0.0322 -0.9965 -0.0777
vn -0.3965 -0.7005 -0.5934
vn -0.2881 -0.8550 -0.4312
vn -0.1627 -0.9562 -0.2435
vn -0.0467 -0.9965 -0.0699
vn -0.5046 -0.7005 -0.5046
vn -0.3667 -0.8550 -0.3667
vn -0.2070 -0.9562 -0.2070
vn -0.0595 -0.9965 -0.0595
vn -0.5934 -0.7005 -0.3965
vn -0.4312 -0.8550 -0.2881
vn -0.2435 -0.9562 -0.1627
vn -0.0699 -0.9965 -0.0467
vn -0.6593 -0.7005 -0.2731
vn -0.4791 -0.8550 -0.1985
vn -0.2705 -0.9562 -0.1120
vn -0.0777 -0.9965 -0.0322
vn -0.6999 -0.7005 -0.1392
vn -0.5086 -0.8550 -0.1012
vn -0.2872 -0.9562 -0.0571
vn -0.0825 -0.9965 -0.0164
vn -0.7136 -0.7005 -0.0000
vn -0.5186 -0.8550 -0.0000
vn -0.2928 -0.9562 -0.0000
vn -0.0841 -0.9965 -0.0000
vn -0.6999 -0.7005 0.1392
vn -0.5086 -0.8550 0.1012
vn -0.2872 -0.9562 0.0571
vn -0.0825 -0.9965 0.0164
vn -0.6593 -0.7005 0.2731
vn -0.4791 -0.8550 0.1985
vn -0.2705 -0.9562 0.1120
vn -0.0777 -0.9965 0.0322
vn -0.5934 -0.7005 0.3965
vn -0.4312 -0.8550 0.2881
vn -0.2435 -0.9562 0.1627
vn -0.0699 -0.9965 0.0467
vn -0.0595 -0.9965 0.0595
vn -0.2070 -0.9562 0.2070
vn -0.3667 -0.8550 0.3667
vn -0.5046 -0.7005 0.5046
vn -0.3965 -0.7005 0.5934
vn -0.2881 -0.8550 0.4312
vn -0.1627 -0.9562 0.2435
vn -0.0467 -0.9965 0.0699
vn -0.0322 -0.9965 0.0777
vn -0.1120 -0.9562 0.2705
vn -0.1985 -0.8550 0.4791
vn -0.2731 -0.7005 0.6593
vn -0.1392 -0.7005 0.6999
vn -0.1012 -0.8550 0.5086
vn -0.0571 -0.9562 0.2872
vn -0.0164 -0.9965 0.0825
vn -0.0000 -0.7005 0.7136
vn -0.0000 -0.8550 0.5186
vn -0.0000 -0.9562 0.2928
vn -0.0000 -0.9965 0.0841
vn 0.1392 -0.7005 0.6999
vn 0.1012 -0.8550 0.5086
vn 0.0571 -0.9562 0.2872
vn 0.0164 -0.9965 0.0825
vn 0.2731 -0.7005 0.6593
vn 0.1985 -0.8550 0.4791
vn 0.1120 -0.9562 0.2705
vn 0.0322 -0.9965 0.0777
vn 0.3965 -0.7005 0.5934
vn 0.2881 -0.8550 0.4312
vn 0.1627 -0.9562 0.2435
vn 0.0467 -0.9965 0.0699
vn 0.5046 -0.7005 0.5046
vn 0.3667 -0.8550 0.3667
vn 0.2070 -0.9562 0.2070
vn 0.0595 -0.9965 0.0595
vn 0.5934 -0.7005 0.3965
vn 0.4312 -0.8550 0.2881
vn 0.2434 -0.9562 0.1627
vn 0.0699 -0.9965 0.0467
vn 0.6593 -0.7005 0.2731
vn 0.4791 -0.8550 0.1985
vn 0.2705 -0.9562 0.1120
vn 0.0777 -0.9965 0.0322
vn 0.6999 -0.7005 0.1392
vn 0.5086 -0.8550 0.1012
vn 0.2872 -0.9562 0.0571
vn 0.0825 -0.9965 0.0164
vn 0.7136 -0.7005 -0.0000
vn 0.5186 -0.8550 -0.0000
vn 0.2928 -0.9562 -0.0000
vn 0.0841 -0.9965 -0.0000
vn 0.0825 -0.9965 -0.0164
vn 0.2872 -0.9562 -0.0571
vn 0.5086 -0.8550 -0.1012
vn 0.6999 -0.7005 -0.1392
vn 0.6593 -0.7005 -0.2731
vn 0.4791 -0.8550 -0.1985
vn 0.2705 -0.9562 -0.1120
vn 0.0777 -0.9965 -0.0322
vn 0.5934 -0.7005 -0.3965
vn 0.4312 -0.8550 -0.2881
vn 0.2434 -0.9562 -0.1627
vn 0.0699 -0.9965 -0.0467
vn 0.5046 -0.7005 -0.5046
vn 0.3667 -0.8550 -0.3667
vn 0.2070 -0.9562 -0.2070
vn 0.0595 -0.9965 -0.0595
vn 0.3965 -0.7005 -0.5934
vn 0.2881 -0.8550 -0.4312
vn 0.1627 -0.9562 -0.2434
vn 0.0467 -0.9965 -0.0699
vn 0.2731 -0.7005 -0.6593
vn 0.1985 -0.8550 -0.4791
vn 0.1120 -0.9562 -0.2705
vn 0.0322 -0.9965 -0.0777
vn 0.1392 -0.7005 -0.6999
vn 0.1012 -0.8550 -0.5086
vn 0.0571 -0.9562 -0.2872
vn 0.0164 -0.9965 -0.0825
vn 0.1599 0.5733 -0.8036
vn -0.4552 0.5733 -0.6813
vn -0.5794 0.5733 -0.5794
vn -0.6813 0.5733 -0.4552
vn -0.7570 0.5733 -0.3136
vn -0.8036 0.5733 -0.1598
vn -0.8194 0.5733 -0.0000
vn -0.8036 0.5733 0.1598
vn -0.7570 0.5733 0.3136
vn -0.6813 0.5733 0.4552
vn -0.5794 0.5733 0.5794
vn -0.4552 0.5733 0.6813
vn -0.3136 0.5733 0.7570
vn -0.1598 0.5733 0.8036
vn -0.0000 0.5733 0.8194
vn 0.1599 0.5733 0.8036
vn 0.3136 0.5733 0.7570
vn 0.4552 0.5733 0.6813
vn 0.5794 0.5733 0.5794
vn 0.6813 0.5733 0.4552
vn 0.7570 0.5733 0.3136
vn 0.8036 0.5733 0.1598
vn 0.8194 0.5733 -0.0000
vn 0.8036 0.5733 -0.1599
vn 0.7570 0.5733 -0.3136
vn 0.6813 0.5733 -0.4552
vn 0.5794 0.5733 -0.5794
vn 0.4552 0.5733 -0.6813
vn 0.3136 0.5733 -0.7570
vn -0.3136 0.5733 -0.7570
vn -0.0000 0.7968 -0.6042
vn -0.1179 0.7968 -0.5926
vn -0.2312 0.7968 -0.5582
vn -0.3357 0.7968 -0.5024
vn -0.4272 0.7968 -0.4272
vn -0.5024 0.7968 -0.3357
vn -0.5582 0.7968 -0.2312
vn -0.5926 0.7968 -0.1179
vn -0.6042 0.7968 -0.0000
vn -0.5926 0.7968 0.1179
vn -0.5582 0.7968 0.2312
vn -0.5024 0.7968 0.3357
vn -0.4272 0.7968 0.4272
vn -0.3357 0.7968 0.5024
vn -0.2312 0.7968 0.5582
vn -0.1179 0.7968 0.5926
vn -0.0000 0.7968 0.6042
vn 0.1179 0.7968 0.5926
vn 0.2312 0.7968 0.5582
vn 0.3357 0.7968 0.5024
vn 0.4272 0.7968 0.4272
vn 0.5024 0.7968 0.3357
vn 0.5582 0.7968 0.2312
vn 0.5926 0.7968 0.1179
vn 0.6042 0.7968 -0.0000
vn 0.5926 0.7968 -0.1179
vn 0.5582 0.7968 -0.2312
vn 0.5024 0.7968 -0.3357
vn 0.4272 0.7968 -0.4272
vn 0.3357 0.7968 -0.5024
vn 0.2312 0.7968 -0.5582
vn 0.1179 0.7968 -0.5926
vn -0.0875 0.8507 -0.5183
vn -0.0000 0.8522 -0.5233
vn -0.1760 0.8463 -0.5028
vn -0.2655 0.8393 -0.4744
vn -0.5161 0.8071 -0.2868
vn -0.5776 0.7948 -0.1861
vn -0.6181 0.7830 -0.0694
vn -0.6326 0.7723 0.0582
vn -0.6179 0.7630 0.1900
vn -0.5728 0.7553 0.3183
vn -0.4987 0.7494 0.4355
vn -0.3989 0.7450 0.5347
vn -0.2781 0.7420 0.6099
vn -0.1428 0.7403 0.6569
vn -0.0000 0.7398 0.6728
vn 0.1428 0.7403 0.6569
vn 0.2781 0.7420 0.6099
vn 0.3989 0.7450 0.5347
vn 0.4987 0.7494 0.4355
vn 0.5728 0.7554 0.3183
vn 0.6179 0.7630 0.1899
vn 0.6326 0.7723 0.0582
vn 0.6181 0.7830 -0.0694
vn 0.5776 0.7948 -0.1861
vn 0.5162 0.8071 -0.2868
vn 0.4398 0.8190 -0.3684
vn 0.3546 0.8300 -0.4305
vn 0.2656 0.8393 -0.4744
vn 0.1760 0.8463 -0.5028
vn 0.0875 0.8507 -0.5183
vn -0.6499 0.7396 -0.1751
vn -0.6705 0.7410 -0.0375
vn -0.7864 0.6036 -0.1315
vn -0.7765 0.5610 -0.2869
vn -0.0000 0.7911 -0.6117
vn 0.0808 0.7892 -0.6088
vn 0.4260 0.7688 0.4770
vn 0.2969 0.7754 0.5573
vn -0.5275 0.7476 -0.4035
vn 0.5327 0.7608 0.3707
vn -0.6001 0.7418 -0.2993
vn 0.6114 0.7527 0.2443
vn 0.6579 0.7457 0.1053
vn 0.6705 0.7410 -0.0374
vn -0.6579 0.7457 0.1054
vn 0.6499 0.7396 -0.1751
vn -0.6114 0.7527 0.2443
vn 0.6001 0.7418 -0.2993
vn -0.5327 0.7608 0.3707
vn 0.5276 0.7476 -0.4035
vn -0.4260 0.7688 0.4770
vn 0.4404 0.7560 -0.4842
vn -0.2969 0.7754 0.5573
vn -0.0808 0.7892 -0.6088
vn 0.3470 0.7659 -0.5414
vn -0.1524 0.7798 0.6072
vn -0.1648 0.7838 -0.5988
vn 0.2538 0.7756 -0.5780
vn -0.0000 0.7813 0.6241
vn -0.2538 0.7756 -0.5780
vn 0.1648 0.7838 -0.5988
vn 0.1524 0.7798 0.6072
vn -0.6964 0.6973 0.1698
vn -0.6004 0.7415 0.2996
vn -0.6572 0.7220 0.2162
vn -0.7709 0.6279 0.1072
vn 0.7864 0.6036 -0.1315
vn 0.7595 0.6501 0.0235
vn -0.7595 0.6501 0.0236
vn 0.7765 0.5610 -0.2869
vn 0.7320 0.5254 -0.4338
vn 0.6579 0.4986 -0.5644
vn -0.4762 0.7795 0.4069
vn 0.5620 0.4811 -0.6728
vn -0.3301 0.8087 0.4868
vn -0.0917 0.6766 -0.7306
vn -0.0000 0.6784 -0.7347
vn 0.4527 0.4720 -0.7565
vn -0.1688 0.8271 0.5361
vn -0.2231 0.4697 -0.8542
vn 0.3380 0.4691 -0.8159
vn -0.0000 0.8333 0.5528
vn -0.3380 0.4691 -0.8159
vn 0.2231 0.4697 -0.8542
vn 0.1688 0.8271 0.5361
vn -0.4527 0.4720 -0.7565
vn 0.0917 0.6766 -0.7307
vn 0.3300 0.8087 0.4868
vn -0.5620 0.4811 -0.6728
vn 0.4762 0.7795 0.4069
vn -0.6579 0.4986 -0.5644
vn 0.6004 0.7415 0.2996
vn -0.7320 0.5254 -0.4338
vn 0.6964 0.6973 0.1698
vn -0.3562 0.8583 0.3693
vn -0.1816 0.8943 0.4089
vn -0.1833 0.9220 0.3411
vn -0.3609 0.8795 0.3103
vn 0.8064 0.0977 -0.5832
vn 0.8739 0.1923 -0.4465
vn -0.5169 0.8000 0.3045
vn 0.6207 0.2716 -0.7355
vn -0.0000 0.2076 -0.9782
vn -0.1233 0.2087 -0.9702
vn -0.1256 0.2088 -0.9699
vn 0.5045 0.2415 -0.8290
vn -0.2523 0.2131 -0.9439
vn 0.3797 0.2229 -0.8978
vn -0.0000 0.9065 0.4222
vn -0.3797 0.2230 -0.8978
vn 0.2524 0.2131 -0.9439
vn 0.1816 0.8943 0.4089
vn -0.5045 0.2415 -0.8290
vn 0.1233 0.2087 -0.9702
vn 0.1256 0.2087 -0.9699
vn 0.3562 0.8583 0.3693
vn -0.6207 0.2716 -0.7355
vn 0.5169 0.8000 0.3045
vn -0.8064 0.0977 -0.5832
vn 0.6572 0.7220 0.2162
vn -0.8739 0.1924 -0.4465
vn 0.7709 0.6279 0.1072
vn -0.9054 0.2984 -0.3022
vn 0.8527 0.5221 -0.0189
vn -0.8983 0.4103 -0.1574
vn 0.8983 0.4103 -0.1574
vn -0.8526 0.5222 -0.0189
vn 0.9054 0.2984 -0.3022
vn 0.6812 0.7307 -0.0454
vn 0.7971 0.5951 -0.1019
vn 0.7647 0.5680 -0.3044
vn 0.6566 0.6993 -0.2827
vn -0.1607 -0.4891 -0.8573
vn -0.3194 -0.4622 -0.8273
vn -0.3480 -0.6266 -0.6974
vn -0.1770 -0.6697 -0.7213
vn 0.6173 -0.3467 -0.7062
vn 0.4732 -0.4154 -0.7769
vn 0.5071 -0.5560 -0.6585
vn 0.6486 -0.4598 -0.6065
vn -0.0000 0.9362 0.3514
vn -0.4732 -0.4154 -0.7769
vn -0.5071 -0.5560 -0.6586
vn 0.3194 -0.4622 -0.8273
vn 0.3480 -0.6266 -0.6973
vn 0.1833 0.9220 0.3411
vn -0.6173 -0.3467 -0.7062
vn -0.6487 -0.4598 -0.6065
vn 0.1607 -0.4891 -0.8573
vn 0.1770 -0.6697 -0.7213
vn 0.3608 0.8795 0.3103
vn -0.7451 -0.2550 -0.6163
vn -0.7673 -0.3406 -0.5433
vn -0.0000 -0.4978 -0.8673
vn -0.0000 -0.6841 -0.7293
vn 0.5374 0.8433 0.0003
vn -0.8582 -0.2021 -0.4719
vn -0.9173 -0.0487 -0.3953
vn -0.9416 0.1141 -0.3169
vn 0.8809 0.4427 -0.1674
vn -0.9295 0.2802 -0.2400
vn 0.9295 0.2802 -0.2400
vn -0.8809 0.4428 -0.1674
vn 0.9416 0.1142 -0.3169
vn -0.7971 0.5951 -0.1019
vn 0.9173 -0.0487 -0.3953
vn -0.6812 0.7307 -0.0454
vn 0.8582 -0.2021 -0.4719
vn -0.5374 0.8433 0.0003
vn 0.7450 -0.2550 -0.6163
vn 0.7673 -0.3407 -0.5434
vn -0.0000 -1.0000 -0.0000
vn -0.9196 0.0639 -0.3875
vn -0.9020 -0.1131 -0.4167
vn 0.8497 0.4111 -0.3303
vn -0.9020 0.2409 -0.3583
vn 0.9020 0.2409 -0.3583
vn -0.8496 0.4111 -0.3303
vn 0.9196 0.0639 -0.3875
vn -0.7647 0.5680 -0.3044
vn 0.9020 -0.1131 -0.4167
vn -0.6450 0.7107 -0.2808
vn 0.8496 -0.2833 -0.4448
vn -0.5052 0.8221 -0.2625
vn 0.7646 -0.4402 -0.4707
vn -0.3519 0.9022 -0.2493
vn -0.3561 0.9005 -0.2496
vn -0.1794 -0.8260 -0.5343
vn -0.0000 -0.8435 -0.5372
vn 0.6566 -0.5715 -0.4923
vn -0.1794 0.9539 -0.2408
vn -0.3561 -0.7727 -0.5255
vn 0.5159 -0.6873 -0.5114
vn -0.0000 0.9713 -0.2379
vn -0.5052 -0.6943 -0.5125
vn 0.3481 -0.7760 -0.5260
vn 0.1794 0.9539 -0.2408
vn -0.6450 -0.5829 -0.4942
vn 0.1794 -0.8261 -0.5343
vn 0.3519 0.9022 -0.2493
vn 0.3481 0.9038 -0.2490
vn -0.7647 -0.4402 -0.4706
vn 0.5159 0.8151 -0.2636
vn -0.8496 -0.2834 -0.4448
vt 0.489910 0.312500
vt 0.490154 0.312500
vt 0.688062 0.312500
vt 0.660974 0.312500
vt 0.781250 0.138672
vt 0.781250 0.151731
vt 0.750000 0.151731
vt 0.750000 0.138672
vt 0.750000 0.076172
vt 0.718750 0.138672
vt 0.718750 0.076172
vt 0.750000 0.013672
vt 0.718750 0.013672
vt 0.750000 0.437500
vt 0.750000 0.500000
vt 0.718750 0.500000
vt 0.718750 0.437500
vt 0.750000 0.375000
vt 0.718750 0.375000
vt 0.687500 0.437500
vt 0.687500 0.375000
vt 0.750000 0.342478
vt 0.718750 0.342478
vt 0.687500 0.138672
vt 0.687500 0.151731
vt 0.656250 0.151731
vt 0.656250 0.138672
vt 0.687500 0.076172
vt 0.687500 0.013672
vt 0.687500 0.500000
vt 0.656250 0.076172
vt 0.656250 0.013672
vt 0.656250 0.500000
vt 0.656250 0.437500
vt 0.656250 0.375000
vt 0.489457 0.312500
vt 0.660974 0.312500
vt 0.633859 0.312500
vt 0.625000 0.151731
vt 0.625000 0.138672
vt 0.488815 0.312500
vt 0.606718 0.312500
vt 0.625000 0.151731
vt 0.593750 0.151731
vt 0.593750 0.138672
vt 0.625000 0.076172
vt 0.625000 0.013672
vt 0.625000 0.500000
vt 0.625000 0.437500
vt 0.625000 0.375000
vt 0.593750 0.076172
vt 0.593750 0.013672
vt 0.593750 0.500000
vt 0.593750 0.437500
vt 0.593750 0.375000
vt 0.488009 0.312500
vt 0.606718 0.312500
vt 0.579555 0.312500
vt 0.562500 0.151731
vt 0.562500 0.138672
vt 0.487069 0.312500
vt 0.552374 0.312500
vt 0.531250 0.151731
vt 0.531250 0.138672
vt 0.562500 0.076172
vt 0.562500 0.013672
vt 0.562500 0.500000
vt 0.562500 0.437500
vt 0.562500 0.375000
vt 0.531250 0.076172
vt 0.531250 0.013672
vt 0.531250 0.500000
vt 0.531250 0.437500
vt 0.531250 0.375000
vt 0.486032 0.312500
vt 0.552374 0.312500
vt 0.525180 0.312500
vt 0.500000 0.151731
vt 0.500000 0.138672
vt 0.468750 0.151731
vt 0.468750 0.138672
vt 0.500000 0.076172
vt 0.500000 0.013672
vt 0.500000 0.500000
vt 0.500000 0.437500
vt 0.500000 0.375000
vt 0.484934 0.312500
vt 0.497977 0.312500
vt 0.468750 0.500000
vt 0.468750 0.437500
vt 0.468750 0.375000
vt 0.483816 0.312500
vt 0.470773 0.312500
vt 0.437500 0.151731
vt 0.437500 0.138672
vt 0.468750 0.076172
vt 0.468750 0.013672
vt 0.437500 0.151731
vt 0.406250 0.151731
vt 0.406250 0.138672
vt 0.437500 0.076172
vt 0.437500 0.013672
vt 0.437500 0.500000
vt 0.437500 0.437500
vt 0.437500 0.375000
vt 0.482718 0.312500
vt 0.443570 0.312500
vt 0.406250 0.500000
vt 0.406250 0.437500
vt 0.406250 0.375000
vt 0.481681 0.312500
vt 0.416376 0.312500
vt 0.375000 0.151731
vt 0.375000 0.138672
vt 0.406250 0.076172
vt 0.406250 0.013672
vt 0.375000 0.151731
vt 0.343750 0.151731
vt 0.343750 0.138672
vt 0.375000 0.076172
vt 0.375000 0.013672
vt 0.375000 0.500000
vt 0.375000 0.437500
vt 0.375000 0.375000
vt 0.480741 0.312500
vt 0.389195 0.312500
vt 0.343750 0.437500
vt 0.343750 0.375000
vt 0.479935 0.312500
vt 0.362032 0.312500
vt 0.343750 0.151731
vt 0.312500 0.151731
vt 0.312500 0.138672
vt 0.343750 0.076172
vt 0.343750 0.013672
vt 0.343750 0.500000
vt 0.312500 0.151731
vt 0.281250 0.151731
vt 0.281250 0.138672
vt 0.312500 0.076172
vt 0.312500 0.013672
vt 0.312500 0.500000
vt 0.312500 0.437500
vt 0.312500 0.375000
vt 0.479293 0.312500
vt 0.362032 0.312500
vt 0.334891 0.312500
vt 0.281250 0.437500
vt 0.281250 0.375000
vt 0.478840 0.312500
vt 0.334891 0.312500
vt 0.307776 0.312500
vt 0.250000 0.151731
vt 0.250000 0.138672
vt 0.281250 0.076172
vt 0.281250 0.013672
vt 0.281250 0.500000
vt 0.250000 0.076172
vt 0.250000 0.013672
vt 0.250000 0.500000
vt 0.250000 0.437500
vt 0.250000 0.375000
vt 0.478596 0.312500
vt 0.307776 0.312500
vt 0.280688 0.312500
vt 0.250000 0.151731
vt 0.218750 0.151731
vt 0.218750 0.138672
vt 0.478573 0.312500
vt 0.253630 0.312500
vt 0.187500 0.151731
vt 0.187500 0.138672
vt 0.218750 0.076172
vt 0.218750 0.013672
vt 0.218750 0.500000
vt 0.218750 0.437500
vt 0.218750 0.375000
vt 0.187500 0.076172
vt 0.187500 0.013672
vt 0.187500 0.500000
vt 0.187500 0.437500
vt 0.187500 0.375000
vt 0.478774 0.312500
vt 0.226602 0.312500
vt 0.156250 0.151731
vt 0.156250 0.138672
vt 0.125000 0.151731
vt 0.125000 0.138672
vt 0.156250 0.076172
vt 0.156250 0.013672
vt 0.156250 0.500000
vt 0.156250 0.437500
vt 0.156250 0.375000
vt 0.479193 0.312500
vt 0.226602 0.312500
vt 0.199604 0.312500
vt 0.125000 0.076172
vt 0.125000 0.013672
vt 0.125000 0.500000
vt 0.125000 0.437500
vt 0.125000 0.375000
vt 0.479818 0.312500
vt 0.199604 0.312500
vt 0.172633 0.312500
vt 0.125000 0.151731
vt 0.093750 0.151731
vt 0.093750 0.138672
vt 0.062500 0.151731
vt 0.062500 0.138672
vt 0.093750 0.076172
vt 0.093750 0.013672
vt 0.093750 0.500000
vt 0.093750 0.437500
vt 0.093750 0.375000
vt 0.480624 0.312500
vt 0.172633 0.312500
vt 0.145686 0.312500
vt 0.062500 0.500000
vt 0.062500 0.437500
vt 0.062500 0.375000
vt 0.481581 0.312500
vt 0.145686 0.312500
vt 0.118760 0.312500
vt 0.031250 0.151731
vt 0.031250 0.138672
vt 0.062500 0.076172
vt 0.062500 0.013672
vt 0.000000 0.151731
vt 0.000000 0.138672
vt 0.031250 0.076172
vt 0.031250 0.013672
vt 0.031250 0.500000
vt 0.031250 0.437500
vt 0.031250 0.375000
vt 0.482652 0.312500
vt 0.118760 0.312500
vt 0.091849 0.312500
vt 0.000000 0.500000
vt 0.000000 0.437500
vt 0.000000 0.375000
vt 0.483793 0.312500
vt 0.091849 0.312500
vt 0.064947 0.312500
vt 1.000000 0.138672
vt 1.000000 0.151731
vt 0.968750 0.151731
vt 0.968750 0.138672
vt 0.000000 0.076172
vt 0.000000 0.013672
vt 0.937500 0.151731
vt 0.937500 0.138672
vt 1.000000 0.076172
vt 0.968750 0.076172
vt 1.000000 0.013672
vt 0.968750 0.013672
vt 1.000000 0.437500
vt 1.000000 0.500000
vt 0.968750 0.500000
vt 0.968750 0.437500
vt 1.000000 0.375000
vt 0.968750 0.375000
vt 0.484957 0.312500
vt 0.064947 0.312500
vt 0.903803 0.312500
vt 0.937500 0.437500
vt 0.937500 0.375000
vt 0.486098 0.312500
vt 0.876901 0.312500
vt 0.937500 0.151731
vt 0.906250 0.151731
vt 0.906250 0.138672
vt 0.937500 0.076172
vt 0.937500 0.013672
vt 0.937500 0.500000
vt 0.906250 0.076172
vt 0.906250 0.013672
vt 0.906250 0.500000
vt 0.906250 0.437500
vt 0.906250 0.375000
vt 0.487168 0.312500
vt 0.876901 0.312500
vt 0.849990 0.312500
vt 0.906250 0.151731
vt 0.875000 0.151731
vt 0.875000 0.138672
vt 0.488126 0.312500
vt 0.823064 0.312500
vt 0.875000 0.151731
vt 0.843750 0.151731
vt 0.843750 0.138672
vt 0.875000 0.076172
vt 0.875000 0.013672
vt 0.875000 0.500000
vt 0.875000 0.437500
vt 0.875000 0.375000
vt 0.843750 0.076172
vt 0.843750 0.013672
vt 0.843750 0.500000
vt 0.843750 0.437500
vt 0.843750 0.375000
vt 0.488932 0.312500
vt 0.823064 0.312500
vt 0.796117 0.312500
vt 0.812500 0.151731
vt 0.812500 0.138672
vt 0.489556 0.312500
vt 0.796117 0.312500
vt 0.769146 0.312500
vt 0.812500 0.076172
vt 0.812500 0.013672
vt 0.812500 0.500000
vt 0.812500 0.437500
vt 0.812500 0.375000
vt 0.781250 0.076172
vt 0.781250 0.013672
vt 0.781250 0.500000
vt 0.781250 0.437500
vt 0.781250 0.375000
vt 0.489976 0.312500
vt 0.769146 0.312500
vt 0.742148 0.312500
vt 0.718750 0.151731
vt 0.718750 0.151731
vt 0.488362 0.312500
vt 0.487639 0.312500
vt 0.490177 0.312500
vt 0.742148 0.312500
vt 0.715120 0.312500
vt 0.750000 0.172419
vt 0.718750 0.172419
vt 0.750000 0.201172
vt 0.718750 0.201172
vt 0.726929 0.201172
vt 0.699158 0.201172
vt 0.710407 0.201172
vt 0.685248 0.201172
vt 0.687500 0.172419
vt 0.687500 0.201172
vt 0.671037 0.201172
vt 0.659422 0.201172
vt 0.656250 0.172419
vt 0.656250 0.201172
vt 0.642661 0.201172
vt 0.633120 0.201172
vt 0.625000 0.172419
vt 0.625000 0.201172
vt 0.614099 0.201172
vt 0.606472 0.201172
vt 0.593750 0.172419
vt 0.593750 0.201172
vt 0.585399 0.201172
vt 0.579571 0.201172
vt 0.562500 0.172419
vt 0.562500 0.201172
vt 0.556600 0.201172
vt 0.552491 0.201172
vt 0.531250 0.172419
vt 0.531250 0.201172
vt 0.527736 0.201172
vt 0.525290 0.201172
vt 0.500000 0.172419
vt 0.500000 0.201172
vt 0.498833 0.201172
vt 0.498021 0.201172
vt 0.468750 0.172419
vt 0.468750 0.201172
vt 0.469917 0.201172
vt 0.470729 0.201172
vt 0.437500 0.172419
vt 0.437500 0.201172
vt 0.441014 0.201172
vt 0.443460 0.201172
vt 0.406250 0.172419
vt 0.406250 0.201172
vt 0.412150 0.201172
vt 0.416259 0.201172
vt 0.389179 0.201172
vt 0.383351 0.201172
vt 0.375000 0.201172
vt 0.375000 0.172419
vt 0.343750 0.172419
vt 0.343750 0.201172
vt 0.354651 0.201172
vt 0.362278 0.201172
vt 0.335630 0.201172
vt 0.326089 0.201172
vt 0.312500 0.201172
vt 0.312500 0.172419
vt 0.281250 0.172419
vt 0.281250 0.201172
vt 0.297714 0.201172
vt 0.309328 0.201172
vt 0.250000 0.172419
vt 0.250000 0.201172
vt 0.269593 0.201172
vt 0.283502 0.201172
vt 0.218750 0.172419
vt 0.218750 0.201172
vt 0.241821 0.201172
vt 0.258343 0.201172
vt 0.187500 0.172419
vt 0.187500 0.201172
vt 0.214545 0.201172
vt 0.234145 0.201172
vt 0.156250 0.172419
vt 0.156250 0.201172
vt 0.188005 0.201172
vt 0.211412 0.201172
vt 0.125000 0.172419
vt 0.125000 0.201172
vt 0.162649 0.201172
vt 0.191102 0.201172
vt 0.093750 0.172419
vt 0.093750 0.201172
vt 0.139452 0.201172
vt 0.175325 0.201172
vt 0.062500 0.172419
vt 0.062500 0.201172
vt 0.121157 0.201172
vt 0.169823 0.201172
vt 0.031250 0.172419
vt 0.031250 0.201172
vt 0.119868 0.201172
vt 0.195460 0.201172
vt 0.000165 0.172419
vt 0.000454 0.201172
vt 0.249933 0.201172
vt 0.337948 0.201172
vt 0.630802 0.201172
vt 0.718816 0.201172
vt 0.954663 0.201172
vt 0.014086 0.201172
vt 0.999546 0.201172
vt 0.969204 0.201172
vt 0.968915 0.172419
vt 0.999835 0.172419
vt 0.968585 0.172419
vt 0.937500 0.172419
vt 0.968296 0.201172
vt 0.937500 0.201172
vt 0.848882 0.201172
vt 0.773289 0.201172
vt 0.906250 0.172419
vt 0.906250 0.201172
vt 0.847593 0.201172
vt 0.798926 0.201172
vt 0.875000 0.172419
vt 0.875000 0.201172
vt 0.829298 0.201172
vt 0.793424 0.201172
vt 0.843750 0.172419
vt 0.843750 0.201172
vt 0.806101 0.201172
vt 0.777648 0.201172
vt 0.812500 0.172419
vt 0.812500 0.201172
vt 0.780745 0.201172
vt 0.757337 0.201172
vt 0.781250 0.172419
vt 0.781250 0.201172
vt 0.754205 0.201172
vt 0.734605 0.201172
vt 0.781250 0.342478
vt 0.750000 0.342478
vt 0.656250 0.342478
vt 0.625000 0.342478
vt 0.593750 0.342478
vt 0.562500 0.342478
vt 0.531250 0.342478
vt 0.500000 0.342478
vt 0.500000 0.342478
vt 0.468750 0.342478
vt 0.437500 0.342478
vt 0.437500 0.342478
vt 0.406250 0.342478
vt 0.406250 0.342478
vt 0.375000 0.342478
vt 0.343750 0.342478
vt 0.312500 0.342478
vt 0.281250 0.342478
vt 0.281250 0.342478
vt 0.250000 0.342478
vt 0.218750 0.342478
vt 0.187500 0.342478
vt 0.156250 0.342478
vt 0.156250 0.342478
vt 0.125000 0.342478
vt 0.093750 0.342478
vt 0.093750 0.342478
vt 0.062500 0.342478
vt 0.031250 0.342478
vt 0.031250 0.342478
vt 0.000000 0.342478
vt 1.000000 0.342478
vt 0.968750 0.342478
vt 0.937500 0.342478
vt 0.937500 0.342478
vt 0.906250 0.342478
vt 0.875000 0.342478
vt 0.843750 0.342478
vt 0.843750 0.342478
vt 0.812500 0.342478
vt 0.812500 0.342478
vt 0.781250 0.342478
vt 0.687500 0.342478
vt 0.715120 0.312500
vt 0.750000 0.312500
vt 0.718750 0.312500
vt 0.687500 0.312500
vt 0.656250 0.312500
vt 0.625000 0.312500
vt 0.593750 0.312500
vt 0.562500 0.312500
vt 0.552374 0.312500
vt 0.531250 0.312500
vt 0.500000 0.312500
vt 0.468750 0.312500
vt 0.437500 0.312500
vt 0.406250 0.312500
vt 0.375000 0.312500
vt 0.343750 0.312500
vt 0.334891 0.312500
vt 0.312500 0.312500
vt 0.281250 0.312500
vt 0.250000 0.312500
vt 0.218750 0.312500
vt 0.226602 0.312500
vt 0.187500 0.312500
vt 0.156250 0.312500
vt 0.199604 0.312500
vt 0.226602 0.312500
vt 0.199604 0.312500
vt 0.125000 0.312500
vt 0.093750 0.312500
vt 0.118760 0.312500
vt 0.145686 0.312500
vt 0.062500 0.312500
vt 0.118760 0.312500
vt 0.031250 0.312500
vt 0.064947 0.312500
vt 0.091849 0.312500
vt 0.000265 0.312500
vt 0.903803 0.312500
vt 0.064947 0.312500
vt 0.008217 0.312500
vt 0.960532 0.312500
vt 0.969015 0.312500
vt 0.999735 0.312500
vt 0.876901 0.312500
vt 0.968485 0.312500
vt 0.937500 0.312500
vt 0.849990 0.312500
vt 0.876901 0.312500
vt 0.906250 0.312500
vt 0.823064 0.312500
vt 0.875000 0.312500
vt 0.796117 0.312500
vt 0.823064 0.312500
vt 0.843750 0.312500
vt 0.769146 0.312500
vt 0.796117 0.312500
vt 0.812500 0.312500
vt 0.742148 0.312500
vt 0.769146 0.312500
vt 0.781250 0.312500
vt 0.742148 0.312500
vt 0.489560 0.312500
vt 0.489580 0.312500
vt 0.490154 0.312500
vt 0.489343 0.312500
vt 0.488938 0.312500
vt 0.489457 0.312500
vt 0.488815 0.312500
vt 0.488009 0.312500
vt 0.486795 0.312500
vt 0.487069 0.312500
vt 0.485863 0.312500
vt 0.486032 0.312500
vt 0.484877 0.312500
vt 0.483873 0.312500
vt 0.482887 0.312500
vt 0.481955 0.312500
vt 0.481681 0.312500
vt 0.481111 0.312500
vt 0.480741 0.312500
vt 0.480388 0.312500
vt 0.479812 0.312500
vt 0.479293 0.312500
vt 0.479407 0.312500
vt 0.479190 0.312500
vt 0.479171 0.312500
vt 0.479352 0.312500
vt 0.479730 0.312500
vt 0.480291 0.312500
vt 0.479818 0.312500
vt 0.481014 0.312500
vt 0.480624 0.312500
vt 0.481872 0.312500
vt 0.481581 0.312500
vt 0.482832 0.312500
vt 0.482652 0.312500
vt 0.483853 0.312500
vt 0.484897 0.312500
vt 0.485918 0.312500
vt 0.486878 0.312500
vt 0.487736 0.312500
vt 0.488459 0.312500
vt 0.489020 0.312500
vt 0.489398 0.312500
vt 0.489976 0.312500
s 1
usemtl Material
f 451/1/1 449/2/2 354/3/3 360/4/4
f 185/5/5 349/6/6 194/7/7 191/8/8
f 1/9/9 191/8/8 5/10/10 6/11/11
f 2/12/12 1/9/9 6/11/11 7/13/13
f 3/14/14 2/15/12 7/16/13 8/17/15
f 192/18/16 3/14/14 8/17/15 9/19/17
f 9/19/17 8/17/15 14/20/18 15/21/19
f 357/22/20 192/18/16 9/19/17 353/23/21
f 11/24/22 204/25/23 209/26/24 17/27/25
f 6/11/11 5/10/10 11/24/22 12/28/26
f 7/13/13 6/11/11 12/28/26 13/29/27
f 8/17/15 7/16/13 13/30/27 14/20/18
f 12/28/26 11/24/22 17/27/25 18/31/28
f 13/29/27 12/28/26 18/31/28 19/32/29
f 14/20/18 13/30/27 19/33/29 20/34/30
f 15/21/19 14/20/18 20/34/30 21/35/31
f 452/36/32 451/1/1 360/37/4 363/38/33
f 17/27/25 209/26/24 214/39/34 23/40/35
f 453/41/36 452/36/32 363/38/33 366/42/37
f 23/40/35 214/43/34 219/44/38 29/45/39
f 18/31/28 17/27/25 23/40/35 24/46/40
f 19/32/29 18/31/28 24/46/40 25/47/41
f 20/34/30 19/33/29 25/48/41 26/49/42
f 21/35/31 20/34/30 26/49/42 27/50/43
f 24/46/40 23/40/35 29/45/39 30/51/44
f 25/47/41 24/46/40 30/51/44 31/52/45
f 26/49/42 25/48/41 31/53/45 32/54/46
f 27/50/43 26/49/42 32/54/46 33/55/47
f 454/56/48 453/41/36 366/57/37 369/58/49
f 29/45/39 219/44/38 224/59/50 35/60/51
f 455/61/52 454/56/48 369/58/49 372/62/53
f 35/60/51 224/59/50 229/63/54 41/64/55
f 30/51/44 29/45/39 35/60/51 36/65/56
f 31/52/45 30/51/44 36/65/56 37/66/57
f 32/54/46 31/53/45 37/67/57 38/68/58
f 33/55/47 32/54/46 38/68/58 39/69/59
f 37/66/57 36/65/56 42/70/60 43/71/61
f 38/68/58 37/67/57 43/72/61 44/73/62
f 39/69/59 38/68/58 44/73/62 45/74/63
f 456/75/64 455/61/52 372/76/53 375/77/65
f 41/64/55 229/63/54 234/78/66 47/79/67
f 36/65/56 35/60/51 41/64/55 42/70/60
f 47/79/67 234/78/66 239/80/68 53/81/69
f 42/70/60 41/64/55 47/79/67 48/82/70
f 43/71/61 42/70/60 48/82/70 49/83/71
f 44/73/62 43/72/61 49/84/71 50/85/72
f 45/74/63 44/73/62 50/85/72 51/86/73
f 457/87/74 456/75/64 375/77/65 378/88/75
f 50/85/72 49/84/71 55/89/76 56/90/77
f 51/86/73 50/85/72 56/90/77 57/91/78
f 458/92/79 457/87/74 378/88/75 381/93/80
f 53/81/69 239/80/68 244/94/81 59/95/82
f 48/82/70 47/79/67 53/81/69 54/96/83
f 49/83/71 48/82/70 54/96/83 55/97/76
f 59/95/82 244/98/81 249/99/84 65/100/85
f 54/96/83 53/81/69 59/95/82 60/101/86
f 55/97/76 54/96/83 60/101/86 61/102/87
f 56/90/77 55/89/76 61/103/87 62/104/88
f 57/91/78 56/90/77 62/104/88 63/105/89
f 459/106/90 458/92/79 381/93/80 384/107/91
f 62/104/88 61/103/87 67/108/92 68/109/93
f 63/105/89 62/104/88 68/109/93 69/110/94
f 460/111/95 459/106/90 384/107/91 387/112/96
f 65/100/85 249/99/84 254/113/97 71/114/98
f 60/101/86 59/95/82 65/100/85 66/115/99
f 61/102/87 60/101/86 66/115/99 67/116/92
f 71/114/98 254/117/97 259/118/100 77/119/101
f 66/115/99 65/100/85 71/114/98 72/120/102
f 67/116/92 66/115/99 72/120/102 73/121/103
f 68/109/93 67/108/92 73/122/103 74/123/104
f 69/110/94 68/109/93 74/123/104 75/124/105
f 461/125/106 460/111/95 387/112/96 390/126/107
f 75/124/105 74/123/104 80/127/108 81/128/109
f 462/129/110 461/125/106 390/126/107 393/130/111
f 77/119/101 259/131/100 264/132/112 83/133/113
f 72/120/102 71/114/98 77/119/101 78/134/114
f 73/121/103 72/120/102 78/134/114 79/135/115
f 74/123/104 73/122/103 79/136/115 80/127/108
f 83/133/113 264/137/112 269/138/116 89/139/117
f 78/134/114 77/119/101 83/133/113 84/140/118
f 79/135/115 78/134/114 84/140/118 85/141/119
f 80/127/108 79/136/115 85/142/119 86/143/120
f 81/128/109 80/127/108 86/143/120 87/144/121
f 463/145/122 462/129/110 393/146/111 396/147/123
f 87/144/121 86/143/120 92/148/124 93/149/125
f 464/150/126 463/145/122 396/151/123 399/152/127
f 89/139/117 269/138/116 274/153/128 95/154/129
f 84/140/118 83/133/113 89/139/117 90/155/130
f 85/141/119 84/140/118 90/155/130 91/156/131
f 86/143/120 85/142/119 91/157/131 92/148/124
f 90/155/130 89/139/117 95/154/129 96/158/132
f 91/156/131 90/155/130 96/158/132 97/159/133
f 92/148/124 91/157/131 97/160/133 98/161/134
f 93/149/125 92/148/124 98/161/134 99/162/135
f 465/163/136 464/150/126 399/164/127 402/165/137
f 95/154/129 274/166/128 279/167/138 101/168/139
f 466/169/140 465/163/136 402/165/137 405/170/141
f 101/168/139 279/167/138 284/171/142 107/172/143
f 96/158/132 95/154/129 101/168/139 102/173/144
f 97/159/133 96/158/132 102/173/144 103/174/145
f 98/161/134 97/160/133 103/175/145 104/176/146
f 99/162/135 98/161/134 104/176/146 105/177/147
f 103/174/145 102/173/144 108/178/148 109/179/149
f 104/176/146 103/175/145 109/180/149 110/181/150
f 105/177/147 104/176/146 110/181/150 111/182/151
f 467/183/152 466/169/140 405/170/141 408/184/153
f 107/172/143 284/171/142 289/185/154 113/186/155
f 102/173/144 101/168/139 107/172/143 108/178/148
f 113/186/155 289/185/154 294/187/156 119/188/157
f 108/178/148 107/172/143 113/186/155 114/189/158
f 109/179/149 108/178/148 114/189/158 115/190/159
f 110/181/150 109/180/149 115/191/159 116/192/160
f 111/182/151 110/181/150 116/192/160 117/193/161
f 468/194/162 467/183/152 408/195/153 411/196/163
f 115/190/159 114/189/158 120/197/164 121/198/165
f 116/192/160 115/191/159 121/199/165 122/200/166
f 117/193/161 116/192/160 122/200/166 123/201/167
f 469/202/168 468/194/162 411/203/163 414/204/169
f 119/188/157 294/205/156 299/206/170 125/207/171
f 114/189/158 113/186/155 119/188/157 120/197/164
f 125/207/171 299/206/170 304/208/172 131/209/173
f 120/197/164 119/188/157 125/207/171 126/210/174
f 121/198/165 120/197/164 126/210/174 127/211/175
f 122/200/166 121/199/165 127/212/175 128/213/176
f 123/201/167 122/200/166 128/213/176 129/214/177
f 470/215/178 469/202/168 414/216/169 417/217/179
f 128/213/176 127/212/175 133/218/180 134/219/181
f 129/214/177 128/213/176 134/219/181 135/220/182
f 471/221/183 470/215/178 417/222/179 420/223/184
f 131/209/173 304/208/172 309/224/185 137/225/186
f 126/210/174 125/207/171 131/209/173 132/226/187
f 127/211/175 126/210/174 132/226/187 133/227/180
f 137/225/186 309/224/185 314/228/188 143/229/189
f 132/226/187 131/209/173 137/225/186 138/230/190
f 133/227/180 132/226/187 138/230/190 139/231/191
f 134/219/181 133/218/180 139/232/191 140/233/192
f 135/220/182 134/219/181 140/233/192 141/234/193
f 472/235/194 471/221/183 420/236/184 423/237/195
f 140/233/192 139/232/191 145/238/196 146/239/197
f 141/234/193 140/233/192 146/239/197 147/240/198
f 473/241/199 472/235/194 423/242/195 426/243/200
f 143/244/189 314/245/188 319/246/201 149/247/202
f 138/230/190 137/225/186 143/229/189 144/248/203
f 139/231/191 138/230/190 144/248/203 145/249/196
f 149/247/202 319/246/201 324/250/204 155/251/205
f 144/252/203 143/244/189 149/247/202 150/253/206
f 145/254/196 144/252/203 150/253/206 151/255/207
f 146/256/197 145/257/196 151/258/207 152/259/208
f 147/260/198 146/256/197 152/259/208 153/261/209
f 474/262/210 473/241/199 426/263/200 429/264/211
f 153/261/209 152/259/208 158/265/212 159/266/213
f 475/267/214 474/262/210 429/264/211 432/268/215
f 155/251/205 324/269/204 329/270/216 161/271/217
f 150/253/206 149/247/202 155/251/205 156/272/218
f 151/255/207 150/253/206 156/272/218 157/273/219
f 152/259/208 151/258/207 157/274/219 158/265/212
f 156/272/218 155/251/205 161/271/217 162/275/220
f 157/273/219 156/272/218 162/275/220 163/276/221
f 158/265/212 157/274/219 163/277/221 164/278/222
f 159/266/213 158/265/212 164/278/222 165/279/223
f 476/280/224 475/267/214 432/281/215 435/282/225
f 161/271/217 329/283/216 334/284/226 167/285/227
f 477/286/228 476/280/224 435/282/225 438/287/229
f 167/285/227 334/288/226 339/289/230 173/290/231
f 162/275/220 161/271/217 167/285/227 168/291/232
f 163/276/221 162/275/220 168/291/232 169/292/233
f 164/278/222 163/277/221 169/293/233 170/294/234
f 165/279/223 164/278/222 170/294/234 171/295/235
f 168/291/232 167/285/227 173/290/231 174/296/236
f 169/292/233 168/291/232 174/296/236 175/297/237
f 170/294/234 169/293/233 175/298/237 176/299/238
f 171/295/235 170/294/234 176/299/238 177/300/239
f 478/301/240 477/286/228 438/302/229 441/303/241
f 173/290/231 339/289/230 344/304/242 179/305/243
f 479/306/244 478/301/240 441/307/241 444/308/245
f 179/305/243 344/304/242 349/6/6 185/5/5
f 174/296/236 173/290/231 179/305/243 180/309/246
f 175/297/237 174/296/236 180/309/246 181/310/247
f 176/299/238 175/298/237 181/311/247 182/312/248
f 177/300/239 176/299/238 182/312/248 183/313/249
f 181/310/247 180/309/246 186/314/250 187/315/251
f 182/312/248 181/311/247 187/316/251 188/317/252
f 183/313/249 182/312/248 188/317/252 189/318/253
f 480/319/254 479/306/244 444/320/245 447/321/255
f 180/309/246 179/305/243 185/5/5 186/314/250
f 5/10/10 199/322/256 204/25/23 11/24/22
f 186/314/250 185/5/5 191/8/8 1/9/9
f 191/8/8 194/7/7 199/323/256 5/10/10
f 187/315/251 186/314/250 1/9/9 2/12/12
f 28/324/257 34/325/258 486/325/259 485/324/260
f 188/317/252 187/316/251 2/15/12 3/14/14
f 189/318/253 188/317/252 3/14/14 192/18/16
f 450/326/261 480/319/254 447/327/255 356/328/262
f 199/323/256 194/7/7 197/329/263 202/330/264
f 202/330/264 197/329/263 196/331/265 201/332/266
f 201/332/266 196/331/265 195/333/267 200/334/268
f 200/334/268 195/333/267 193/335/269 198/336/270
f 204/25/23 199/322/256 202/330/264 207/337/271
f 207/337/271 202/330/264 201/332/266 206/338/272
f 206/338/272 201/332/266 200/334/268 205/339/273
f 205/339/273 200/334/268 198/336/270 203/340/274
f 209/26/24 204/25/23 207/337/271 212/341/275
f 212/341/275 207/337/271 206/338/272 211/342/276
f 211/342/276 206/338/272 205/339/273 210/343/277
f 210/343/277 205/339/273 203/340/274 208/344/278
f 214/39/34 209/26/24 212/341/275 217/345/279
f 217/345/279 212/341/275 211/342/276 216/346/280
f 216/346/280 211/342/276 210/343/277 215/347/281
f 215/347/281 210/343/277 208/344/278 213/348/282
f 219/44/38 214/43/34 217/345/279 222/349/283
f 222/349/283 217/345/279 216/346/280 221/350/284
f 221/350/284 216/346/280 215/347/281 220/351/285
f 220/351/285 215/347/281 213/348/282 218/352/286
f 224/59/50 219/44/38 222/349/283 227/353/287
f 227/353/287 222/349/283 221/350/284 226/354/288
f 226/354/288 221/350/284 220/351/285 225/355/289
f 225/355/289 220/351/285 218/352/286 223/356/290
f 229/63/54 224/59/50 227/353/287 232/357/291
f 232/357/291 227/353/287 226/354/288 231/358/292
f 231/358/292 226/354/288 225/355/289 230/359/293
f 230/359/293 225/355/289 223/356/290 228/360/294
f 234/78/66 229/63/54 232/357/291 237/361/295
f 237/361/295 232/357/291 231/358/292 236/362/296
f 236/362/296 231/358/292 230/359/293 235/363/297
f 235/363/297 230/359/293 228/360/294 233/364/298
f 239/80/68 234/78/66 237/361/295 242/365/299
f 242/365/299 237/361/295 236/362/296 241/366/300
f 241/366/300 236/362/296 235/363/297 240/367/301
f 240/367/301 235/363/297 233/364/298 238/368/302
f 244/94/81 239/80/68 242/365/299 247/369/303
f 247/369/303 242/365/299 241/366/300 246/370/304
f 246/370/304 241/366/300 240/367/301 245/371/305
f 245/371/305 240/367/301 238/368/302 243/372/306
f 249/99/84 244/98/81 247/369/303 252/373/307
f 252/373/307 247/369/303 246/370/304 251/374/308
f 251/374/308 246/370/304 245/371/305 250/375/309
f 250/375/309 245/371/305 243/372/306 248/376/310
f 248/376/310 253/377/311 255/378/312 250/375/309
f 250/375/309 255/378/312 256/379/313 251/374/308
f 251/374/308 256/379/313 257/380/314 252/373/307
f 252/373/307 257/380/314 254/113/97 249/99/84
f 259/118/100 254/117/97 257/380/314 262/381/315
f 262/381/315 257/380/314 256/379/313 261/382/316
f 261/382/316 256/379/313 255/378/312 260/383/317
f 260/383/317 255/378/312 253/377/311 258/384/318
f 258/384/318 263/385/319 265/386/320 260/383/317
f 260/383/317 265/386/320 266/387/321 261/382/316
f 261/382/316 266/387/321 267/388/322 262/381/315
f 262/381/315 267/388/322 264/132/112 259/131/100
f 269/138/116 264/137/112 267/388/322 272/389/323
f 272/389/323 267/388/322 266/387/321 271/390/324
f 271/390/324 266/387/321 265/386/320 270/391/325
f 270/391/325 265/386/320 263/385/319 268/392/326
f 274/153/128 269/138/116 272/389/323 277/393/327
f 277/393/327 272/389/323 271/390/324 276/394/328
f 276/394/328 271/390/324 270/391/325 275/395/329
f 275/395/329 270/391/325 268/392/326 273/396/330
f 279/167/138 274/166/128 277/393/327 282/397/331
f 282/397/331 277/393/327 276/394/328 281/398/332
f 281/398/332 276/394/328 275/395/329 280/399/333
f 280/399/333 275/395/329 273/396/330 278/400/334
f 284/171/142 279/167/138 282/397/331 287/401/335
f 287/401/335 282/397/331 281/398/332 286/402/336
f 286/402/336 281/398/332 280/399/333 285/403/337
f 285/403/337 280/399/333 278/400/334 283/404/338
f 289/185/154 284/171/142 287/401/335 292/405/339
f 292/405/339 287/401/335 286/402/336 291/406/340
f 291/406/340 286/402/336 285/403/337 290/407/341
f 290/407/341 285/403/337 283/404/338 288/408/342
f 294/187/156 289/185/154 292/405/339 297/409/343
f 297/409/343 292/405/339 291/406/340 296/410/344
f 296/410/344 291/406/340 290/407/341 295/411/345
f 295/411/345 290/407/341 288/408/342 293/412/346
f 299/206/170 294/205/156 297/409/343 302/413/347
f 302/413/347 297/409/343 296/410/344 301/414/348
f 301/414/348 296/410/344 295/411/345 300/415/349
f 300/415/349 295/411/345 293/412/346 298/416/350
f 304/208/172 299/206/170 302/413/347 307/417/351
f 307/417/351 302/413/347 301/414/348 306/418/352
f 306/418/352 301/414/348 300/415/349 305/419/353
f 305/419/353 300/415/349 298/416/350 303/420/354
f 309/224/185 304/208/172 307/417/351 312/421/355
f 312/421/355 307/417/351 306/418/352 311/422/356
f 311/422/356 306/418/352 305/419/353 310/423/357
f 310/423/357 305/419/353 303/420/354 308/424/358
f 314/228/188 309/224/185 312/421/355 317/425/359
f 317/425/359 312/421/355 311/422/356 316/426/360
f 316/426/360 311/422/356 310/423/357 315/427/361
f 315/427/361 310/423/357 308/424/358 313/428/362
f 313/428/362 318/429/363 320/430/364 315/427/361
f 315/427/361 320/430/364 321/431/365 316/432/360
f 316/433/360 321/434/365 322/435/366 317/436/359
f 317/436/359 322/435/366 319/246/201 314/245/188
f 324/250/204 319/246/201 322/437/366 327/438/367
f 327/438/367 322/437/366 321/439/365 326/440/368
f 326/440/368 321/439/365 320/430/364 325/441/369
f 325/441/369 320/430/364 318/429/363 323/442/370
f 329/270/216 324/269/204 327/438/367 332/443/371
f 332/443/371 327/438/367 326/440/368 331/444/372
f 331/444/372 326/440/368 325/441/369 330/445/373
f 330/445/373 325/441/369 323/442/370 328/446/374
f 334/284/226 329/283/216 332/443/371 337/447/375
f 337/447/375 332/443/371 331/444/372 336/448/376
f 336/448/376 331/444/372 330/445/373 335/449/377
f 335/449/377 330/445/373 328/446/374 333/450/378
f 339/289/230 334/288/226 337/447/375 342/451/379
f 342/451/379 337/447/375 336/448/376 341/452/380
f 341/452/380 336/448/376 335/449/377 340/453/381
f 340/453/381 335/449/377 333/450/378 338/454/382
f 344/304/242 339/289/230 342/451/379 347/455/383
f 347/455/383 342/451/379 341/452/380 346/456/384
f 346/456/384 341/452/380 340/453/381 345/457/385
f 345/457/385 340/453/381 338/454/382 343/458/386
f 349/6/6 344/304/242 347/455/383 352/459/387
f 352/459/387 347/455/383 346/456/384 351/460/388
f 351/460/388 346/456/384 345/457/385 350/461/389
f 350/461/389 345/457/385 343/458/386 348/462/390
f 194/7/7 349/6/6 352/459/387 197/329/263
f 197/329/263 352/459/387 351/460/388 196/331/265
f 196/331/265 351/460/388 350/461/389 195/333/267
f 195/333/267 350/461/389 348/462/390 193/335/269
f 198/336/270 193/335/269 348/462/390 343/458/386 338/454/382 333/450/378 328/446/374 323/442/370 318/429/363 313/428/362 308/424/358 303/420/354 298/416/350 293/412/346 288/408/342 283/404/338 278/400/334 273/396/330 268/392/326 263/385/319 258/384/318 253/377/311 248/376/310 243/372/306 238/368/302 233/364/298 228/360/294 223/356/290 218/352/286 213/348/282 208/344/278 203/340/274
f 446/463/391 189/318/253 192/18/16 357/464/20
f 449/2/2 450/326/261 356/328/262 354/3/3
f 362/465/392 21/35/31 27/50/43 365/466/393
f 365/466/393 27/50/43 33/55/47 368/467/394
f 368/467/394 33/55/47 39/69/59 371/468/395
f 371/468/395 39/69/59 45/74/63 374/469/396
f 374/469/396 45/74/63 51/86/73 377/470/397
f 377/471/397 51/86/73 57/91/78 380/472/398
f 380/472/398 57/91/78 63/105/89 383/473/399
f 383/474/399 63/105/89 69/110/94 386/475/400
f 386/476/400 69/110/94 75/124/105 389/477/401
f 389/477/401 75/124/105 81/128/109 392/478/402
f 392/478/402 81/128/109 87/144/121 395/479/403
f 395/479/403 87/144/121 93/149/125 398/480/404
f 398/481/404 93/149/125 99/162/135 401/482/405
f 401/482/405 99/162/135 105/177/147 404/483/406
f 404/483/406 105/177/147 111/182/151 407/484/407
f 407/484/407 111/182/151 117/193/161 410/485/408
f 410/486/408 117/193/161 123/201/167 413/487/409
f 413/487/409 123/201/167 129/214/177 416/488/410
f 416/489/410 129/214/177 135/220/182 419/490/411
f 419/490/411 135/220/182 141/234/193 422/491/412
f 422/492/412 141/234/193 147/240/198 425/493/413
f 425/494/413 147/260/198 153/261/209 428/495/414
f 428/495/414 153/261/209 159/266/213 431/496/415
f 431/497/415 159/266/213 165/279/223 434/498/416
f 434/498/416 165/279/223 171/295/235 437/499/417
f 437/499/417 171/295/235 177/300/239 440/500/418
f 440/501/418 177/300/239 183/313/249 443/502/419
f 443/503/419 183/313/249 189/318/253 446/504/391
f 359/505/420 15/21/19 21/35/31 362/465/392
f 354/3/3 356/506/262 358/507/421 355/508/422
f 355/508/422 358/507/421 357/22/20 353/23/21
f 360/4/4 354/3/3 355/508/422 361/509/423
f 361/509/423 355/508/422 353/23/21 359/505/420
f 363/38/33 360/37/4 361/509/423 364/510/424
f 364/510/424 361/509/423 359/505/420 362/465/392
f 366/42/37 363/38/33 364/510/424 367/511/425
f 367/511/425 364/510/424 362/465/392 365/466/393
f 369/58/49 366/57/37 367/511/425 370/512/426
f 370/512/426 367/511/425 365/466/393 368/467/394
f 372/62/53 369/58/49 370/512/426 373/513/427
f 373/513/427 370/512/426 368/467/394 371/468/395
f 375/77/65 372/514/53 373/513/427 376/515/428
f 376/515/428 373/513/427 371/468/395 374/469/396
f 374/469/396 377/470/397 379/516/429 376/515/428
f 376/515/428 379/516/429 378/88/75 375/77/65
f 381/93/80 378/88/75 379/516/429 382/517/430
f 382/517/430 379/516/429 377/471/397 380/472/398
f 384/107/91 381/93/80 382/517/430 385/518/431
f 385/518/431 382/517/430 380/472/398 383/473/399
f 387/112/96 384/107/91 385/518/431 388/519/432
f 388/519/432 385/518/431 383/474/399 386/475/400
f 390/126/107 387/112/96 388/519/432 391/520/433
f 391/520/433 388/519/432 386/476/400 389/477/401
f 393/130/111 390/126/107 391/520/433 394/521/434
f 394/521/434 391/520/433 389/477/401 392/478/402
f 396/522/123 393/146/111 394/521/434 397/523/435
f 397/523/435 394/521/434 392/478/402 395/479/403
f 399/152/127 396/151/123 397/523/435 400/524/436
f 400/524/436 397/523/435 395/479/403 398/480/404
f 402/165/137 399/164/127 400/524/436 403/525/437
f 403/525/437 400/524/436 398/481/404 401/482/405
f 405/170/141 402/165/137 403/525/437 406/526/438
f 406/526/438 403/525/437 401/482/405 404/483/406
f 408/527/153 405/170/141 406/526/438 409/528/439
f 409/528/439 406/526/438 404/483/406 407/484/407
f 407/484/407 410/485/408 412/529/440 409/528/439
f 409/528/439 412/529/440 411/530/163 408/531/153
f 414/204/169 411/532/163 412/529/440 415/533/441
f 415/533/441 412/529/440 410/486/408 413/487/409
f 413/487/409 416/488/410 418/534/442 415/533/441
f 415/533/441 418/534/442 417/217/179 414/216/169
f 420/535/184 417/536/179 418/534/442 421/537/443
f 421/537/443 418/534/442 416/489/410 419/490/411
f 423/237/195 420/538/184 421/537/443 424/539/444
f 424/539/444 421/537/443 419/490/411 422/491/412
f 426/540/200 423/541/195 424/539/444 427/542/445
f 427/542/445 424/539/444 422/492/412 425/493/413
f 429/543/211 426/544/200 427/545/445 430/546/446
f 430/547/446 427/548/445 425/494/413 428/495/414
f 432/549/215 429/543/211 430/550/446 433/551/447
f 433/551/447 430/550/446 428/495/414 431/496/415
f 435/552/225 432/553/215 433/551/447 436/554/448
f 436/554/448 433/551/447 431/497/415 434/498/416
f 438/555/229 435/552/225 436/554/448 439/556/449
f 439/556/449 436/554/448 434/498/416 437/499/417
f 441/557/241 438/558/229 439/556/449 442/559/450
f 442/559/450 439/556/449 437/499/417 440/500/418
f 444/560/245 441/561/241 442/559/450 445/562/451
f 445/562/451 442/559/450 440/501/418 443/502/419
f 447/563/255 444/564/245 445/562/451 448/565/452
f 448/565/452 445/562/451 443/503/419 446/504/391
f 446/463/391 357/464/20 358/507/421 448/565/452
f 448/565/452 358/507/421 356/506/262 447/566/255
f 353/23/21 9/19/17 15/21/19 359/505/420
f 10/567/453 4/568/454 450/326/261 449/569/2
f 16/570/455 10/567/453 449/569/2 451/1/1
f 22/571/456 16/570/455 451/1/1 452/572/32
f 28/324/257 22/571/456 452/572/32 453/573/36
f 34/325/258 28/324/257 453/573/36 454/574/48
f 40/575/457 34/325/258 454/574/48 455/576/52
f 46/577/458 40/575/457 455/576/52 456/578/64
f 52/579/459 46/577/458 456/578/64 457/87/74
f 58/580/460 52/579/459 457/87/74 458/92/79
f 64/581/461 58/580/460 458/92/79 459/106/90
f 70/582/462 64/581/461 459/106/90 460/583/95
f 76/584/463 70/582/462 460/583/95 461/585/106
f 82/586/464 76/584/463 461/585/106 462/129/110
f 88/587/465 82/586/464 462/129/110 463/588/122
f 94/589/466 88/587/465 463/588/122 464/150/126
f 100/590/467 94/589/466 464/150/126 465/163/136
f 106/591/468 100/590/467 465/163/136 466/169/140
f 112/592/469 106/591/468 466/169/140 467/183/152
f 118/593/470 112/592/469 467/183/152 468/194/162
f 124/594/471 118/593/470 468/194/162 469/595/168
f 130/596/472 124/594/471 469/595/168 470/597/178
f 136/598/473 130/596/472 470/597/178 471/599/183
f 142/600/474 136/598/473 471/599/183 472/601/194
f 148/602/475 142/600/474 472/601/194 473/241/199
f 154/603/476 148/602/475 473/241/199 474/262/210
f 160/604/477 154/603/476 474/262/210 475/267/214
f 166/605/478 160/604/477 475/267/214 476/280/224
f 172/606/479 166/605/478 476/280/224 477/286/228
f 178/607/480 172/606/479 477/286/228 478/301/240
f 184/608/481 178/607/480 478/301/240 479/306/244
f 190/609/482 184/608/481 479/306/244 480/610/254
f 4/568/454 190/609/482 480/610/254 450/326/261
f 489/579/483 490/580/484 522/580/485 521/579/486
f 190/609/482 4/568/454 482/568/487 512/609/488
f 112/592/469 118/593/470 500/593/489 499/592/490
f 34/325/258 40/575/457 487/575/491 486/325/259
f 118/593/470 124/594/471 501/594/492 500/593/489
f 40/575/457 46/577/458 488/577/493 487/575/491
f 124/594/471 130/596/472 502/596/494 501/594/492
f 46/577/458 52/579/459 489/579/483 488/577/493
f 130/596/472 136/598/473 503/598/495 502/596/494
f 52/579/459 58/580/460 490/580/484 489/579/483
f 136/598/473 142/600/474 504/600/496 503/598/495
f 58/580/460 64/581/461 491/581/497 490/580/484
f 142/600/474 148/602/475 505/602/498 504/600/496
f 64/581/461 70/582/462 492/582/499 491/581/497
f 148/602/475 154/603/476 506/603/500 505/602/498
f 70/582/462 76/584/463 493/584/501 492/582/499
f 154/603/476 160/604/477 507/604/502 506/603/500
f 76/584/463 82/586/464 494/586/503 493/584/501
f 160/604/477 166/605/478 508/605/504 507/604/502
f 82/586/464 88/587/465 495/587/505 494/586/503
f 4/568/454 10/567/453 481/567/506 482/568/487
f 166/605/478 172/606/479 509/606/507 508/605/504
f 88/587/465 94/589/466 496/589/508 495/587/505
f 10/567/453 16/570/455 483/570/509 481/567/506
f 172/606/479 178/607/480 510/607/510 509/606/507
f 94/589/466 100/590/467 497/590/511 496/589/508
f 16/570/455 22/571/456 484/571/512 483/570/509
f 178/607/480 184/608/481 511/608/513 510/607/510
f 100/590/467 106/591/468 498/591/514 497/590/511
f 22/571/456 28/324/257 485/324/260 484/571/512
f 184/608/481 190/609/482 512/609/488 511/608/513
f 106/591/468 112/592/469 499/592/490 498/591/514
f 524/582/515 525/584/516 557/584/517 556/582/518
f 503/598/495 504/600/496 536/600/519 535/598/520
f 490/580/484 491/581/497 523/581/521 522/580/485
f 504/600/496 505/602/498 537/602/522 536/600/519
f 491/581/497 492/582/499 524/582/515 523/581/521
f 505/602/498 506/603/500 538/603/523 537/602/522
f 492/582/499 493/584/501 525/584/516 524/582/515
f 506/603/500 507/604/502 539/604/524 538/603/523
f 493/584/501 494/586/503 526/586/525 525/584/516
f 507/604/502 508/605/504 540/605/526 539/604/524
f 494/586/503 495/587/505 527/587/527 526/586/525
f 482/568/487 481/567/506 513/567/528 514/568/529
f 508/605/504 509/606/507 541/606/530 540/605/526
f 495/587/505 496/589/508 528/589/531 527/587/527
f 481/567/506 483/570/509 515/570/532 513/567/528
f 509/606/507 510/607/510 542/607/533 541/606/530
f 496/589/508 497/590/511 529/590/534 528/589/531
f 483/570/509 484/571/512 516/571/535 515/570/532
f 510/607/510 511/608/513 543/608/536 542/607/533
f 497/590/511 498/591/514 530/591/537 529/590/534
f 484/571/512 485/324/260 517/324/538 516/571/535
f 511/608/513 512/609/488 544/609/539 543/608/536
f 498/591/514 499/592/490 531/592/540 530/591/537
f 485/324/260 486/325/259 518/325/541 517/324/538
f 512/609/488 482/568/487 514/568/529 544/609/539
f 499/592/490 500/593/489 532/593/542 531/592/540
f 486/325/259 487/575/491 519/575/543 518/325/541
f 500/593/489 501/594/492 533/594/544 532/593/542
f 487/575/491 488/577/493 520/577/545 519/575/543
f 501/594/492 502/596/494 534/596/546 533/594/544
f 488/577/493 489/579/483 521/579/486 520/577/545
f 502/596/494 503/598/495 535/598/520 534/596/546
f 559/587/547 560/589/548 592/589/549 591/587/550
f 538/603/523 539/604/524 571/604/551 570/603/552
f 525/584/516 526/586/525 558/586/553 557/584/517
f 539/604/524 540/605/526 572/605/554 571/604/551
f 526/586/525 527/587/527 559/587/547 558/586/553
f 514/568/555 513/567/556 545/567/557 546/568/555
f 540/605/526 541/606/530 573/606/558 572/605/554
f 527/587/527 528/589/531 560/589/548 559/587/547
f 513/567/556 515/570/532 547/570/559 545/567/557
f 541/606/530 542/607/533 574/607/560 573/606/558
f 528/589/531 529/590/534 561/590/561 560/589/548
f 515/570/532 516/571/535 548/571/562 547/570/559
f 542/607/533 543/608/536 575/608/563 574/607/560
f 529/590/534 530/591/537 562/591/564 561/590/561
f 516/571/535 517/324/538 549/324/565 548/571/562
f 543/608/536 544/609/566 576/609/567 575/608/563
f 530/591/537 531/592/540 563/592/568 562/591/564
f 517/324/538 518/325/541 550/325/569 549/324/565
f 544/609/566 514/568/555 546/568/555 576/609/567
f 531/592/540 532/593/542 564/593/570 563/592/568
f 518/325/541 519/575/543 551/575/571 550/325/569
f 532/593/542 533/594/544 565/594/572 564/593/570
f 519/575/543 520/577/545 552/577/573 551/575/571
f 533/594/544 534/596/546 566/596/574 565/594/572
f 520/577/545 521/579/486 553/579/575 552/577/573
f 534/596/546 535/598/520 567/598/576 566/596/574
f 521/579/486 522/580/485 554/580/577 553/579/575
f 535/598/520 536/600/519 568/600/578 567/598/576
f 522/580/485 523/581/521 555/581/579 554/580/577
f 536/600/519 537/602/522 569/602/580 568/600/578
f 523/581/521 524/582/515 556/582/518 555/581/579
f 537/602/522 538/603/523 570/603/552 569/602/580
f 597/594/581 598/596/582 630/596/583 629/594/584
f 545/567/585 547/570/586 579/570/587 577/567/588
f 573/606/589 574/607/590 606/607/591 605/606/592
f 560/589/548 561/590/561 593/590/593 592/589/549
f 547/570/586 548/571/594 580/571/595 579/570/587
f 574/607/590 575/608/596 607/608/597 606/607/591
f 561/590/561 562/591/564 594/591/598 593/590/593
f 548/571/594 549/324/599 581/324/600 580/571/595
f 575/608/596 576/609/601 608/609/602 607/608/597
f 562/591/564 563/592/568 595/592/603 594/591/598
f 549/324/599 550/325/604 582/325/605 581/324/600
f 576/609/601 546/568/606 578/568/607 608/609/602
f 563/592/568 564/593/570 596/593/608 595/592/603
f 550/325/604 551/575/571 583/575/609 582/325/605
f 564/593/570 565/594/572 597/594/581 596/593/608
f 551/575/571 552/577/573 584/577/610 583/575/609
f 565/594/572 566/596/574 598/596/582 597/594/581
f 552/577/573 553/579/575 585/579/611 584/577/610
f 566/596/574 567/598/576 599/598/612 598/596/582
f 553/579/575 554/580/577 586/580/613 585/579/611
f 567/598/576 568/600/578 600/600/614 599/598/612
f 554/580/577 555/581/579 587/581/615 586/580/613
f 568/600/578 569/602/580 601/602/616 600/600/614
f 555/581/579 556/582/518 588/582/617 587/581/615
f 569/602/580 570/603/552 602/603/618 601/602/616
f 556/582/518 557/584/517 589/584/619 588/582/617
f 570/603/552 571/604/551 603/604/620 602/603/618
f 557/584/517 558/586/553 590/586/621 589/584/619
f 571/604/551 572/605/622 604/605/623 603/604/620
f 558/586/553 559/587/547 591/587/550 590/586/621
f 546/568/606 545/567/585 577/567/588 578/568/607
f 572/605/622 573/606/589 605/606/592 604/605/623
f 609/567/624 611/570/624 612/571/624 613/324/624 614/325/624 615/575/624 616/577/624 617/579/624 618/580/624 619/581/624 620/582/624 621/584/624 622/586/624 623/587/624 624/589/624 625/590/624 626/591/624 627/592/624 628/593/624 629/594/624 630/596/624 631/598/624 632/600/624 633/602/624 634/603/624 635/604/624 636/605/624 637/606/624 638/607/624 639/608/624 640/609/624 610/568/624
f 584/577/610 585/579/611 617/579/625 616/577/626
f 598/596/582 599/598/612 631/598/627 630/596/583
f 585/579/611 586/580/613 618/580/628 617/579/625
f 599/598/612 600/600/614 632/600/629 631/598/627
f 586/580/613 587/581/615 619/581/630 618/580/628
f 600/600/614 601/602/616 633/602/631 632/600/629
f 587/581/615 588/582/617 620/582/632 619/581/630
f 601/602/616 602/603/618 634/603/633 633/602/631
f 588/582/617 589/584/619 621/584/634 620/582/632
f 602/603/618 603/604/620 635/604/635 634/603/633
f 589/584/619 590/586/621 622/586/636 621/584/634
f 603/604/620 604/605/623 636/605/637 635/604/635
f 590/586/621 591/587/638 623/587/639 622/586/636
f 578/568/607 577/567/588 609/567/640 610/568/641
f 604/605/623 605/606/592 637/606/642 636/605/637
f 591/587/638 592/589/643 624/589/643 623/587/639
f 577/567/588 579/570/587 611/570/644 609/567/640
f 605/606/592 606/607/591 638/607/645 637/606/642
f 592/589/643 593/590/646 625/590/646 624/589/643
f 579/570/587 580/571/595 612/571/647 611/570/644
f 606/607/591 607/608/597 639/608/648 638/607/645
f 593/590/646 594/591/649 626/591/649 625/590/646
f 580/571/595 581/324/600 613/324/650 612/571/647
f 607/608/597 608/609/602 640/609/651 639/608/648
f 594/591/649 595/592/652 627/592/653 626/591/649
f 581/324/600 582/325/605 614/325/654 613/324/650
f 608/609/602 578/568/607 610/568/641 640/609/651
f 595/592/652 596/593/608 628/593/655 627/592/653
f 582/325/605 583/575/609 615/575/656 614/325/654
f 596/593/608 597/594/581 629/594/584 628/593/655
f 583/575/609 584/577/610 616/577/626 615/575/656
o Sphere.006
v 0.864566 0.185434 0.313268
v 0.864566 0.123903 0.270196
v 0.864566 0.043509 0.246886
v 0.864566 0.000000 0.243887
v 0.864566 -0.043509 0.246886
v 0.864566 -0.123903 0.270196
v 0.873055 0.218734 0.370129
v 0.881217 0.206043 0.341406
v 0.888739 0.185434 0.314935
v 0.895332 0.157698 0.291732
v 0.900743 0.123903 0.272691
v 0.904763 0.085346 0.258541
v 0.907239 0.043509 0.249828
v 0.908075 0.000000 0.246886
v 0.907239 -0.043509 0.249828
v 0.904763 -0.085346 0.258541
v 0.900743 -0.123903 0.272691
v 0.895332 -0.157698 0.291732
v 0.888739 -0.185434 0.314935
v 0.881217 -0.206043 0.341406
v 0.873055 -0.218734 0.370129
v 0.881217 0.218734 0.371862
v 0.897227 0.206043 0.344806
v 0.911982 0.185434 0.319870
v 0.924915 0.157698 0.298014
v 0.935529 0.123903 0.280077
v 0.943416 0.085346 0.266749
v 0.948272 0.043509 0.258541
v 0.949912 0.000000 0.255770
v 0.948272 -0.043509 0.258541
v 0.943416 -0.085346 0.266749
v 0.935529 -0.123903 0.280077
v 0.924915 -0.157698 0.298014
v 0.911982 -0.185434 0.319870
v 0.897227 -0.206043 0.344806
v 0.881217 -0.218734 0.371862
v 0.888739 0.218734 0.374677
v 0.911982 0.206043 0.350326
v 0.933403 0.185434 0.327885
v 0.952179 0.157698 0.308215
v 0.967588 0.123903 0.292072
v 0.979038 0.085346 0.280077
v 0.986089 0.043509 0.272691
v 0.988469 0.000000 0.270196
v 0.986089 -0.043509 0.272691
v 0.979038 -0.085346 0.280077
v 0.967588 -0.123903 0.292072
v 0.952179 -0.157698 0.308215
v 0.933403 -0.185434 0.327885
v 0.911982 -0.206043 0.350326
v 0.888739 -0.218734 0.374677
v 0.895332 0.218734 0.378464
v 0.924915 0.206043 0.357756
v 0.952179 0.185434 0.338671
v 0.976076 0.157698 0.321943
v 0.995688 0.123903 0.308215
v 1.010261 0.085346 0.298014
v 1.019235 0.043509 0.291732
v 1.022265 0.000000 0.289611
v 1.019235 -0.043509 0.291732
v 1.010261 -0.085346 0.298014
v 0.995688 -0.123903 0.308215
v 0.976076 -0.157698 0.321943
v 0.952179 -0.185434 0.338671
v 0.924915 -0.206043 0.357756
v 0.895332 -0.218734 0.378464
v 0.900743 0.218734 0.383079
v 0.935529 0.206043 0.366809
v 0.967588 0.185434 0.351814
v 0.995688 0.157698 0.338671
v 1.018749 0.123903 0.327885
v 1.035885 0.085346 0.319870
v 1.046437 0.043509 0.314935
v 1.050000 0.000000 0.313268
v 1.046437 -0.043509 0.314935
v 1.035885 -0.085346 0.319870
v 1.018749 -0.123903 0.327885
v 0.995688 -0.157698 0.338671
v 0.967588 -0.185434 0.351814
v 0.935529 -0.206043 0.366809
v 0.900743 -0.218734 0.383079
v 0.864566 0.223019 0.400000
v 0.904763 0.218734 0.388345
v 0.943416 0.206043 0.377138
v 0.979038 0.185434 0.366809
v 1.010261 0.157698 0.357756
v 1.035885 0.123903 0.350326
v 1.054925 0.085346 0.344806
v 1.066650 0.043509 0.341406
v 1.070609 0.000000 0.340258
v 1.066650 -0.043509 0.341406
v 1.054925 -0.085346 0.344806
v 1.035885 -0.123903 0.350326
v 1.010261 -0.157698 0.357756
v 0.979038 -0.185434 0.366809
v 0.943416 -0.206043 0.377138
v 0.904763 -0.218734 0.388345
v 0.907239 0.218734 0.394058
v 0.948272 0.206043 0.388345
v 0.986089 0.185434 0.383079
v 1.019235 0.157698 0.378464
v 1.046437 0.123903 0.374677
v 1.066650 0.085346 0.371862
v 1.079098 0.043509 0.370129
v 1.083300 0.000000 0.369544
v 1.079098 -0.043509 0.370129
v 1.066650 -0.085346 0.371862
v 1.046437 -0.123903 0.374677
v 1.019235 -0.157698 0.378464
v 0.986089 -0.185434 0.383079
v 0.948272 -0.206043 0.388345
v 0.907239 -0.218734 0.394058
v 0.908075 0.218734 0.400000
v 0.949912 0.206043 0.400000
v 0.988469 0.185434 0.400000
v 1.022265 0.157698 0.400000
v 1.050000 0.123903 0.400000
v 1.070609 0.085346 0.400000
v 1.083300 0.043509 0.400000
v 1.087586 0.000000 0.400000
v 1.083300 -0.043509 0.400000
v 1.070609 -0.085346 0.400000
v 1.050000 -0.123903 0.400000
v 1.022265 -0.157698 0.400000
v 0.988469 -0.185434 0.400000
v 0.949912 -0.206043 0.400000
v 0.908075 -0.218734 0.400000
v 0.907239 0.218734 0.405942
v 0.948272 0.206043 0.411655
v 0.986089 0.185434 0.416921
v 1.019235 0.157698 0.421536
v 1.046437 0.123903 0.425323
v 1.066650 0.085346 0.428138
v 1.079098 0.043509 0.429871
v 1.083300 0.000000 0.430456
v 1.079098 -0.043509 0.429871
v 1.066650 -0.085346 0.428138
v 1.046437 -0.123903 0.425323
v 1.019235 -0.157698 0.421536
v 0.986089 -0.185434 0.416921
v 0.948272 -0.206043 0.411655
v 0.907239 -0.218734 0.405942
v 0.904763 0.218734 0.411655
v 0.943416 0.206043 0.422862
v 0.979038 0.185434 0.433191
v 1.010261 0.157698 0.442244
v 1.035885 0.123903 0.449674
v 1.054925 0.085346 0.455194
v 1.066650 0.043509 0.458594
v 1.070609 0.000000 0.459742
v 1.066650 -0.043509 0.458594
v 1.054925 -0.085346 0.455194
v 1.035885 -0.123903 0.449674
v 1.010261 -0.157698 0.442244
v 0.979038 -0.185434 0.433191
v 0.943416 -0.206043 0.422862
v 0.904763 -0.218734 0.411655
v 0.900743 0.218734 0.416921
v 0.935529 0.206043 0.433191
v 0.967588 0.185434 0.448186
v 0.995688 0.157698 0.461329
v 1.018749 0.123903 0.472115
v 1.035885 0.085346 0.480130
v 1.046437 0.043509 0.485065
v 1.050000 0.000000 0.486732
v 1.046437 -0.043509 0.485065
v 1.035885 -0.085346 0.480130
v 1.018749 -0.123903 0.472115
v 0.995688 -0.157698 0.461329
v 0.967588 -0.185434 0.448186
v 0.935529 -0.206043 0.433191
v 0.900743 -0.218734 0.416921
v 0.895332 0.218734 0.421536
v 0.924915 0.206043 0.442244
v 0.952179 0.185434 0.461329
v 0.976076 0.157698 0.478057
v 0.995688 0.123903 0.491785
v 1.010261 0.085346 0.501986
v 1.019235 0.043509 0.508268
v 1.022265 0.000000 0.510389
v 1.019235 -0.043509 0.508268
v 1.010261 -0.085346 0.501986
v 0.995688 -0.123903 0.491785
v 0.976076 -0.157698 0.478057
v 0.952179 -0.185434 0.461329
v 0.924915 -0.206043 0.442244
v 0.895332 -0.218734 0.421536
v 0.888739 0.218734 0.425323
v 0.911982 0.206043 0.449674
v 0.933403 0.185434 0.472115
v 0.952179 0.157698 0.491785
v 0.967588 0.123903 0.507928
v 0.979038 0.085346 0.519923
v 0.986089 0.043509 0.527309
v 0.988469 0.000000 0.529804
v 0.986089 -0.043509 0.527309
v 0.979038 -0.085346 0.519923
v 0.967588 -0.123903 0.507928
v 0.952179 -0.157698 0.491785
v 0.933403 -0.185434 0.472115
v 0.911982 -0.206043 0.449674
v 0.888739 -0.218734 0.425323
v 0.881217 0.218734 0.428138
v 0.897227 0.206043 0.455194
v 0.911982 0.185434 0.480130
v 0.924915 0.157698 0.501986
v 0.935529 0.123903 0.519923
v 0.943416 0.085346 0.533251
v 0.948272 0.043509 0.541459
v 0.949912 0.000000 0.544230
v 0.948272 -0.043509 0.541459
v 0.943416 -0.085346 0.533251
v 0.935529 -0.123903 0.519923
v 0.924915 -0.157698 0.501986
v 0.911982 -0.185434 0.480130
v 0.897227 -0.206043 0.455194
v 0.881217 -0.218734 0.428138
v 0.873055 0.218734 0.429871
v 0.881217 0.206043 0.458594
v 0.888739 0.185434 0.485065
v 0.895332 0.157698 0.508268
v 0.900743 0.123903 0.527309
v 0.904763 0.085346 0.541459
v 0.907239 0.043509 0.550172
v 0.908075 0.000000 0.553114
v 0.907239 -0.043509 0.550172
v 0.904763 -0.085346 0.541459
v 0.900743 -0.123903 0.527309
v 0.895332 -0.157698 0.508268
v 0.888739 -0.185434 0.485065
v 0.881217 -0.206043 0.458594
v 0.873055 -0.218734 0.429871
v 0.864566 0.218734 0.430456
v 0.864566 0.206043 0.459742
v 0.864566 0.185434 0.486732
v 0.864566 0.157698 0.510389
v 0.864566 0.123903 0.529804
v 0.864566 0.085346 0.544230
v 0.864566 0.043509 0.553114
v 0.864566 0.000000 0.556113
v 0.864566 -0.043509 0.553114
v 0.864566 -0.085346 0.544230
v 0.864566 -0.123903 0.529804
v 0.864566 -0.157698 0.510389
v 0.864566 -0.185434 0.486732
v 0.864566 -0.206043 0.459742
v 0.864566 -0.218734 0.430456
v 0.856078 0.218734 0.429871
v 0.847916 0.206043 0.458594
v 0.840394 0.185434 0.485065
v 0.833801 0.157698 0.508268
v 0.828390 0.123903 0.527309
v 0.824369 0.085346 0.541459
v 0.821894 0.043509 0.550172
v 0.821057 0.000000 0.553114
v 0.821894 -0.043509 0.550172
v 0.824369 -0.085346 0.541459
v 0.828390 -0.123903 0.527309
v 0.833801 -0.157698 0.508268
v 0.840394 -0.185434 0.485065
v 0.847916 -0.206043 0.458594
v 0.856078 -0.218734 0.429871
v 0.847916 0.218734 0.428138
v 0.831906 0.206043 0.455194
v 0.817151 0.185434 0.480130
v 0.804218 0.157698 0.501986
v 0.793604 0.123903 0.519923
v 0.785717 0.085346 0.533251
v 0.780861 0.043509 0.541459
v 0.779221 0.000000 0.544230
v 0.780861 -0.043509 0.541459
v 0.785717 -0.085346 0.533251
v 0.793604 -0.123903 0.519923
v 0.804218 -0.157698 0.501986
v 0.817151 -0.185434 0.480130
v 0.831906 -0.206043 0.455194
v 0.847916 -0.218734 0.428138
v 0.840394 0.218734 0.425323
v 0.817151 0.206043 0.449674
v 0.795730 0.185434 0.472115
v 0.776954 0.157698 0.491785
v 0.761545 0.123903 0.507928
v 0.750095 0.085346 0.519923
v 0.743044 0.043509 0.527309
v 0.740664 0.000000 0.529804
v 0.743044 -0.043509 0.527309
v 0.750095 -0.085346 0.519923
v 0.761545 -0.123903 0.507928
v 0.776954 -0.157698 0.491785
v 0.795730 -0.185434 0.472115
v 0.817151 -0.206043 0.449674
v 0.840394 -0.218734 0.425323
v 0.833801 0.218734 0.421536
v 0.804218 0.206043 0.442244
v 0.776954 0.185434 0.461329
v 0.753057 0.157698 0.478057
v 0.733445 0.123903 0.491785
v 0.718872 0.085346 0.501986
v 0.709898 0.043509 0.508268
v 0.706868 0.000000 0.510389
v 0.709898 -0.043509 0.508268
v 0.718872 -0.085346 0.501986
v 0.733445 -0.123903 0.491785
v 0.753057 -0.157698 0.478057
v 0.776954 -0.185434 0.461329
v 0.804218 -0.206043 0.442244
v 0.833801 -0.218734 0.421536
v 0.864566 -0.223019 0.400000
v 0.828390 0.218734 0.416921
v 0.793604 0.206043 0.433191
v 0.761545 0.185434 0.448186
v 0.733445 0.157698 0.461329
v 0.710384 0.123903 0.472115
v 0.693248 0.085346 0.480130
v 0.682696 0.043509 0.485065
v 0.679133 0.000000 0.486732
v 0.682696 -0.043509 0.485065
v 0.693248 -0.085346 0.480130
v 0.710384 -0.123903 0.472115
v 0.733445 -0.157698 0.461329
v 0.761545 -0.185434 0.448186
v 0.793604 -0.206043 0.433191
v 0.828390 -0.218734 0.416921
v 0.824369 0.218734 0.411655
v 0.785717 0.206043 0.422862
v 0.750095 0.185434 0.433191
v 0.718872 0.157698 0.442244
v 0.693248 0.123903 0.449674
v 0.674208 0.085346 0.455194
v 0.662483 0.043509 0.458594
v 0.658524 0.000000 0.459742
v 0.662483 -0.043509 0.458594
v 0.674208 -0.085346 0.455194
v 0.693248 -0.123903 0.449674
v 0.718872 -0.157698 0.442244
v 0.750095 -0.185434 0.433191
v 0.785717 -0.206043 0.422862
v 0.824369 -0.218734 0.411655
v 0.821894 0.218734 0.405942
v 0.780861 0.206043 0.411655
v 0.743044 0.185434 0.416921
v 0.709898 0.157698 0.421536
v 0.682696 0.123903 0.425323
v 0.662483 0.085346 0.428138
v 0.650035 0.043509 0.429871
v 0.645833 0.000000 0.430456
v 0.650035 -0.043509 0.429871
v 0.662483 -0.085346 0.428138
v 0.682696 -0.123903 0.425323
v 0.709898 -0.157698 0.421536
v 0.743044 -0.185434 0.416921
v 0.780861 -0.206043 0.411655
v 0.821894 -0.218734 0.405942
v 0.821058 0.218734 0.400000
v 0.779221 0.206043 0.400000
v 0.740664 0.185434 0.400000
v 0.706868 0.157698 0.400000
v 0.679133 0.123903 0.400000
v 0.658524 0.085346 0.400000
v 0.645833 0.043509 0.400000
v 0.641547 0.000000 0.400000
v 0.645833 -0.043509 0.400000
v 0.658524 -0.085346 0.400000
v 0.679133 -0.123903 0.400000
v 0.706868 -0.157698 0.400000
v 0.740664 -0.185434 0.400000
v 0.779221 -0.206043 0.400000
v 0.821058 -0.218734 0.400000
v 0.821894 0.218734 0.394058
v 0.780861 0.206043 0.388345
v 0.743044 0.185434 0.383079
v 0.709898 0.157698 0.378464
v 0.682696 0.123903 0.374677
v 0.662483 0.085346 0.371862
v 0.650035 0.043509 0.370129
v 0.645833 0.000000 0.369544
v 0.650035 -0.043509 0.370129
v 0.662483 -0.085346 0.371862
v 0.682696 -0.123903 0.374677
v 0.709898 -0.157698 0.378464
v 0.743044 -0.185434 0.383079
v 0.780861 -0.206043 0.388345
v 0.821894 -0.218734 0.394058
v 0.824369 0.218734 0.388345
v 0.785717 0.206043 0.377138
v 0.750095 0.185434 0.366809
v 0.718872 0.157698 0.357756
v 0.693248 0.123903 0.350326
v 0.674208 0.085346 0.344806
v 0.662483 0.043509 0.341406
v 0.658524 0.000000 0.340258
v 0.662483 -0.043509 0.341406
v 0.674208 -0.085346 0.344806
v 0.693248 -0.123903 0.350326
v 0.718872 -0.157698 0.357756
v 0.750095 -0.185434 0.366809
v 0.785717 -0.206043 0.377138
v 0.824369 -0.218734 0.388345
v 0.828390 0.218734 0.383079
v 0.793604 0.206043 0.366809
v 0.761545 0.185434 0.351814
v 0.733445 0.157698 0.338671
v 0.710384 0.123903 0.327885
v 0.693248 0.085346 0.319870
v 0.682696 0.043509 0.314935
v 0.679133 0.000000 0.313268
v 0.682696 -0.043509 0.314935
v 0.693248 -0.085346 0.319870
v 0.710384 -0.123903 0.327885
v 0.733445 -0.157698 0.338671
v 0.761545 -0.185434 0.351814
v 0.793604 -0.206043 0.366809
v 0.828390 -0.218734 0.383079
v 0.833801 0.218734 0.378464
v 0.804218 0.206043 0.357756
v 0.776954 0.185434 0.338671
v 0.753057 0.157698 0.321943
v 0.733445 0.123903 0.308215
v 0.718872 0.085346 0.298014
v 0.709898 0.043509 0.291732
v 0.706868 0.000000 0.289611
v 0.709898 -0.043509 0.291732
v 0.718872 -0.085346 0.298014
v 0.733445 -0.123903 0.308215
v 0.753057 -0.157698 0.321943
v 0.776954 -0.185434 0.338671
v 0.804218 -0.206043 0.357756
v 0.833801 -0.218734 0.378464
v 0.840394 0.218734 0.374677
v 0.817151 0.206043 0.350326
v 0.795730 0.185434 0.327885
v 0.776954 0.157698 0.308215
v 0.761545 0.123903 0.292072
v 0.750095 0.085346 0.280077
v 0.743044 0.043509 0.272691
v 0.740664 0.000000 0.270196
v 0.743044 -0.043509 0.272691
v 0.750095 -0.085346 0.280077
v 0.761545 -0.123903 0.292072
v 0.776954 -0.157698 0.308215
v 0.795730 -0.185434 0.327885
v 0.817151 -0.206043 0.350326
v 0.840394 -0.218734 0.374677
v 0.847916 0.218734 0.371862
v 0.831906 0.206043 0.344806
v 0.817151 0.185434 0.319870
v 0.804218 0.157698 0.298014
v 0.793604 0.123903 0.280077
v 0.785717 0.085346 0.266749
v 0.780861 0.043509 0.258541
v 0.779221 0.000000 0.255770
v 0.780861 -0.043509 0.258541
v 0.785717 -0.085346 0.266749
v 0.793604 -0.123903 0.280077
v 0.804218 -0.157698 0.298014
v 0.817151 -0.185434 0.319870
v 0.831906 -0.206043 0.344806
v 0.847916 -0.218734 0.371862
v 0.856078 0.218734 0.370129
v 0.847916 0.206043 0.341406
v 0.840394 0.185434 0.314935
v 0.833801 0.157698 0.291732
v 0.828390 0.123903 0.272691
v 0.824369 0.085346 0.258541
v 0.821894 0.043509 0.249828
v 0.821058 0.000000 0.246886
v 0.821894 -0.043509 0.249828
v 0.824369 -0.085346 0.258541
v 0.828390 -0.123903 0.272691
v 0.833801 -0.157698 0.291732
v 0.840394 -0.185434 0.314935
v 0.847916 -0.206043 0.341406
v 0.856078 -0.218734 0.370129
v 0.864566 0.218734 0.369544
v 0.864566 0.206043 0.340258
v 0.864566 0.157698 0.289611
v 0.864566 0.085346 0.255770
v 0.864566 -0.085346 0.255770
v 0.864566 -0.157698 0.289611
v 0.864567 -0.185434 0.313268
v 0.864566 -0.206043 0.340258
v 0.864566 -0.218734 0.369544
vn -0.0000 0.7196 -0.6944
vn -0.0000 0.4211 -0.9070
vn -0.0000 0.1371 -0.9906
vn -0.0000 -0.0000 -1.0000
vn -0.0000 -0.1371 -0.9906
vn -0.0000 -0.4211 -0.9070
vn 0.0384 0.9604 -0.2761
vn 0.0705 0.8593 -0.5067
vn 0.0953 0.7230 -0.6843
vn 0.1129 0.5739 -0.8111
vn 0.1249 0.4245 -0.8968
vn 0.1324 0.2793 -0.9510
vn 0.1366 0.1384 -0.9809
vn 0.1379 -0.0000 -0.9904
vn 0.1366 -0.1384 -0.9809
vn 0.1324 -0.2793 -0.9510
vn 0.1249 -0.4245 -0.8968
vn 0.1129 -0.5739 -0.8111
vn 0.0953 -0.7230 -0.6843
vn 0.0705 -0.8593 -0.5067
vn 0.0384 -0.9604 -0.2761
vn 0.0756 0.9625 -0.2606
vn 0.1394 0.8657 -0.4808
vn 0.1895 0.7329 -0.6534
vn 0.2258 0.5851 -0.7789
vn 0.2508 0.4347 -0.8649
vn 0.2668 0.2869 -0.9201
vn 0.2756 0.1424 -0.9507
vn 0.2785 -0.0000 -0.9604
vn 0.2756 -0.1424 -0.9507
vn 0.2668 -0.2869 -0.9201
vn 0.2508 -0.4347 -0.8649
vn 0.2258 -0.5851 -0.7789
vn 0.1895 -0.7329 -0.6534
vn 0.1394 -0.8657 -0.4808
vn 0.0756 -0.9625 -0.2606
vn 0.1101 0.9657 -0.2353
vn 0.2047 0.8755 -0.4377
vn 0.2809 0.7485 -0.6006
vn 0.3380 0.6031 -0.7225
vn 0.3781 0.4514 -0.8083
vn 0.4042 0.2994 -0.8643
vn 0.4189 0.1491 -0.8957
vn 0.4237 -0.0000 -0.9058
vn 0.4189 -0.1491 -0.8957
vn 0.4042 -0.2994 -0.8643
vn 0.3781 -0.4514 -0.8083
vn 0.3380 -0.6031 -0.7225
vn 0.2809 -0.7485 -0.6006
vn 0.2047 -0.8755 -0.4377
vn 0.1101 -0.9657 -0.2353
vn 0.1406 0.9695 -0.2009
vn 0.2641 0.8876 -0.3773
vn 0.3670 0.7684 -0.5243
vn 0.4469 0.6266 -0.6384
vn 0.5050 0.4737 -0.7215
vn 0.5440 0.3166 -0.7771
vn 0.5662 0.1583 -0.8089
vn 0.5735 -0.0000 -0.8192
vn 0.5662 -0.1583 -0.8089
vn 0.5440 -0.3166 -0.7771
vn 0.5050 -0.4737 -0.7215
vn 0.4469 -0.6266 -0.6384
vn 0.3670 -0.7684 -0.5243
vn 0.2641 -0.8876 -0.3773
vn 0.1406 -0.9695 -0.2009
vn 0.1660 0.9733 -0.1585
vn 0.3150 0.9002 -0.3007
vn 0.4436 0.7898 -0.4235
vn 0.5478 0.6531 -0.5229
vn 0.6265 0.4998 -0.5980
vn 0.6810 0.3370 -0.6501
vn 0.7129 0.1695 -0.6805
vn 0.7234 -0.0000 -0.6905
vn 0.7129 -0.1695 -0.6805
vn 0.6810 -0.3370 -0.6501
vn 0.6265 -0.4998 -0.5980
vn 0.5478 -0.6531 -0.5229
vn 0.4436 -0.7898 -0.4235
vn 0.3150 -0.9002 -0.3007
vn 0.1660 -0.9733 -0.1585
vn -0.0000 1.0000 -0.0000
vn 0.1851 0.9766 -0.1095
vn 0.3543 0.9113 -0.2097
vn 0.5052 0.8095 -0.2990
vn 0.6322 0.6785 -0.3741
vn 0.7321 0.5256 -0.4332
vn 0.8036 0.3579 -0.4755
vn 0.8464 0.1811 -0.5008
vn 0.8606 -0.0000 -0.5093
vn 0.8464 -0.1811 -0.5008
vn 0.8036 -0.3579 -0.4755
vn 0.7321 -0.5256 -0.4332
vn 0.6322 -0.6785 -0.3741
vn 0.5052 -0.8095 -0.2990
vn 0.3543 -0.9113 -0.2097
vn 0.1851 -0.9766 -0.1095
vn 0.1969 0.9788 -0.0560
vn 0.3793 0.9190 -0.1078
vn 0.5456 0.8236 -0.1550
vn 0.6896 0.6971 -0.1960
vn 0.8063 0.5453 -0.2291
vn 0.8920 0.3743 -0.2535
vn 0.9443 0.1903 -0.2683
vn 0.9619 -0.0000 -0.2733
vn 0.9443 -0.1903 -0.2683
vn 0.8920 -0.3743 -0.2535
vn 0.8063 -0.5453 -0.2291
vn 0.6896 -0.6971 -0.1960
vn 0.5456 -0.8236 -0.1550
vn 0.3793 -0.9190 -0.1078
vn 0.1969 -0.9788 -0.0560
vn 0.2010 0.9796 -0.0000
vn 0.3879 0.9217 -0.0000
vn 0.5598 0.8286 -0.0000
vn 0.7101 0.7041 -0.0000
vn 0.8333 0.5528 -0.0000
vn 0.9248 0.3805 -0.0000
vn 0.9810 0.1939 -0.0000
vn 1.0000 -0.0000 -0.0000
vn 0.9810 -0.1939 -0.0000
vn 0.9248 -0.3805 -0.0000
vn 0.8333 -0.5528 -0.0000
vn 0.7101 -0.7041 -0.0000
vn 0.5598 -0.8286 -0.0000
vn 0.3879 -0.9217 -0.0000
vn 0.2010 -0.9796 -0.0000
vn 0.1969 0.9788 0.0560
vn 0.3793 0.9190 0.1078
vn 0.5456 0.8236 0.1550
vn 0.6896 0.6971 0.1960
vn 0.8063 0.5453 0.2291
vn 0.8920 0.3743 0.2535
vn 0.9443 0.1903 0.2683
vn 0.9619 -0.0000 0.2733
vn 0.9443 -0.1903 0.2683
vn 0.8920 -0.3743 0.2535
vn 0.8063 -0.5453 0.2291
vn 0.6896 -0.6971 0.1960
vn 0.5456 -0.8236 0.1550
vn 0.3793 -0.9190 0.1078
vn 0.1969 -0.9788 0.0560
vn 0.1851 0.9766 0.1095
vn 0.3543 0.9113 0.2097
vn 0.5052 0.8095 0.2990
vn 0.6322 0.6785 0.3741
vn 0.7321 0.5256 0.4332
vn 0.8036 0.3579 0.4755
vn 0.8464 0.1811 0.5008
vn 0.8606 -0.0000 0.5093
vn 0.8464 -0.1811 0.5008
vn 0.8036 -0.3579 0.4755
vn 0.7321 -0.5256 0.4332
vn 0.6322 -0.6785 0.3741
vn 0.5052 -0.8095 0.2990
vn 0.3543 -0.9113 0.2097
vn 0.1851 -0.9766 0.1095
vn 0.1660 0.9733 0.1585
vn 0.3150 0.9002 0.3007
vn 0.4436 0.7898 0.4235
vn 0.5478 0.6531 0.5229
vn 0.6265 0.4998 0.5980
vn 0.6810 0.3370 0.6501
vn 0.7129 0.1695 0.6805
vn 0.7234 -0.0000 0.6905
vn 0.7129 -0.1695 0.6805
vn 0.6810 -0.3370 0.6501
vn 0.6265 -0.4998 0.5980
vn 0.5478 -0.6531 0.5229
vn 0.4436 -0.7898 0.4235
vn 0.3150 -0.9002 0.3007
vn 0.1660 -0.9733 0.1585
vn 0.1406 0.9695 0.2009
vn 0.2641 0.8876 0.3773
vn 0.3670 0.7684 0.5243
vn 0.4469 0.6266 0.6384
vn 0.5050 0.4737 0.7215
vn 0.5440 0.3166 0.7771
vn 0.5662 0.1583 0.8089
vn 0.5735 -0.0000 0.8192
vn 0.5662 -0.1583 0.8089
vn 0.5440 -0.3166 0.7771
vn 0.5050 -0.4737 0.7215
vn 0.4469 -0.6266 0.6384
vn 0.3670 -0.7684 0.5243
vn 0.2641 -0.8876 0.3773
vn 0.1406 -0.9695 0.2009
vn 0.1101 0.9657 0.2353
vn 0.2047 0.8755 0.4377
vn 0.2809 0.7485 0.6006
vn 0.3380 0.6031 0.7225
vn 0.3781 0.4514 0.8083
vn 0.4042 0.2994 0.8643
vn 0.4189 0.1491 0.8957
vn 0.4237 -0.0000 0.9058
vn 0.4189 -0.1491 0.8957
vn 0.4042 -0.2994 0.8643
vn 0.3781 -0.4514 0.8083
vn 0.3380 -0.6031 0.7225
vn 0.2809 -0.7485 0.6006
vn 0.2047 -0.8755 0.4377
vn 0.1101 -0.9657 0.2353
vn 0.0756 0.9625 0.2606
vn 0.1394 0.8657 0.4808
vn 0.1895 0.7329 0.6534
vn 0.2258 0.5851 0.7789
vn 0.2508 0.4347 0.8649
vn 0.2668 0.2869 0.9201
vn 0.2756 0.1424 0.9507
vn 0.2785 -0.0000 0.9604
vn 0.2756 -0.1424 0.9507
vn 0.2668 -0.2869 0.9201
vn 0.2508 -0.4347 0.8649
vn 0.2258 -0.5851 0.7789
vn 0.1895 -0.7329 0.6534
vn 0.1394 -0.8657 0.4808
vn 0.0756 -0.9625 0.2606
vn 0.0384 0.9604 0.2761
vn 0.0705 0.8593 0.5067
vn 0.0953 0.7230 0.6843
vn 0.1129 0.5739 0.8111
vn 0.1249 0.4245 0.8968
vn 0.1324 0.2793 0.9510
vn 0.1366 0.1384 0.9809
vn 0.1379 -0.0000 0.9904
vn 0.1366 -0.1384 0.9809
vn 0.1324 -0.2793 0.9510
vn 0.1249 -0.4245 0.8968
vn 0.1129 -0.5739 0.8111
vn 0.0953 -0.7230 0.6843
vn 0.0705 -0.8593 0.5067
vn 0.0384 -0.9604 0.2761
vn -0.0000 0.9596 0.2812
vn -0.0000 0.8570 0.5152
vn -0.0000 0.7196 0.6944
vn -0.0000 0.5702 0.8215
vn -0.0000 0.4211 0.9070
vn -0.0000 0.2768 0.9609
vn -0.0000 0.1371 0.9906
vn -0.0000 -0.0000 1.0000
vn -0.0000 -0.1371 0.9906
vn -0.0000 -0.2768 0.9609
vn -0.0000 -0.4211 0.9070
vn -0.0000 -0.5702 0.8215
vn -0.0000 -0.7196 0.6944
vn -0.0000 -0.8570 0.5152
vn -0.0000 -0.9596 0.2812
vn -0.0384 0.9604 0.2761
vn -0.0705 0.8593 0.5067
vn -0.0953 0.7230 0.6843
vn -0.1129 0.5739 0.8111
vn -0.1249 0.4245 0.8968
vn -0.1324 0.2793 0.9510
vn -0.1366 0.1384 0.9809
vn -0.1379 -0.0000 0.9904
vn -0.1366 -0.1384 0.9809
vn -0.1324 -0.2793 0.9510
vn -0.1249 -0.4245 0.8968
vn -0.1129 -0.5739 0.8111
vn -0.0953 -0.7230 0.6843
vn -0.0705 -0.8593 0.5067
vn -0.0384 -0.9604 0.2761
vn -0.0756 0.9625 0.2606
vn -0.1394 0.8657 0.4808
vn -0.1895 0.7329 0.6534
vn -0.2258 0.5851 0.7789
vn -0.2508 0.4347 0.8649
vn -0.2668 0.2869 0.9201
vn -0.2756 0.1424 0.9507
vn -0.2785 -0.0000 0.9604
vn -0.2756 -0.1424 0.9507
vn -0.2668 -0.2869 0.9201
vn -0.2508 -0.4347 0.8649
vn -0.2258 -0.5851 0.7789
vn -0.1895 -0.7329 0.6534
vn -0.1394 -0.8657 0.4808
vn -0.0756 -0.9625 0.2606
vn -0.1101 0.9657 0.2353
vn -0.2047 0.8755 0.4377
vn -0.2809 0.7485 0.6006
vn -0.3380 0.6031 0.7225
vn -0.3781 0.4514 0.8083
vn -0.4042 0.2994 0.8643
vn -0.4189 0.1491 0.8957
vn -0.4237 -0.0000 0.9058
vn -0.4189 -0.1491 0.8957
vn -0.4042 -0.2994 0.8643
vn -0.3781 -0.4514 0.8083
vn -0.3380 -0.6031 0.7225
vn -0.2809 -0.7485 0.6006
vn -0.2047 -0.8755 0.4377
vn -0.1101 -0.9657 0.2353
vn -0.1406 0.9695 0.2009
vn -0.2641 0.8876 0.3773
vn -0.3670 0.7684 0.5243
vn -0.4469 0.6266 0.6384
vn -0.5050 0.4737 0.7215
vn -0.5440 0.3166 0.7771
vn -0.5662 0.1583 0.8089
vn -0.5735 -0.0000 0.8192
vn -0.5662 -0.1583 0.8089
vn -0.5440 -0.3166 0.7771
vn -0.5050 -0.4737 0.7215
vn -0.4469 -0.6266 0.6384
vn -0.3670 -0.7684 0.5243
vn -0.2641 -0.8876 0.3773
vn -0.1406 -0.9695 0.2009
vn -0.0000 -1.0000 -0.0000
vn -0.1660 0.9733 0.1585
vn -0.3150 0.9002 0.3007
vn -0.4436 0.7898 0.4235
vn -0.5478 0.6531 0.5229
vn -0.6265 0.4998 0.5980
vn -0.6810 0.3370 0.6501
vn -0.7129 0.1695 0.6805
vn -0.7234 -0.0000 0.6905
vn -0.7129 -0.1695 0.6805
vn -0.6810 -0.3370 0.6501
vn -0.6265 -0.4998 0.5980
vn -0.5478 -0.6531 0.5229
vn -0.4436 -0.7898 0.4235
vn -0.3150 -0.9002 0.3007
vn -0.1660 -0.9733 0.1585
vn -0.1851 0.9766 0.1095
vn -0.3543 0.9113 0.2097
vn -0.5052 0.8095 0.2990
vn -0.6322 0.6785 0.3741
vn -0.7321 0.5256 0.4332
vn -0.8036 0.3579 0.4755
vn -0.8464 0.1811 0.5008
vn -0.8606 -0.0000 0.5093
vn -0.8464 -0.1811 0.5008
vn -0.8036 -0.3579 0.4755
vn -0.7321 -0.5256 0.4332
vn -0.6322 -0.6785 0.3741
vn -0.5052 -0.8095 0.2990
vn -0.3543 -0.9113 0.2097
vn -0.1851 -0.9766 0.1095
vn -0.1969 0.9788 0.0560
vn -0.3793 0.9190 0.1078
vn -0.5456 0.8236 0.1550
vn -0.6896 0.6971 0.1960
vn -0.8063 0.5453 0.2291
vn -0.8920 0.3743 0.2535
vn -0.9443 0.1903 0.2683
vn -0.9619 -0.0000 0.2733
vn -0.9443 -0.1903 0.2683
vn -0.8920 -0.3743 0.2535
vn -0.8063 -0.5453 0.2291
vn -0.6896 -0.6971 0.1960
vn -0.5456 -0.8236 0.1550
vn -0.3793 -0.9190 0.1078
vn -0.1969 -0.9788 0.0560
vn -0.2010 0.9796 -0.0000
vn -0.3879 0.9217 -0.0000
vn -0.5598 0.8286 -0.0000
vn -0.7101 0.7041 -0.0000
vn -0.8333 0.5528 -0.0000
vn -0.9248 0.3805 -0.0000
vn -0.9810 0.1939 -0.0000
vn -1.0000 -0.0000 -0.0000
vn -0.9810 -0.1939 -0.0000
vn -0.9248 -0.3805 -0.0000
vn -0.8333 -0.5528 -0.0000
vn -0.7101 -0.7041 -0.0000
vn -0.5598 -0.8286 -0.0000
vn -0.3879 -0.9217 -0.0000
vn -0.2010 -0.9796 -0.0000
vn -0.1969 0.9788 -0.0560
vn -0.3793 0.9190 -0.1078
vn -0.5456 0.8236 -0.1550
vn -0.6896 0.6971 -0.1960
vn -0.8063 0.5453 -0.2291
vn -0.8920 0.3743 -0.2535
vn -0.9443 0.1903 -0.2683
vn -0.9619 -0.0000 -0.2733
vn -0.9443 -0.1903 -0.2683
vn -0.8920 -0.3743 -0.2535
vn -0.8063 -0.5453 -0.2291
vn -0.6896 -0.6971 -0.1960
vn -0.5456 -0.8236 -0.1550
vn -0.3793 -0.9190 -0.1078
vn -0.1969 -0.9788 -0.0560
vn -0.1851 0.9766 -0.1095
vn -0.3543 0.9113 -0.2097
vn -0.5052 0.8095 -0.2990
vn -0.6322 0.6785 -0.3741
vn -0.7321 0.5256 -0.4332
vn -0.8036 0.3579 -0.4755
vn -0.8464 0.1811 -0.5008
vn -0.8606 -0.0000 -0.5093
vn -0.8464 -0.1811 -0.5008
vn -0.8036 -0.3579 -0.4755
vn -0.7321 -0.5256 -0.4332
vn -0.6322 -0.6785 -0.3741
vn -0.5052 -0.8095 -0.2990
vn -0.3543 -0.9113 -0.2097
vn -0.1851 -0.9766 -0.1095
vn -0.1660 0.9733 -0.1585
vn -0.3150 0.9002 -0.3007
vn -0.4436 0.7898 -0.4235
vn -0.5478 0.6531 -0.5229
vn -0.6265 0.4998 -0.5980
vn -0.6810 0.3370 -0.6501
vn -0.7129 0.1695 -0.6805
vn -0.7234 -0.0000 -0.6905
vn -0.7129 -0.1695 -0.6805
vn -0.6810 -0.3370 -0.6501
vn -0.6265 -0.4998 -0.5980
vn -0.5478 -0.6531 -0.5229
vn -0.4436 -0.7898 -0.4235
vn -0.3150 -0.9002 -0.3007
vn -0.1660 -0.9733 -0.1585
vn -0.1406 0.9695 -0.2009
vn -0.2641 0.8876 -0.3773
vn -0.3670 0.7684 -0.5243
vn -0.4469 0.6266 -0.6384
vn -0.5050 0.4737 -0.7215
vn -0.5440 0.3166 -0.7771
vn -0.5662 0.1583 -0.8089
vn -0.5735 -0.0000 -0.8192
vn -0.5662 -0.1583 -0.8089
vn -0.5440 -0.3166 -0.7771
vn -0.5050 -0.4737 -0.7215
vn -0.4469 -0.6266 -0.6384
vn -0.3670 -0.7684 -0.5243
vn -0.2641 -0.8876 -0.3773
vn -0.1406 -0.9695 -0.2009
vn -0.1101 0.9657 -0.2353
vn -0.2047 0.8755 -0.4377
vn -0.2809 0.7485 -0.6006
vn -0.3380 0.6031 -0.7225
vn -0.3781 0.4514 -0.8083
vn -0.4042 0.2994 -0.8643
vn -0.4189 0.1491 -0.8957
vn -0.4237 -0.0000 -0.9058
vn -0.4189 -0.1491 -0.8957
vn -0.4042 -0.2994 -0.8643
vn -0.3781 -0.4514 -0.8083
vn -0.3380 -0.6031 -0.7225
vn -0.2809 -0.7485 -0.6006
vn -0.2047 -0.8755 -0.4377
vn -0.1101 -0.9657 -0.2353
vn -0.0756 0.9625 -0.2606
vn -0.1394 0.8657 -0.4808
vn -0.1895 0.7329 -0.6534
vn -0.2258 0.5851 -0.7789
vn -0.2508 0.4347 -0.8649
vn -0.2668 0.2869 -0.9201
vn -0.2756 0.1424 -0.9507
vn -0.2785 -0.0000 -0.9604
vn -0.2756 -0.1424 -0.9507
vn -0.2668 -0.2869 -0.9201
vn -0.2508 -0.4347 -0.8649
vn -0.2258 -0.5851 -0.7789
vn -0.1895 -0.7329 -0.6534
vn -0.1394 -0.8657 -0.4808
vn -0.0756 -0.9625 -0.2606
vn -0.0384 0.9604 -0.2761
vn -0.0705 0.8593 -0.5067
vn -0.0953 0.7230 -0.6843
vn -0.1129 0.5739 -0.8111
vn -0.1249 0.4245 -0.8968
vn -0.1324 0.2793 -0.9510
vn -0.1366 0.1384 -0.9809
vn -0.1379 -0.0000 -0.9904
vn -0.1366 -0.1384 -0.9809
vn -0.1324 -0.2793 -0.9510
vn -0.1249 -0.4245 -0.8968
vn -0.1129 -0.5739 -0.8111
vn -0.0953 -0.7230 -0.6843
vn -0.0705 -0.8593 -0.5067
vn -0.0384 -0.9604 -0.2761
vn -0.0000 0.9596 -0.2812
vn -0.0000 0.8570 -0.5152
vn -0.0000 0.5702 -0.8215
vn -0.0000 0.2768 -0.9609
vn -0.0000 -0.2768 -0.9609
vn -0.0000 -0.5702 -0.8215
vn -0.0000 -0.7196 -0.6944
vn -0.0000 -0.8570 -0.5152
vn -0.0000 -0.9596 -0.2812
vt 0.750000 0.500000
vt 0.750000 0.562500
vt 0.718750 0.562500
vt 0.718750 0.500000
vt 0.750000 0.937500
vt 0.734375 1.000000
vt 0.718750 0.937500
vt 0.734375 0.000000
vt 0.750000 0.062500
vt 0.718750 0.062500
vt 0.750000 0.437500
vt 0.718750 0.437500
vt 0.750000 0.875000
vt 0.718750 0.875000
vt 0.750000 0.375000
vt 0.718750 0.375000
vt 0.750000 0.812500
vt 0.718750 0.812500
vt 0.750000 0.312500
vt 0.718750 0.312500
vt 0.750000 0.750000
vt 0.718750 0.750000
vt 0.750000 0.250000
vt 0.718750 0.250000
vt 0.750000 0.687500
vt 0.718750 0.687500
vt 0.750000 0.187500
vt 0.718750 0.187500
vt 0.750000 0.625000
vt 0.718750 0.625000
vt 0.750000 0.125000
vt 0.718750 0.125000
vt 0.687500 0.625000
vt 0.687500 0.562500
vt 0.687500 0.125000
vt 0.687500 0.062500
vt 0.687500 0.500000
vt 0.703125 1.000000
vt 0.687500 0.937500
vt 0.703125 0.000000
vt 0.687500 0.437500
vt 0.687500 0.875000
vt 0.687500 0.375000
vt 0.687500 0.812500
vt 0.687500 0.312500
vt 0.687500 0.750000
vt 0.687500 0.250000
vt 0.687500 0.687500
vt 0.687500 0.187500
vt 0.656250 0.375000
vt 0.656250 0.312500
vt 0.656250 0.812500
vt 0.656250 0.750000
vt 0.656250 0.250000
vt 0.656250 0.687500
vt 0.656250 0.187500
vt 0.656250 0.625000
vt 0.656250 0.125000
vt 0.656250 0.562500
vt 0.656250 0.062500
vt 0.656250 0.500000
vt 0.671875 1.000000
vt 0.656250 0.937500
vt 0.671875 0.000000
vt 0.656250 0.437500
vt 0.656250 0.875000
vt 0.625000 0.125000
vt 0.625000 0.062500
vt 0.625000 0.562500
vt 0.625000 0.500000
vt 0.640625 1.000000
vt 0.625000 0.937500
vt 0.640625 0.000000
vt 0.625000 0.437500
vt 0.625000 0.875000
vt 0.625000 0.375000
vt 0.625000 0.812500
vt 0.625000 0.312500
vt 0.625000 0.750000
vt 0.625000 0.250000
vt 0.625000 0.687500
vt 0.625000 0.187500
vt 0.625000 0.625000
vt 0.593750 0.812500
vt 0.593750 0.750000
vt 0.593750 0.312500
vt 0.593750 0.250000
vt 0.593750 0.687500
vt 0.593750 0.187500
vt 0.593750 0.625000
vt 0.593750 0.125000
vt 0.593750 0.562500
vt 0.593750 0.062500
vt 0.593750 0.500000
vt 0.609375 1.000000
vt 0.593750 0.937500
vt 0.609375 0.000000
vt 0.593750 0.437500
vt 0.593750 0.875000
vt 0.593750 0.375000
vt 0.562500 0.562500
vt 0.562500 0.500000
vt 0.578125 1.000000
vt 0.562500 0.937500
vt 0.578125 0.000000
vt 0.562500 0.062500
vt 0.562500 0.437500
vt 0.562500 0.875000
vt 0.562500 0.375000
vt 0.562500 0.812500
vt 0.562500 0.312500
vt 0.562500 0.750000
vt 0.562500 0.250000
vt 0.562500 0.687500
vt 0.562500 0.187500
vt 0.562500 0.625000
vt 0.562500 0.125000
vt 0.531250 0.312500
vt 0.531250 0.250000
vt 0.531250 0.750000
vt 0.531250 0.687500
vt 0.531250 0.187500
vt 0.531250 0.625000
vt 0.531250 0.125000
vt 0.531250 0.562500
vt 0.531250 0.062500
vt 0.531250 0.500000
vt 0.546875 1.000000
vt 0.531250 0.937500
vt 0.546875 0.000000
vt 0.531250 0.437500
vt 0.531250 0.875000
vt 0.531250 0.375000
vt 0.531250 0.812500
vt 0.515625 0.000000
vt 0.500000 0.062500
vt 0.500000 0.500000
vt 0.500000 0.437500
vt 0.500000 0.937500
vt 0.500000 0.875000
vt 0.500000 0.375000
vt 0.500000 0.812500
vt 0.500000 0.312500
vt 0.500000 0.750000
vt 0.500000 0.250000
vt 0.500000 0.687500
vt 0.500000 0.187500
vt 0.500000 0.625000
vt 0.500000 0.125000
vt 0.500000 0.562500
vt 0.515625 1.000000
vt 0.468750 0.250000
vt 0.468750 0.187500
vt 0.468750 0.687500
vt 0.468750 0.625000
vt 0.468750 0.125000
vt 0.468750 0.562500
vt 0.468750 0.062500
vt 0.468750 0.500000
vt 0.484375 1.000000
vt 0.468750 0.937500
vt 0.484375 0.000000
vt 0.468750 0.437500
vt 0.468750 0.875000
vt 0.468750 0.375000
vt 0.468750 0.812500
vt 0.468750 0.312500
vt 0.468750 0.750000
vt 0.437500 0.937500
vt 0.437500 0.875000
vt 0.437500 0.437500
vt 0.437500 0.375000
vt 0.437500 0.812500
vt 0.437500 0.312500
vt 0.437500 0.750000
vt 0.437500 0.250000
vt 0.437500 0.687500
vt 0.437500 0.187500
vt 0.437500 0.625000
vt 0.437500 0.125000
vt 0.437500 0.562500
vt 0.437500 0.062500
vt 0.437500 0.500000
vt 0.453125 1.000000
vt 0.453125 0.000000
vt 0.406250 0.687500
vt 0.406250 0.625000
vt 0.406250 0.187500
vt 0.406250 0.125000
vt 0.406250 0.562500
vt 0.406250 0.062500
vt 0.406250 0.500000
vt 0.421875 1.000000
vt 0.406250 0.937500
vt 0.421875 0.000000
vt 0.406250 0.437500
vt 0.406250 0.875000
vt 0.406250 0.375000
vt 0.406250 0.812500
vt 0.406250 0.312500
vt 0.406250 0.750000
vt 0.406250 0.250000
vt 0.375000 0.437500
vt 0.375000 0.375000
vt 0.375000 0.875000
vt 0.375000 0.812500
vt 0.375000 0.312500
vt 0.375000 0.750000
vt 0.375000 0.250000
vt 0.375000 0.687500
vt 0.375000 0.187500
vt 0.375000 0.625000
vt 0.375000 0.125000
vt 0.375000 0.562500
vt 0.375000 0.062500
vt 0.375000 0.500000
vt 0.390625 1.000000
vt 0.375000 0.937500
vt 0.390625 0.000000
vt 0.343750 0.187500
vt 0.343750 0.125000
vt 0.343750 0.625000
vt 0.343750 0.562500
vt 0.343750 0.062500
vt 0.343750 0.500000
vt 0.359375 1.000000
vt 0.343750 0.937500
vt 0.359375 0.000000
vt 0.343750 0.437500
vt 0.343750 0.875000
vt 0.343750 0.375000
vt 0.343750 0.812500
vt 0.343750 0.312500
vt 0.343750 0.750000
vt 0.343750 0.250000
vt 0.343750 0.687500
vt 0.312500 0.875000
vt 0.312500 0.812500
vt 0.312500 0.375000
vt 0.312500 0.312500
vt 0.312500 0.750000
vt 0.312500 0.250000
vt 0.312500 0.687500
vt 0.312500 0.187500
vt 0.312500 0.625000
vt 0.312500 0.125000
vt 0.312500 0.562500
vt 0.312500 0.062500
vt 0.312500 0.500000
vt 0.328125 1.000000
vt 0.312500 0.937500
vt 0.328125 0.000000
vt 0.312500 0.437500
vt 0.281250 0.625000
vt 0.281250 0.562500
vt 0.281250 0.125000
vt 0.281250 0.062500
vt 0.281250 0.500000
vt 0.296875 1.000000
vt 0.281250 0.937500
vt 0.296875 0.000000
vt 0.281250 0.437500
vt 0.281250 0.875000
vt 0.281250 0.375000
vt 0.281250 0.812500
vt 0.281250 0.312500
vt 0.281250 0.750000
vt 0.281250 0.250000
vt 0.281250 0.687500
vt 0.281250 0.187500
vt 0.250000 0.375000
vt 0.250000 0.312500
vt 0.250000 0.812500
vt 0.250000 0.750000
vt 0.250000 0.250000
vt 0.250000 0.687500
vt 0.250000 0.187500
vt 0.250000 0.625000
vt 0.250000 0.125000
vt 0.250000 0.562500
vt 0.250000 0.062500
vt 0.250000 0.500000
vt 0.265625 1.000000
vt 0.250000 0.937500
vt 0.265625 0.000000
vt 0.250000 0.437500
vt 0.250000 0.875000
vt 0.218750 0.125000
vt 0.218750 0.062500
vt 0.218750 0.562500
vt 0.218750 0.500000
vt 0.234375 1.000000
vt 0.218750 0.937500
vt 0.234375 0.000000
vt 0.218750 0.437500
vt 0.218750 0.875000
vt 0.218750 0.375000
vt 0.218750 0.812500
vt 0.218750 0.312500
vt 0.218750 0.750000
vt 0.218750 0.250000
vt 0.218750 0.687500
vt 0.218750 0.187500
vt 0.218750 0.625000
vt 0.187500 0.312500
vt 0.187500 0.250000
vt 0.187500 0.750000
vt 0.187500 0.687500
vt 0.187500 0.187500
vt 0.187500 0.625000
vt 0.187500 0.125000
vt 0.187500 0.562500
vt 0.187500 0.062500
vt 0.187500 0.500000
vt 0.203125 1.000000
vt 0.187500 0.937500
vt 0.203125 0.000000
vt 0.187500 0.437500
vt 0.187500 0.875000
vt 0.187500 0.375000
vt 0.187500 0.812500
vt 0.171875 1.000000
vt 0.156250 0.937500
vt 0.171875 0.000000
vt 0.156250 0.062500
vt 0.156250 0.500000
vt 0.156250 0.437500
vt 0.156250 0.875000
vt 0.156250 0.375000
vt 0.156250 0.812500
vt 0.156250 0.312500
vt 0.156250 0.750000
vt 0.156250 0.250000
vt 0.156250 0.687500
vt 0.156250 0.187500
vt 0.156250 0.625000
vt 0.156250 0.125000
vt 0.156250 0.562500
vt 0.125000 0.750000
vt 0.125000 0.687500
vt 0.125000 0.250000
vt 0.125000 0.187500
vt 0.125000 0.625000
vt 0.125000 0.125000
vt 0.125000 0.562500
vt 0.125000 0.062500
vt 0.125000 0.500000
vt 0.140625 1.000000
vt 0.125000 0.937500
vt 0.140625 0.000000
vt 0.125000 0.437500
vt 0.125000 0.875000
vt 0.125000 0.375000
vt 0.125000 0.812500
vt 0.125000 0.312500
vt 0.093750 0.500000
vt 0.093750 0.437500
vt 0.093750 0.937500
vt 0.093750 0.875000
vt 0.093750 0.375000
vt 0.093750 0.812500
vt 0.093750 0.312500
vt 0.093750 0.750000
vt 0.093750 0.250000
vt 0.093750 0.687500
vt 0.093750 0.187500
vt 0.093750 0.625000
vt 0.093750 0.125000
vt 0.093750 0.562500
vt 0.093750 0.062500
vt 0.109375 1.000000
vt 0.109375 0.000000
vt 0.062500 0.250000
vt 0.062500 0.187500
vt 0.062500 0.687500
vt 0.062500 0.625000
vt 0.062500 0.125000
vt 0.062500 0.562500
vt 0.062500 0.062500
vt 0.062500 0.500000
vt 0.078125 1.000000
vt 0.062500 0.937500
vt 0.078125 0.000000
vt 0.062500 0.437500
vt 0.062500 0.875000
vt 0.062500 0.375000
vt 0.062500 0.812500
vt 0.062500 0.312500
vt 0.062500 0.750000
vt 0.031250 0.937500
vt 0.031250 0.875000
vt 0.031250 0.437500
vt 0.031250 0.375000
vt 0.031250 0.812500
vt 0.031250 0.312500
vt 0.031250 0.750000
vt 0.031250 0.250000
vt 0.031250 0.687500
vt 0.031250 0.187500
vt 0.031250 0.625000
vt 0.031250 0.125000
vt 0.031250 0.562500
vt 0.031250 0.062500
vt 0.031250 0.500000
vt 0.046875 1.000000
vt 0.046875 0.000000
vt 0.000000 0.687500
vt 0.000000 0.625000
vt 0.000000 0.187500
vt 0.000000 0.125000
vt 0.000000 0.562500
vt 0.000000 0.062500
vt 0.000000 0.500000
vt 0.015625 1.000000
vt 0.000000 0.937500
vt 0.015625 0.000000
vt 0.000000 0.437500
vt 0.000000 0.875000
vt 0.000000 0.375000
vt 0.000000 0.812500
vt 0.000000 0.312500
vt 0.000000 0.750000
vt 0.000000 0.250000
vt 1.000000 0.375000
vt 1.000000 0.437500
vt 0.968750 0.437500
vt 0.968750 0.375000
vt 1.000000 0.812500
vt 1.000000 0.875000
vt 0.968750 0.875000
vt 0.968750 0.812500
vt 1.000000 0.312500
vt 0.968750 0.312500
vt 1.000000 0.750000
vt 0.968750 0.750000
vt 1.000000 0.250000
vt 0.968750 0.250000
vt 1.000000 0.687500
vt 0.968750 0.687500
vt 1.000000 0.187500
vt 0.968750 0.187500
vt 1.000000 0.625000
vt 0.968750 0.625000
vt 1.000000 0.125000
vt 0.968750 0.125000
vt 1.000000 0.562500
vt 0.968750 0.562500
vt 1.000000 0.062500
vt 0.968750 0.062500
vt 1.000000 0.500000
vt 0.968750 0.500000
vt 1.000000 0.937500
vt 0.984375 1.000000
vt 0.968750 0.937500
vt 0.984375 0.000000
vt 0.937500 0.187500
vt 0.937500 0.125000
vt 0.937500 0.625000
vt 0.937500 0.562500
vt 0.937500 0.062500
vt 0.937500 0.500000
vt 0.953125 1.000000
vt 0.937500 0.937500
vt 0.953125 0.000000
vt 0.937500 0.437500
vt 0.937500 0.875000
vt 0.937500 0.375000
vt 0.937500 0.812500
vt 0.937500 0.312500
vt 0.937500 0.750000
vt 0.937500 0.250000
vt 0.937500 0.687500
vt 0.906250 0.375000
vt 0.906250 0.312500
vt 0.906250 0.812500
vt 0.906250 0.750000
vt 0.906250 0.250000
vt 0.906250 0.687500
vt 0.906250 0.187500
vt 0.906250 0.625000
vt 0.906250 0.125000
vt 0.906250 0.562500
vt 0.906250 0.062500
vt 0.906250 0.500000
vt 0.921875 1.000000
vt 0.906250 0.937500
vt 0.921875 0.000000
vt 0.906250 0.437500
vt 0.906250 0.875000
vt 0.875000 0.125000
vt 0.875000 0.062500
vt 0.875000 0.562500
vt 0.875000 0.500000
vt 0.890625 1.000000
vt 0.875000 0.937500
vt 0.890625 0.000000
vt 0.875000 0.437500
vt 0.875000 0.875000
vt 0.875000 0.375000
vt 0.875000 0.812500
vt 0.875000 0.312500
vt 0.875000 0.750000
vt 0.875000 0.250000
vt 0.875000 0.687500
vt 0.875000 0.187500
vt 0.875000 0.625000
vt 0.843750 0.812500
vt 0.843750 0.750000
vt 0.843750 0.312500
vt 0.843750 0.250000
vt 0.843750 0.687500
vt 0.843750 0.187500
vt 0.843750 0.625000
vt 0.843750 0.125000
vt 0.843750 0.562500
vt 0.843750 0.062500
vt 0.843750 0.500000
vt 0.859375 1.000000
vt 0.843750 0.937500
vt 0.859375 0.000000
vt 0.843750 0.437500
vt 0.843750 0.875000
vt 0.843750 0.375000
vt 0.812500 0.562500
vt 0.812500 0.500000
vt 0.828125 1.000000
vt 0.812500 0.937500
vt 0.828125 0.000000
vt 0.812500 0.062500
vt 0.812500 0.437500
vt 0.812500 0.875000
vt 0.812500 0.375000
vt 0.812500 0.812500
vt 0.812500 0.312500
vt 0.812500 0.750000
vt 0.812500 0.250000
vt 0.812500 0.687500
vt 0.812500 0.187500
vt 0.812500 0.625000
vt 0.812500 0.125000
vt 0.781250 0.312500
vt 0.781250 0.250000
vt 0.781250 0.750000
vt 0.781250 0.687500
vt 0.781250 0.187500
vt 0.781250 0.625000
vt 0.781250 0.125000
vt 0.781250 0.562500
vt 0.781250 0.062500
vt 0.781250 0.500000
vt 0.796875 1.000000
vt 0.781250 0.937500
vt 0.796875 0.000000
vt 0.781250 0.437500
vt 0.781250 0.875000
vt 0.781250 0.375000
vt 0.781250 0.812500
vt 0.765625 1.000000
vt 0.765625 0.000000
s 1
usemtl Material.004
f 644/611/660 643/612/659 653/613/669 654/614/670
f 1114/615/1130 722/616/738 647/617/663
f 948/618/964 1122/619/1138 661/620/677
f 645/621/661 644/611/660 654/614/670 655/622/671
f 1115/623/1131 1114/615/1130 647/617/663 648/624/664
f 1118/625/1134 645/621/661 655/622/671 656/626/672
f 641/627/657 1115/623/1131 648/624/664 649/628/665
f 646/629/662 1118/625/1134 656/626/672 657/630/673
f 1116/631/1132 641/627/657 649/628/665 650/632/666
f 1119/633/1135 646/629/662 657/630/673 658/634/674
f 642/635/658 1116/631/1132 650/632/666 651/636/667
f 1120/637/1136 1119/633/1135 658/634/674 659/638/675
f 1117/639/1133 642/635/658 651/636/667 652/640/668
f 1121/641/1137 1120/637/1136 659/638/675 660/642/676
f 643/612/659 1117/639/1133 652/640/668 653/613/669
f 1122/619/1138 1121/641/1137 660/642/676 661/620/677
f 653/613/669 652/640/668 667/643/683 668/644/684
f 661/620/677 660/642/676 675/645/691 676/646/692
f 654/614/670 653/613/669 668/644/684 669/647/685
f 647/617/663 722/648/738 662/649/678
f 948/650/964 661/620/677 676/646/692
f 655/622/671 654/614/670 669/647/685 670/651/686
f 648/624/664 647/617/663 662/649/678 663/652/679
f 656/626/672 655/622/671 670/651/686 671/653/687
f 649/628/665 648/624/664 663/652/679 664/654/680
f 657/630/673 656/626/672 671/653/687 672/655/688
f 650/632/666 649/628/665 664/654/680 665/656/681
f 658/634/674 657/630/673 672/655/688 673/657/689
f 651/636/667 650/632/666 665/656/681 666/658/682
f 659/638/675 658/634/674 673/657/689 674/659/690
f 652/640/668 651/636/667 666/658/682 667/643/683
f 660/642/676 659/638/675 674/659/690 675/645/691
f 672/655/688 671/653/687 686/660/702 687/661/703
f 665/656/681 664/654/680 679/662/695 680/663/696
f 673/657/689 672/655/688 687/661/703 688/664/704
f 666/658/682 665/656/681 680/663/696 681/665/697
f 674/659/690 673/657/689 688/664/704 689/666/705
f 667/643/683 666/658/682 681/665/697 682/667/698
f 675/645/691 674/659/690 689/666/705 690/668/706
f 668/644/684 667/643/683 682/667/698 683/669/699
f 676/646/692 675/645/691 690/668/706 691/670/707
f 669/647/685 668/644/684 683/669/699 684/671/700
f 662/649/678 722/672/738 677/673/693
f 948/674/964 676/646/692 691/670/707
f 670/651/686 669/647/685 684/671/700 685/675/701
f 663/652/679 662/649/678 677/673/693 678/676/694
f 671/653/687 670/651/686 685/675/701 686/660/702
f 664/654/680 663/652/679 678/676/694 679/662/695
f 691/670/707 690/668/706 705/677/721 706/678/722
f 684/671/700 683/669/699 698/679/714 699/680/715
f 677/673/693 722/681/738 692/682/708
f 948/683/964 691/670/707 706/678/722
f 685/675/701 684/671/700 699/680/715 700/684/716
f 678/676/694 677/673/693 692/682/708 693/685/709
f 686/660/702 685/675/701 700/684/716 701/686/717
f 679/662/695 678/676/694 693/685/709 694/687/710
f 687/661/703 686/660/702 701/686/717 702/688/718
f 680/663/696 679/662/695 694/687/710 695/689/711
f 688/664/704 687/661/703 702/688/718 703/690/719
f 681/665/697 680/663/696 695/689/711 696/691/712
f 689/666/705 688/664/704 703/690/719 704/692/720
f 682/667/698 681/665/697 696/691/712 697/693/713
f 690/668/706 689/666/705 704/692/720 705/677/721
f 683/669/699 682/667/698 697/693/713 698/679/714
f 695/689/711 694/687/710 709/694/725 710/695/726
f 703/690/719 702/688/718 717/696/733 718/697/734
f 696/691/712 695/689/711 710/695/726 711/698/727
f 704/692/720 703/690/719 718/697/734 719/699/735
f 697/693/713 696/691/712 711/698/727 712/700/728
f 705/677/721 704/692/720 719/699/735 720/701/736
f 698/679/714 697/693/713 712/700/728 713/702/729
f 706/678/722 705/677/721 720/701/736 721/703/737
f 699/680/715 698/679/714 713/702/729 714/704/730
f 692/682/708 722/705/738 707/706/723
f 948/707/964 706/678/722 721/703/737
f 700/684/716 699/680/715 714/704/730 715/708/731
f 693/685/709 692/682/708 707/706/723 708/709/724
f 701/686/717 700/684/716 715/708/731 716/710/732
f 694/687/710 693/685/709 708/709/724 709/694/725
f 702/688/718 701/686/717 716/710/732 717/696/733
f 714/704/730 713/702/729 729/711/745 730/712/746
f 707/706/723 722/713/738 723/714/739
f 948/715/964 721/703/737 737/716/753
f 715/708/731 714/704/730 730/712/746 731/717/747
f 708/709/724 707/706/723 723/714/739 724/718/740
f 716/710/732 715/708/731 731/717/747 732/719/748
f 709/694/725 708/709/724 724/718/740 725/720/741
f 717/696/733 716/710/732 732/719/748 733/721/749
f 710/695/726 709/694/725 725/720/741 726/722/742
f 718/697/734 717/696/733 733/721/749 734/723/750
f 711/698/727 710/695/726 726/722/742 727/724/743
f 719/699/735 718/697/734 734/723/750 735/725/751
f 712/700/728 711/698/727 727/724/743 728/726/744
f 720/701/736 719/699/735 735/725/751 736/727/752
f 713/702/729 712/700/728 728/726/744 729/711/745
f 721/703/737 720/701/736 736/727/752 737/716/753
f 734/723/750 733/721/749 748/728/764 749/729/765
f 727/724/743 726/722/742 741/730/757 742/731/758
f 735/725/751 734/723/750 749/729/765 750/732/766
f 728/726/744 727/724/743 742/731/758 743/733/759
f 736/727/752 735/725/751 750/732/766 751/734/767
f 729/711/745 728/726/744 743/733/759 744/735/760
f 737/716/753 736/727/752 751/734/767 752/736/768
f 730/712/746 729/711/745 744/735/760 745/737/761
f 723/714/739 722/738/738 738/739/754
f 948/740/964 737/716/753 752/736/768
f 731/717/747 730/712/746 745/737/761 746/741/762
f 724/718/740 723/714/739 738/739/754 739/742/755
f 732/719/748 731/717/747 746/741/762 747/743/763
f 725/720/741 724/718/740 739/742/755 740/744/756
f 733/721/749 732/719/748 747/743/763 748/728/764
f 726/722/742 725/720/741 740/744/756 741/730/757
f 948/745/964 752/736/768 767/746/783
f 746/741/762 745/737/761 760/747/776 761/748/777
f 739/742/755 738/739/754 753/749/769 754/750/770
f 747/743/763 746/741/762 761/748/777 762/751/778
f 740/744/756 739/742/755 754/750/770 755/752/771
f 748/728/764 747/743/763 762/751/778 763/753/779
f 741/730/757 740/744/756 755/752/771 756/754/772
f 749/729/765 748/728/764 763/753/779 764/755/780
f 742/731/758 741/730/757 756/754/772 757/756/773
f 750/732/766 749/729/765 764/755/780 765/757/781
f 743/733/759 742/731/758 757/756/773 758/758/774
f 751/734/767 750/732/766 765/757/781 766/759/782
f 744/735/760 743/733/759 758/758/774 759/760/775
f 752/736/768 751/734/767 766/759/782 767/746/783
f 745/737/761 744/735/760 759/760/775 760/747/776
f 738/739/754 722/761/738 753/749/769
f 765/757/781 764/755/780 779/762/795 780/763/796
f 758/758/774 757/756/773 772/764/788 773/765/789
f 766/759/782 765/757/781 780/763/796 781/766/797
f 759/760/775 758/758/774 773/765/789 774/767/790
f 767/746/783 766/759/782 781/766/797 782/768/798
f 760/747/776 759/760/775 774/767/790 775/769/791
f 753/749/769 722/770/738 768/771/784
f 948/772/964 767/746/783 782/768/798
f 761/748/777 760/747/776 775/769/791 776/773/792
f 754/750/770 753/749/769 768/771/784 769/774/785
f 762/751/778 761/748/777 776/773/792 777/775/793
f 755/752/771 754/750/770 769/774/785 770/776/786
f 763/753/779 762/751/778 777/775/793 778/777/794
f 756/754/772 755/752/771 770/776/786 771/778/787
f 764/755/780 763/753/779 778/777/794 779/762/795
f 757/756/773 756/754/772 771/778/787 772/764/788
f 769/774/785 768/771/784 783/779/799 784/780/800
f 777/775/793 776/773/792 791/781/807 792/782/808
f 770/776/786 769/774/785 784/780/800 785/783/801
f 778/777/794 777/775/793 792/782/808 793/784/809
f 771/778/787 770/776/786 785/783/801 786/785/802
f 779/762/795 778/777/794 793/784/809 794/786/810
f 772/764/788 771/778/787 786/785/802 787/787/803
f 780/763/796 779/762/795 794/786/810 795/788/811
f 773/765/789 772/764/788 787/787/803 788/789/804
f 781/766/797 780/763/796 795/788/811 796/790/812
f 774/767/790 773/765/789 788/789/804 789/791/805
f 782/768/798 781/766/797 796/790/812 797/792/813
f 775/769/791 774/767/790 789/791/805 790/793/806
f 768/771/784 722/794/738 783/779/799
f 948/795/964 782/768/798 797/792/813
f 776/773/792 775/769/791 790/793/806 791/781/807
f 788/789/804 787/787/803 802/796/818 803/797/819
f 796/790/812 795/788/811 810/798/826 811/799/827
f 789/791/805 788/789/804 803/797/819 804/800/820
f 797/792/813 796/790/812 811/799/827 812/801/828
f 790/793/806 789/791/805 804/800/820 805/802/821
f 783/779/799 722/803/738 798/804/814
f 948/805/964 797/792/813 812/801/828
f 791/781/807 790/793/806 805/802/821 806/806/822
f 784/780/800 783/779/799 798/804/814 799/807/815
f 792/782/808 791/781/807 806/806/822 807/808/823
f 785/783/801 784/780/800 799/807/815 800/809/816
f 793/784/809 792/782/808 807/808/823 808/810/824
f 786/785/802 785/783/801 800/809/816 801/811/817
f 794/786/810 793/784/809 808/810/824 809/812/825
f 787/787/803 786/785/802 801/811/817 802/796/818
f 795/788/811 794/786/810 809/812/825 810/798/826
f 807/808/823 806/806/822 821/813/837 822/814/838
f 800/809/816 799/807/815 814/815/830 815/816/831
f 808/810/824 807/808/823 822/814/838 823/817/839
f 801/811/817 800/809/816 815/816/831 816/818/832
f 809/812/825 808/810/824 823/817/839 824/819/840
f 802/796/818 801/811/817 816/818/832 817/820/833
f 810/798/826 809/812/825 824/819/840 825/821/841
f 803/797/819 802/796/818 817/820/833 818/822/834
f 811/799/827 810/798/826 825/821/841 826/823/842
f 804/800/820 803/797/819 818/822/834 819/824/835
f 812/801/828 811/799/827 826/823/842 827/825/843
f 805/802/821 804/800/820 819/824/835 820/826/836
f 798/804/814 722/827/738 813/828/829
f 948/829/964 812/801/828 827/825/843
f 806/806/822 805/802/821 820/826/836 821/813/837
f 799/807/815 798/804/814 813/828/829 814/815/830
f 826/823/842 825/821/841 840/830/856 841/831/857
f 819/824/835 818/822/834 833/832/849 834/833/850
f 827/825/843 826/823/842 841/831/857 842/834/858
f 820/826/836 819/824/835 834/833/850 835/835/851
f 813/828/829 722/836/738 828/837/844
f 948/838/964 827/825/843 842/834/858
f 821/813/837 820/826/836 835/835/851 836/839/852
f 814/815/830 813/828/829 828/837/844 829/840/845
f 822/814/838 821/813/837 836/839/852 837/841/853
f 815/816/831 814/815/830 829/840/845 830/842/846
f 823/817/839 822/814/838 837/841/853 838/843/854
f 816/818/832 815/816/831 830/842/846 831/844/847
f 824/819/840 823/817/839 838/843/854 839/845/855
f 817/820/833 816/818/832 831/844/847 832/846/848
f 825/821/841 824/819/840 839/845/855 840/830/856
f 818/822/834 817/820/833 832/846/848 833/832/849
f 830/842/846 829/840/845 844/847/860 845/848/861
f 838/843/854 837/841/853 852/849/868 853/850/869
f 831/844/847 830/842/846 845/848/861 846/851/862
f 839/845/855 838/843/854 853/850/869 854/852/870
f 832/846/848 831/844/847 846/851/862 847/853/863
f 840/830/856 839/845/855 854/852/870 855/854/871
f 833/832/849 832/846/848 847/853/863 848/855/864
f 841/831/857 840/830/856 855/854/871 856/856/872
f 834/833/850 833/832/849 848/855/864 849/857/865
f 842/834/858 841/831/857 856/856/872 857/858/873
f 835/835/851 834/833/850 849/857/865 850/859/866
f 828/837/844 722/860/738 843/861/859
f 948/862/964 842/834/858 857/858/873
f 836/839/852 835/835/851 850/859/866 851/863/867
f 829/840/845 828/837/844 843/861/859 844/847/860
f 837/841/853 836/839/852 851/863/867 852/849/868
f 849/857/865 848/855/864 863/864/879 864/865/880
f 857/858/873 856/856/872 871/866/887 872/867/888
f 850/859/866 849/857/865 864/865/880 865/868/881
f 843/861/859 722/869/738 858/870/874
f 948/871/964 857/858/873 872/867/888
f 851/863/867 850/859/866 865/868/881 866/872/882
f 844/847/860 843/861/859 858/870/874 859/873/875
f 852/849/868 851/863/867 866/872/882 867/874/883
f 845/848/861 844/847/860 859/873/875 860/875/876
f 853/850/869 852/849/868 867/874/883 868/876/884
f 846/851/862 845/848/861 860/875/876 861/877/877
f 854/852/870 853/850/869 868/876/884 869/878/885
f 847/853/863 846/851/862 861/877/877 862/879/878
f 855/854/871 854/852/870 869/878/885 870/880/886
f 848/855/864 847/853/863 862/879/878 863/864/879
f 856/856/872 855/854/871 870/880/886 871/866/887
f 868/876/884 867/874/883 882/881/898 883/882/899
f 861/877/877 860/875/876 875/883/891 876/884/892
f 869/878/885 868/876/884 883/882/899 884/885/900
f 862/879/878 861/877/877 876/884/892 877/886/893
f 870/880/886 869/878/885 884/885/900 885/887/901
f 863/864/879 862/879/878 877/886/893 878/888/894
f 871/866/887 870/880/886 885/887/901 886/889/902
f 864/865/880 863/864/879 878/888/894 879/890/895
f 872/867/888 871/866/887 886/889/902 887/891/903
f 865/868/881 864/865/880 879/890/895 880/892/896
f 858/870/874 722/893/738 873/894/889
f 948/895/964 872/867/888 887/891/903
f 866/872/882 865/868/881 880/892/896 881/896/897
f 859/873/875 858/870/874 873/894/889 874/897/890
f 867/874/883 866/872/882 881/896/897 882/881/898
f 860/875/876 859/873/875 874/897/890 875/883/891
f 887/891/903 886/889/902 901/898/917 902/899/918
f 880/892/896 879/890/895 894/900/910 895/901/911
f 873/894/889 722/902/738 888/903/904
f 948/904/964 887/891/903 902/899/918
f 881/896/897 880/892/896 895/901/911 896/905/912
f 874/897/890 873/894/889 888/903/904 889/906/905
f 882/881/898 881/896/897 896/905/912 897/907/913
f 875/883/891 874/897/890 889/906/905 890/908/906
f 883/882/899 882/881/898 897/907/913 898/909/914
f 876/884/892 875/883/891 890/908/906 891/910/907
f 884/885/900 883/882/899 898/909/914 899/911/915
f 877/886/893 876/884/892 891/910/907 892/912/908
f 885/887/901 884/885/900 899/911/915 900/913/916
f 878/888/894 877/886/893 892/912/908 893/914/909
f 886/889/902 885/887/901 900/913/916 901/898/917
f 879/890/895 878/888/894 893/914/909 894/900/910
f 899/911/915 898/909/914 913/915/929 914/916/930
f 892/912/908 891/910/907 906/917/922 907/918/923
f 900/913/916 899/911/915 914/916/930 915/919/931
f 893/914/909 892/912/908 907/918/923 908/920/924
f 901/898/917 900/913/916 915/919/931 916/921/932
f 894/900/910 893/914/909 908/920/924 909/922/925
f 902/899/918 901/898/917 916/921/932 917/923/933
f 895/901/911 894/900/910 909/922/925 910/924/926
f 888/903/904 722/925/738 903/926/919
f 948/927/964 902/899/918 917/923/933
f 896/905/912 895/901/911 910/924/926 911/928/927
f 889/906/905 888/903/904 903/926/919 904/929/920
f 897/907/913 896/905/912 911/928/927 912/930/928
f 890/908/906 889/906/905 904/929/920 905/931/921
f 898/909/914 897/907/913 912/930/928 913/915/929
f 891/910/907 890/908/906 905/931/921 906/917/922
f 903/926/919 722/932/738 918/933/934
f 948/934/964 917/923/933 932/935/948
f 911/928/927 910/924/926 925/936/941 926/937/942
f 904/929/920 903/926/919 918/933/934 919/938/935
f 912/930/928 911/928/927 926/937/942 927/939/943
f 905/931/921 904/929/920 919/938/935 920/940/936
f 913/915/929 912/930/928 927/939/943 928/941/944
f 906/917/922 905/931/921 920/940/936 921/942/937
f 914/916/930 913/915/929 928/941/944 929/943/945
f 907/918/923 906/917/922 921/942/937 922/944/938
f 915/919/931 914/916/930 929/943/945 930/945/946
f 908/920/924 907/918/923 922/944/938 923/946/939
f 916/921/932 915/919/931 930/945/946 931/947/947
f 909/922/925 908/920/924 923/946/939 924/948/940
f 917/923/933 916/921/932 931/947/947 932/935/948
f 910/924/926 909/922/925 924/948/940 925/936/941
f 922/944/938 921/942/937 936/949/952 937/950/953
f 930/945/946 929/943/945 944/951/960 945/952/961
f 923/946/939 922/944/938 937/950/953 938/953/954
f 931/947/947 930/945/946 945/952/961 946/954/962
f 924/948/940 923/946/939 938/953/954 939/955/955
f 932/935/948 931/947/947 946/954/962 947/956/963
f 925/936/941 924/948/940 939/955/955 940/957/956
f 918/933/934 722/958/738 933/959/949
f 948/960/964 932/935/948 947/956/963
f 926/937/942 925/936/941 940/957/956 941/961/957
f 919/938/935 918/933/934 933/959/949 934/962/950
f 927/939/943 926/937/942 941/961/957 942/963/958
f 920/940/936 919/938/935 934/962/950 935/964/951
f 928/941/944 927/939/943 942/963/958 943/965/959
f 921/942/937 920/940/936 935/964/951 936/949/952
f 929/943/945 928/941/944 943/965/959 944/951/960
f 941/961/957 940/957/956 956/966/972 957/967/973
f 934/962/950 933/959/949 949/968/965 950/969/966
f 942/963/958 941/961/957 957/967/973 958/970/974
f 935/964/951 934/962/950 950/969/966 951/971/967
f 943/965/959 942/963/958 958/970/974 959/972/975
f 936/949/952 935/964/951 951/971/967 952/973/968
f 944/951/960 943/965/959 959/972/975 960/974/976
f 937/950/953 936/949/952 952/973/968 953/975/969
f 945/952/961 944/951/960 960/974/976 961/976/977
f 938/953/954 937/950/953 953/975/969 954/977/970
f 946/954/962 945/952/961 961/976/977 962/978/978
f 939/955/955 938/953/954 954/977/970 955/979/971
f 947/956/963 946/954/962 962/978/978 963/980/979
f 940/957/956 939/955/955 955/979/971 956/966/972
f 933/959/949 722/981/738 949/968/965
f 948/982/964 947/956/963 963/980/979
f 961/976/977 960/974/976 975/983/991 976/984/992
f 954/977/970 953/975/969 968/985/984 969/986/985
f 962/978/978 961/976/977 976/984/992 977/987/993
f 955/979/971 954/977/970 969/986/985 970/988/986
f 963/980/979 962/978/978 977/987/993 978/989/994
f 956/966/972 955/979/971 970/988/986 971/990/987
f 949/968/965 722/991/738 964/992/980
f 948/993/964 963/980/979 978/989/994
f 957/967/973 956/966/972 971/990/987 972/994/988
f 950/969/966 949/968/965 964/992/980 965/995/981
f 958/970/974 957/967/973 972/994/988 973/996/989
f 951/971/967 950/969/966 965/995/981 966/997/982
f 959/972/975 958/970/974 973/996/989 974/998/990
f 952/973/968 951/971/967 966/997/982 967/999/983
f 960/974/976 959/972/975 974/998/990 975/983/991
f 953/975/969 952/973/968 967/999/983 968/985/984
f 965/995/981 964/992/980 979/1000/995 980/1001/996
f 973/996/989 972/994/988 987/1002/1003 988/1003/1004
f 966/997/982 965/995/981 980/1001/996 981/1004/997
f 974/998/990 973/996/989 988/1003/1004 989/1005/1005
f 967/999/983 966/997/982 981/1004/997 982/1006/998
f 975/983/991 974/998/990 989/1005/1005 990/1007/1006
f 968/985/984 967/999/983 982/1006/998 983/1008/999
f 976/984/992 975/983/991 990/1007/1006 991/1009/1007
f 969/986/985 968/985/984 983/1008/999 984/1010/1000
f 977/987/993 976/984/992 991/1009/1007 992/1011/1008
f 970/988/986 969/986/985 984/1010/1000 985/1012/1001
f 978/989/994 977/987/993 992/1011/1008 993/1013/1009
f 971/990/987 970/988/986 985/1012/1001 986/1014/1002
f 964/992/980 722/1015/738 979/1000/995
f 948/1016/964 978/989/994 993/1013/1009
f 972/994/988 971/990/987 986/1014/1002 987/1002/1003
f 984/1010/1000 983/1008/999 998/1017/1014 999/1018/1015
f 992/1011/1008 991/1009/1007 1006/1019/1022 1007/1020/1023
f 985/1012/1001 984/1010/1000 999/1018/1015 1000/1021/1016
f 993/1013/1009 992/1011/1008 1007/1020/1023 1008/1022/1024
f 986/1014/1002 985/1012/1001 1000/1021/1016 1001/1023/1017
f 979/1000/995 722/1024/738 994/1025/1010
f 948/1026/964 993/1013/1009 1008/1022/1024
f 987/1002/1003 986/1014/1002 1001/1023/1017 1002/1027/1018
f 980/1001/996 979/1000/995 994/1025/1010 995/1028/1011
f 988/1003/1004 987/1002/1003 1002/1027/1018 1003/1029/1019
f 981/1004/997 980/1001/996 995/1028/1011 996/1030/1012
f 989/1005/1005 988/1003/1004 1003/1029/1019 1004/1031/1020
f 982/1006/998 981/1004/997 996/1030/1012 997/1032/1013
f 990/1007/1006 989/1005/1005 1004/1031/1020 1005/1033/1021
f 983/1008/999 982/1006/998 997/1032/1013 998/1017/1014
f 991/1009/1007 990/1007/1006 1005/1033/1021 1006/1019/1022
f 1003/1034/1019 1002/1035/1018 1017/1036/1033 1018/1037/1034
f 996/1038/1012 995/1039/1011 1010/1040/1026 1011/1041/1027
f 1004/1042/1020 1003/1034/1019 1018/1037/1034 1019/1043/1035
f 997/1044/1013 996/1038/1012 1011/1041/1027 1012/1045/1028
f 1005/1046/1021 1004/1042/1020 1019/1043/1035 1020/1047/1036
f 998/1048/1014 997/1044/1013 1012/1045/1028 1013/1049/1029
f 1006/1050/1022 1005/1046/1021 1020/1047/1036 1021/1051/1037
f 999/1052/1015 998/1048/1014 1013/1049/1029 1014/1053/1030
f 1007/1054/1023 1006/1050/1022 1021/1051/1037 1022/1055/1038
f 1000/1056/1016 999/1052/1015 1014/1053/1030 1015/1057/1031
f 1008/1058/1024 1007/1054/1023 1022/1055/1038 1023/1059/1039
f 1001/1060/1017 1000/1056/1016 1015/1057/1031 1016/1061/1032
f 994/1062/1010 722/1063/738 1009/1064/1025
f 948/1065/964 1008/1058/1024 1023/1059/1039
f 1002/1035/1018 1001/1060/1017 1016/1061/1032 1017/1036/1033
f 995/1039/1011 994/1062/1010 1009/1064/1025 1010/1040/1026
f 1022/1055/1038 1021/1051/1037 1036/1066/1052 1037/1067/1053
f 1015/1057/1031 1014/1053/1030 1029/1068/1045 1030/1069/1046
f 1023/1059/1039 1022/1055/1038 1037/1067/1053 1038/1070/1054
f 1016/1061/1032 1015/1057/1031 1030/1069/1046 1031/1071/1047
f 1009/1064/1025 722/1072/738 1024/1073/1040
f 948/1074/964 1023/1059/1039 1038/1070/1054
f 1017/1036/1033 1016/1061/1032 1031/1071/1047 1032/1075/1048
f 1010/1040/1026 1009/1064/1025 1024/1073/1040 1025/1076/1041
f 1018/1037/1034 1017/1036/1033 1032/1075/1048 1033/1077/1049
f 1011/1041/1027 1010/1040/1026 1025/1076/1041 1026/1078/1042
f 1019/1043/1035 1018/1037/1034 1033/1077/1049 1034/1079/1050
f 1012/1045/1028 1011/1041/1027 1026/1078/1042 1027/1080/1043
f 1020/1047/1036 1019/1043/1035 1034/1079/1050 1035/1081/1051
f 1013/1049/1029 1012/1045/1028 1027/1080/1043 1028/1082/1044
f 1021/1051/1037 1020/1047/1036 1035/1081/1051 1036/1066/1052
f 1014/1053/1030 1013/1049/1029 1028/1082/1044 1029/1068/1045
f 1034/1079/1050 1033/1077/1049 1048/1083/1064 1049/1084/1065
f 1027/1080/1043 1026/1078/1042 1041/1085/1057 1042/1086/1058
f 1035/1081/1051 1034/1079/1050 1049/1084/1065 1050/1087/1066
f 1028/1082/1044 1027/1080/1043 1042/1086/1058 1043/1088/1059
f 1036/1066/1052 1035/1081/1051 1050/1087/1066 1051/1089/1067
f 1029/1068/1045 1028/1082/1044 1043/1088/1059 1044/1090/1060
f 1037/1067/1053 1036/1066/1052 1051/1089/1067 1052/1091/1068
f 1030/1069/1046 1029/1068/1045 1044/1090/1060 1045/1092/1061
f 1038/1070/1054 1037/1067/1053 1052/1091/1068 1053/1093/1069
f 1031/1071/1047 1030/1069/1046 1045/1092/1061 1046/1094/1062
f 1024/1073/1040 722/1095/738 1039/1096/1055
f 948/1097/964 1038/1070/1054 1053/1093/1069
f 1032/1075/1048 1031/1071/1047 1046/1094/1062 1047/1098/1063
f 1025/1076/1041 1024/1073/1040 1039/1096/1055 1040/1099/1056
f 1033/1077/1049 1032/1075/1048 1047/1098/1063 1048/1083/1064
f 1026/1078/1042 1025/1076/1041 1040/1099/1056 1041/1085/1057
f 1053/1093/1069 1052/1091/1068 1067/1100/1083 1068/1101/1084
f 1046/1094/1062 1045/1092/1061 1060/1102/1076 1061/1103/1077
f 1039/1096/1055 722/1104/738 1054/1105/1070
f 948/1106/964 1053/1093/1069 1068/1101/1084
f 1047/1098/1063 1046/1094/1062 1061/1103/1077 1062/1107/1078
f 1040/1099/1056 1039/1096/1055 1054/1105/1070 1055/1108/1071
f 1048/1083/1064 1047/1098/1063 1062/1107/1078 1063/1109/1079
f 1041/1085/1057 1040/1099/1056 1055/1108/1071 1056/1110/1072
f 1049/1084/1065 1048/1083/1064 1063/1109/1079 1064/1111/1080
f 1042/1086/1058 1041/1085/1057 1056/1110/1072 1057/1112/1073
f 1050/1087/1066 1049/1084/1065 1064/1111/1080 1065/1113/1081
f 1043/1088/1059 1042/1086/1058 1057/1112/1073 1058/1114/1074
f 1051/1089/1067 1050/1087/1066 1065/1113/1081 1066/1115/1082
f 1044/1090/1060 1043/1088/1059 1058/1114/1074 1059/1116/1075
f 1052/1091/1068 1051/1089/1067 1066/1115/1082 1067/1100/1083
f 1045/1092/1061 1044/1090/1060 1059/1116/1075 1060/1102/1076
f 1057/1112/1073 1056/1110/1072 1071/1117/1087 1072/1118/1088
f 1065/1113/1081 1064/1111/1080 1079/1119/1095 1080/1120/1096
f 1058/1114/1074 1057/1112/1073 1072/1118/1088 1073/1121/1089
f 1066/1115/1082 1065/1113/1081 1080/1120/1096 1081/1122/1097
f 1059/1116/1075 1058/1114/1074 1073/1121/1089 1074/1123/1090
f 1067/1100/1083 1066/1115/1082 1081/1122/1097 1082/1124/1098
f 1060/1102/1076 1059/1116/1075 1074/1123/1090 1075/1125/1091
f 1068/1101/1084 1067/1100/1083 1082/1124/1098 1083/1126/1099
f 1061/1103/1077 1060/1102/1076 1075/1125/1091 1076/1127/1092
f 1054/1105/1070 722/1128/738 1069/1129/1085
f 948/1130/964 1068/1101/1084 1083/1126/1099
f 1062/1107/1078 1061/1103/1077 1076/1127/1092 1077/1131/1093
f 1055/1108/1071 1054/1105/1070 1069/1129/1085 1070/1132/1086
f 1063/1109/1079 1062/1107/1078 1077/1131/1093 1078/1133/1094
f 1056/1110/1072 1055/1108/1071 1070/1132/1086 1071/1117/1087
f 1064/1111/1080 1063/1109/1079 1078/1133/1094 1079/1119/1095
f 1076/1127/1092 1075/1125/1091 1090/1134/1106 1091/1135/1107
f 1069/1129/1085 722/1136/738 1084/1137/1100
f 948/1138/964 1083/1126/1099 1098/1139/1114
f 1077/1131/1093 1076/1127/1092 1091/1135/1107 1092/1140/1108
f 1070/1132/1086 1069/1129/1085 1084/1137/1100 1085/1141/1101
f 1078/1133/1094 1077/1131/1093 1092/1140/1108 1093/1142/1109
f 1071/1117/1087 1070/1132/1086 1085/1141/1101 1086/1143/1102
f 1079/1119/1095 1078/1133/1094 1093/1142/1109 1094/1144/1110
f 1072/1118/1088 1071/1117/1087 1086/1143/1102 1087/1145/1103
f 1080/1120/1096 1079/1119/1095 1094/1144/1110 1095/1146/1111
f 1073/1121/1089 1072/1118/1088 1087/1145/1103 1088/1147/1104
f 1081/1122/1097 1080/1120/1096 1095/1146/1111 1096/1148/1112
f 1074/1123/1090 1073/1121/1089 1088/1147/1104 1089/1149/1105
f 1082/1124/1098 1081/1122/1097 1096/1148/1112 1097/1150/1113
f 1075/1125/1091 1074/1123/1090 1089/1149/1105 1090/1134/1106
f 1083/1126/1099 1082/1124/1098 1097/1150/1113 1098/1139/1114
f 1095/1146/1111 1094/1144/1110 1109/1151/1125 1110/1152/1126
f 1088/1147/1104 1087/1145/1103 1102/1153/1118 1103/1154/1119
f 1096/1148/1112 1095/1146/1111 1110/1152/1126 1111/1155/1127
f 1089/1149/1105 1088/1147/1104 1103/1154/1119 1104/1156/1120
f 1097/1150/1113 1096/1148/1112 1111/1155/1127 1112/1157/1128
f 1090/1134/1106 1089/1149/1105 1104/1156/1120 1105/1158/1121
f 1098/1139/1114 1097/1150/1113 1112/1157/1128 1113/1159/1129
f 1091/1135/1107 1090/1134/1106 1105/1158/1121 1106/1160/1122
f 1084/1137/1100 722/1161/738 1099/1162/1115
f 948/1163/964 1098/1139/1114 1113/1159/1129
f 1092/1140/1108 1091/1135/1107 1106/1160/1122 1107/1164/1123
f 1085/1141/1101 1084/1137/1100 1099/1162/1115 1100/1165/1116
f 1093/1142/1109 1092/1140/1108 1107/1164/1123 1108/1166/1124
f 1086/1143/1102 1085/1141/1101 1100/1165/1116 1101/1167/1117
f 1094/1144/1110 1093/1142/1109 1108/1166/1124 1109/1151/1125
f 1087/1145/1103 1086/1143/1102 1101/1167/1117 1102/1153/1118
f 1099/1162/1115 722/1168/738 1114/615/1130
f 948/1169/964 1113/1159/1129 1122/619/1138
f 1107/1164/1123 1106/1160/1122 644/611/660 645/621/661
f 1100/1165/1116 1099/1162/1115 1114/615/1130 1115/623/1131
f 1108/1166/1124 1107/1164/1123 645/621/661 1118/625/1134
f 1101/1167/1117 1100/1165/1116 1115/623/1131 641/627/657
f 1109/1151/1125 1108/1166/1124 1118/625/1134 646/629/662
f 1102/1153/1118 1101/1167/1117 641/627/657 1116/631/1132
f 1110/1152/1126 1109/1151/1125 646/629/662 1119/633/1135
f 1103/1154/1119 1102/1153/1118 1116/631/1132 642/635/658
f 1111/1155/1127 1110/1152/1126 1119/633/1135 1120/637/1136
f 1104/1156/1120 1103/1154/1119 642/635/658 1117/639/1133
f 1112/1157/1128 1111/1155/1127 1120/637/1136 1121/641/1137
f 1105/1158/1121 1104/1156/1120 1117/639/1133 643/612/659
f 1113/1159/1129 1112/1157/1128 1121/641/1137 1122/619/1138
f 1106/1160/1122 1105/1158/1121 643/612/659 644/611/660
o Sphere.007
v 0.864566 0.185434 -0.486732
v 0.864566 0.123903 -0.529804
v 0.864566 0.043509 -0.553114
v 0.864566 0.000000 -0.556113
v 0.864566 -0.043509 -0.553114
v 0.864566 -0.123903 -0.529804
v 0.873055 0.218734 -0.429871
v 0.881217 0.206043 -0.458594
v 0.888739 0.185434 -0.485065
v 0.895332 0.157698 -0.508268
v 0.900743 0.123903 -0.527309
v 0.904763 0.085346 -0.541459
v 0.907239 0.043509 -0.550172
v 0.908075 0.000000 -0.553114
v 0.907239 -0.043509 -0.550172
v 0.904763 -0.085346 -0.541459
v 0.900743 -0.123903 -0.527309
v 0.895332 -0.157698 -0.508268
v 0.888739 -0.185434 -0.485065
v 0.881217 -0.206043 -0.458594
v 0.873055 -0.218734 -0.429871
v 0.881217 0.218734 -0.428138
v 0.897227 0.206043 -0.455194
v 0.911982 0.185434 -0.480130
v 0.924915 0.157698 -0.501986
v 0.935529 0.123903 -0.519923
v 0.943416 0.085346 -0.533251
v 0.948272 0.043509 -0.541459
v 0.949912 0.000000 -0.544230
v 0.948272 -0.043509 -0.541459
v 0.943416 -0.085346 -0.533251
v 0.935529 -0.123903 -0.519923
v 0.924915 -0.157698 -0.501986
v 0.911982 -0.185434 -0.480130
v 0.897227 -0.206043 -0.455194
v 0.881217 -0.218734 -0.428138
v 0.888739 0.218734 -0.425323
v 0.911982 0.206043 -0.449674
v 0.933403 0.185434 -0.472115
v 0.952179 0.157698 -0.491785
v 0.967588 0.123903 -0.507928
v 0.979038 0.085346 -0.519923
v 0.986089 0.043509 -0.527309
v 0.988469 0.000000 -0.529804
v 0.986089 -0.043509 -0.527309
v 0.979038 -0.085346 -0.519923
v 0.967588 -0.123903 -0.507928
v 0.952179 -0.157698 -0.491785
v 0.933403 -0.185434 -0.472115
v 0.911982 -0.206043 -0.449674
v 0.888739 -0.218734 -0.425323
v 0.895332 0.218734 -0.421536
v 0.924915 0.206043 -0.442244
v 0.952179 0.185434 -0.461329
v 0.976076 0.157698 -0.478057
v 0.995688 0.123903 -0.491785
v 1.010261 0.085346 -0.501986
v 1.019235 0.043509 -0.508268
v 1.022265 0.000000 -0.510389
v 1.019235 -0.043509 -0.508268
v 1.010261 -0.085346 -0.501986
v 0.995688 -0.123903 -0.491785
v 0.976076 -0.157698 -0.478057
v 0.952179 -0.185434 -0.461329
v 0.924915 -0.206043 -0.442244
v 0.895332 -0.218734 -0.421536
v 0.900743 0.218734 -0.416921
v 0.935529 0.206043 -0.433191
v 0.967588 0.185434 -0.448186
v 0.995688 0.157698 -0.461329
v 1.018749 0.123903 -0.472115
v 1.035885 0.085346 -0.480130
v 1.046437 0.043509 -0.485065
v 1.050000 0.000000 -0.486732
v 1.046437 -0.043509 -0.485065
v 1.035885 -0.085346 -0.480130
v 1.018749 -0.123903 -0.472115
v 0.995688 -0.157698 -0.461329
v 0.967588 -0.185434 -0.448186
v 0.935529 -0.206043 -0.433191
v 0.900743 -0.218734 -0.416921
v 0.864566 0.223019 -0.400000
v 0.904763 0.218734 -0.411655
v 0.943416 0.206043 -0.422862
v 0.979038 0.185434 -0.433191
v 1.010261 0.157698 -0.442244
v 1.035885 0.123903 -0.449674
v 1.054925 0.085346 -0.455194
v 1.066650 0.043509 -0.458594
v 1.070609 0.000000 -0.459742
v 1.066650 -0.043509 -0.458594
v 1.054925 -0.085346 -0.455194
v 1.035885 -0.123903 -0.449674
v 1.010261 -0.157698 -0.442244
v 0.979038 -0.185434 -0.433191
v 0.943416 -0.206043 -0.422862
v 0.904763 -0.218734 -0.411655
v 0.907239 0.218734 -0.405942
v 0.948272 0.206043 -0.411655
v 0.986089 0.185434 -0.416921
v 1.019235 0.157698 -0.421536
v 1.046437 0.123903 -0.425323
v 1.066650 0.085346 -0.428138
v 1.079098 0.043509 -0.429871
v 1.083300 0.000000 -0.430456
v 1.079098 -0.043509 -0.429871
v 1.066650 -0.085346 -0.428138
v 1.046437 -0.123903 -0.425323
v 1.019235 -0.157698 -0.421536
v 0.986089 -0.185434 -0.416921
v 0.948272 -0.206043 -0.411655
v 0.907239 -0.218734 -0.405942
v 0.908075 0.218734 -0.400000
v 0.949912 0.206043 -0.400000
v 0.988469 0.185434 -0.400000
v 1.022265 0.157698 -0.400000
v 1.050000 0.123903 -0.400000
v 1.070609 0.085346 -0.400000
v 1.083300 0.043509 -0.400000
v 1.087586 0.000000 -0.400000
v 1.083300 -0.043509 -0.400000
v 1.070609 -0.085346 -0.400000
v 1.050000 -0.123903 -0.400000
v 1.022265 -0.157698 -0.400000
v 0.988469 -0.185434 -0.400000
v 0.949912 -0.206043 -0.400000
v 0.908075 -0.218734 -0.400000
v 0.907239 0.218734 -0.394058
v 0.948272 0.206043 -0.388345
v 0.986089 0.185434 -0.383079
v 1.019235 0.157698 -0.378464
v 1.046437 0.123903 -0.374677
v 1.066650 0.085346 -0.371862
v 1.079098 0.043509 -0.370129
v 1.083300 0.000000 -0.369544
v 1.079098 -0.043509 -0.370129
v 1.066650 -0.085346 -0.371862
v 1.046437 -0.123903 -0.374677
v 1.019235 -0.157698 -0.378464
v 0.986089 -0.185434 -0.383079
v 0.948272 -0.206043 -0.388345
v 0.907239 -0.218734 -0.394058
v 0.904763 0.218734 -0.388345
v 0.943416 0.206043 -0.377138
v 0.979038 0.185434 -0.366809
v 1.010261 0.157698 -0.357756
v 1.035885 0.123903 -0.350326
v 1.054925 0.085346 -0.344806
v 1.066650 0.043509 -0.341406
v 1.070609 0.000000 -0.340258
v 1.066650 -0.043509 -0.341406
v 1.054925 -0.085346 -0.344806
v 1.035885 -0.123903 -0.350326
v 1.010261 -0.157698 -0.357756
v 0.979038 -0.185434 -0.366809
v 0.943416 -0.206043 -0.377138
v 0.904763 -0.218734 -0.388345
v 0.900743 0.218734 -0.383079
v 0.935529 0.206043 -0.366809
v 0.967588 0.185434 -0.351814
v 0.995688 0.157698 -0.338671
v 1.018749 0.123903 -0.327885
v 1.035885 0.085346 -0.319870
v 1.046437 0.043509 -0.314935
v 1.050000 0.000000 -0.313268
v 1.046437 -0.043509 -0.314935
v 1.035885 -0.085346 -0.319870
v 1.018749 -0.123903 -0.327885
v 0.995688 -0.157698 -0.338671
v 0.967588 -0.185434 -0.351814
v 0.935529 -0.206043 -0.366809
v 0.900743 -0.218734 -0.383079
v 0.895332 0.218734 -0.378464
v 0.924915 0.206043 -0.357756
v 0.952179 0.185434 -0.338671
v 0.976076 0.157698 -0.321943
v 0.995688 0.123903 -0.308215
v 1.010261 0.085346 -0.298014
v 1.019235 0.043509 -0.291732
v 1.022265 0.000000 -0.289611
v 1.019235 -0.043509 -0.291732
v 1.010261 -0.085346 -0.298014
v 0.995688 -0.123903 -0.308215
v 0.976076 -0.157698 -0.321943
v 0.952179 -0.185434 -0.338671
v 0.924915 -0.206043 -0.357756
v 0.895332 -0.218734 -0.378464
v 0.888739 0.218734 -0.374677
v 0.911982 0.206043 -0.350326
v 0.933403 0.185434 -0.327885
v 0.952179 0.157698 -0.308215
v 0.967588 0.123903 -0.292072
v 0.979038 0.085346 -0.280077
v 0.986089 0.043509 -0.272691
v 0.988469 0.000000 -0.270196
v 0.986089 -0.043509 -0.272691
v 0.979038 -0.085346 -0.280077
v 0.967588 -0.123903 -0.292072
v 0.952179 -0.157698 -0.308215
v 0.933403 -0.185434 -0.327885
v 0.911982 -0.206043 -0.350326
v 0.888739 -0.218734 -0.374677
v 0.881217 0.218734 -0.371862
v 0.897227 0.206043 -0.344806
v 0.911982 0.185434 -0.319870
v 0.924915 0.157698 -0.298014
v 0.935529 0.123903 -0.280077
v 0.943416 0.085346 -0.266749
v 0.948272 0.043509 -0.258541
v 0.949912 0.000000 -0.255770
v 0.948272 -0.043509 -0.258541
v 0.943416 -0.085346 -0.266749
v 0.935529 -0.123903 -0.280077
v 0.924915 -0.157698 -0.298014
v 0.911982 -0.185434 -0.319870
v 0.897227 -0.206043 -0.344806
v 0.881217 -0.218734 -0.371862
v 0.873055 0.218734 -0.370129
v 0.881217 0.206043 -0.341406
v 0.888739 0.185434 -0.314935
v 0.895332 0.157698 -0.291732
v 0.900743 0.123903 -0.272691
v 0.904763 0.085346 -0.258541
v 0.907239 0.043509 -0.249828
v 0.908075 0.000000 -0.246886
v 0.907239 -0.043509 -0.249828
v 0.904763 -0.085346 -0.258541
v 0.900743 -0.123903 -0.272691
v 0.895332 -0.157698 -0.291732
v 0.888739 -0.185434 -0.314935
v 0.881217 -0.206043 -0.341406
v 0.873055 -0.218734 -0.370129
v 0.864566 0.218734 -0.369544
v 0.864566 0.206043 -0.340258
v 0.864566 0.185434 -0.313268
v 0.864566 0.157698 -0.289611
v 0.864566 0.123903 -0.270196
v 0.864566 0.085346 -0.255770
v 0.864566 0.043509 -0.246886
v 0.864566 0.000000 -0.243887
v 0.864566 -0.043509 -0.246886
v 0.864566 -0.085346 -0.255770
v 0.864566 -0.123903 -0.270196
v 0.864566 -0.157698 -0.289611
v 0.864566 -0.185434 -0.313268
v 0.864566 -0.206043 -0.340258
v 0.864566 -0.218734 -0.369544
v 0.856078 0.218734 -0.370129
v 0.847916 0.206043 -0.341406
v 0.840394 0.185434 -0.314935
v 0.833801 0.157698 -0.291732
v 0.828390 0.123903 -0.272691
v 0.824369 0.085346 -0.258541
v 0.821894 0.043509 -0.249828
v 0.821057 0.000000 -0.246886
v 0.821894 -0.043509 -0.249828
v 0.824369 -0.085346 -0.258541
v 0.828390 -0.123903 -0.272691
v 0.833801 -0.157698 -0.291732
v 0.840394 -0.185434 -0.314935
v 0.847916 -0.206043 -0.341406
v 0.856078 -0.218734 -0.370129
v 0.847916 0.218734 -0.371862
v 0.831906 0.206043 -0.344806
v 0.817151 0.185434 -0.319870
v 0.804218 0.157698 -0.298014
v 0.793604 0.123903 -0.280077
v 0.785717 0.085346 -0.266749
v 0.780861 0.043509 -0.258541
v 0.779221 0.000000 -0.255770
v 0.780861 -0.043509 -0.258541
v 0.785717 -0.085346 -0.266749
v 0.793604 -0.123903 -0.280077
v 0.804218 -0.157698 -0.298014
v 0.817151 -0.185434 -0.319870
v 0.831906 -0.206043 -0.344806
v 0.847916 -0.218734 -0.371862
v 0.840394 0.218734 -0.374677
v 0.817151 0.206043 -0.350326
v 0.795730 0.185434 -0.327885
v 0.776954 0.157698 -0.308215
v 0.761545 0.123903 -0.292072
v 0.750095 0.085346 -0.280077
v 0.743044 0.043509 -0.272691
v 0.740664 0.000000 -0.270196
v 0.743044 -0.043509 -0.272691
v 0.750095 -0.085346 -0.280077
v 0.761545 -0.123903 -0.292072
v 0.776954 -0.157698 -0.308215
v 0.795730 -0.185434 -0.327885
v 0.817151 -0.206043 -0.350326
v 0.840394 -0.218734 -0.374677
v 0.833801 0.218734 -0.378464
v 0.804218 0.206043 -0.357756
v 0.776954 0.185434 -0.338671
v 0.753057 0.157698 -0.321943
v 0.733445 0.123903 -0.308215
v 0.718872 0.085346 -0.298014
v 0.709898 0.043509 -0.291732
v 0.706868 0.000000 -0.289611
v 0.709898 -0.043509 -0.291732
v 0.718872 -0.085346 -0.298014
v 0.733445 -0.123903 -0.308215
v 0.753057 -0.157698 -0.321943
v 0.776954 -0.185434 -0.338671
v 0.804218 -0.206043 -0.357756
v 0.833801 -0.218734 -0.378464
v 0.864566 -0.223019 -0.400000
v 0.828390 0.218734 -0.383079
v 0.793604 0.206043 -0.366809
v 0.761545 0.185434 -0.351814
v 0.733445 0.157698 -0.338671
v 0.710384 0.123903 -0.327885
v 0.693248 0.085346 -0.319870
v 0.682696 0.043509 -0.314935
v 0.679133 0.000000 -0.313268
v 0.682696 -0.043509 -0.314935
v 0.693248 -0.085346 -0.319870
v 0.710384 -0.123903 -0.327885
v 0.733445 -0.157698 -0.338671
v 0.761545 -0.185434 -0.351814
v 0.793604 -0.206043 -0.366809
v 0.828390 -0.218734 -0.383079
v 0.824369 0.218734 -0.388345
v 0.785717 0.206043 -0.377138
v 0.750095 0.185434 -0.366809
v 0.718872 0.157698 -0.357756
v 0.693248 0.123903 -0.350326
v 0.674208 0.085346 -0.344806
v 0.662483 0.043509 -0.341406
v 0.658524 0.000000 -0.340258
v 0.662483 -0.043509 -0.341406
v 0.674208 -0.085346 -0.344806
v 0.693248 -0.123903 -0.350326
v 0.718872 -0.157698 -0.357756
v 0.750095 -0.185434 -0.366809
v 0.785717 -0.206043 -0.377138
v 0.824369 -0.218734 -0.388345
v 0.821894 0.218734 -0.394058
v 0.780861 0.206043 -0.388345
v 0.743044 0.185434 -0.383079
v 0.709898 0.157698 -0.378464
v 0.682696 0.123903 -0.374677
v 0.662483 0.085346 -0.371862
v 0.650035 0.043509 -0.370129
v 0.645833 0.000000 -0.369544
v 0.650035 -0.043509 -0.370129
v 0.662483 -0.085346 -0.371862
v 0.682696 -0.123903 -0.374677
v 0.709898 -0.157698 -0.378464
v 0.743044 -0.185434 -0.383079
v 0.780861 -0.206043 -0.388345
v 0.821894 -0.218734 -0.394058
v 0.821058 0.218734 -0.400000
v 0.779221 0.206043 -0.400000
v 0.740664 0.185434 -0.400000
v 0.706868 0.157698 -0.400000
v 0.679133 0.123903 -0.400000
v 0.658524 0.085346 -0.400000
v 0.645833 0.043509 -0.400000
v 0.641547 0.000000 -0.400000
v 0.645833 -0.043509 -0.400000
v 0.658524 -0.085346 -0.400000
v 0.679133 -0.123903 -0.400000
v 0.706868 -0.157698 -0.400000
v 0.740664 -0.185434 -0.400000
v 0.779221 -0.206043 -0.400000
v 0.821058 -0.218734 -0.400000
v 0.821894 0.218734 -0.405942
v 0.780861 0.206043 -0.411655
v 0.743044 0.185434 -0.416921
v 0.709898 0.157698 -0.421536
v 0.682696 0.123903 -0.425323
v 0.662483 0.085346 -0.428138
v 0.650035 0.043509 -0.429871
v 0.645833 0.000000 -0.430456
v 0.650035 -0.043509 -0.429871
v 0.662483 -0.085346 -0.428138
v 0.682696 -0.123903 -0.425323
v 0.709898 -0.157698 -0.421536
v 0.743044 -0.185434 -0.416921
v 0.780861 -0.206043 -0.411655
v 0.821894 -0.218734 -0.405942
v 0.824369 0.218734 -0.411655
v 0.785717 0.206043 -0.422862
v 0.750095 0.185434 -0.433191
v 0.718872 0.157698 -0.442244
v 0.693248 0.123903 -0.449674
v 0.674208 0.085346 -0.455194
v 0.662483 0.043509 -0.458594
v 0.658524 0.000000 -0.459742
v 0.662483 -0.043509 -0.458594
v 0.674208 -0.085346 -0.455194
v 0.693248 -0.123903 -0.449674
v 0.718872 -0.157698 -0.442244
v 0.750095 -0.185434 -0.433191
v 0.785717 -0.206043 -0.422862
v 0.824369 -0.218734 -0.411655
v 0.828390 0.218734 -0.416921
v 0.793604 0.206043 -0.433191
v 0.761545 0.185434 -0.448186
v 0.733445 0.157698 -0.461329
v 0.710384 0.123903 -0.472115
v 0.693248 0.085346 -0.480130
v 0.682696 0.043509 -0.485065
v 0.679133 0.000000 -0.486732
v 0.682696 -0.043509 -0.485065
v 0.693248 -0.085346 -0.480130
v 0.710384 -0.123903 -0.472115
v 0.733445 -0.157698 -0.461329
v 0.761545 -0.185434 -0.448186
v 0.793604 -0.206043 -0.433191
v 0.828390 -0.218734 -0.416921
v 0.833801 0.218734 -0.421536
v 0.804218 0.206043 -0.442244
v 0.776954 0.185434 -0.461329
v 0.753057 0.157698 -0.478057
v 0.733445 0.123903 -0.491785
v 0.718872 0.085346 -0.501986
v 0.709898 0.043509 -0.508268
v 0.706868 0.000000 -0.510389
v 0.709898 -0.043509 -0.508268
v 0.718872 -0.085346 -0.501986
v 0.733445 -0.123903 -0.491785
v 0.753057 -0.157698 -0.478057
v 0.776954 -0.185434 -0.461329
v 0.804218 -0.206043 -0.442244
v 0.833801 -0.218734 -0.421536
v 0.840394 0.218734 -0.425323
v 0.817151 0.206043 -0.449674
v 0.795730 0.185434 -0.472115
v 0.776954 0.157698 -0.491785
v 0.761545 0.123903 -0.507928
v 0.750095 0.085346 -0.519923
v 0.743044 0.043509 -0.527309
v 0.740664 0.000000 -0.529804
v 0.743044 -0.043509 -0.527309
v 0.750095 -0.085346 -0.519923
v 0.761545 -0.123903 -0.507928
v 0.776954 -0.157698 -0.491785
v 0.795730 -0.185434 -0.472115
v 0.817151 -0.206043 -0.449674
v 0.840394 -0.218734 -0.425323
v 0.847916 0.218734 -0.428138
v 0.831906 0.206043 -0.455194
v 0.817151 0.185434 -0.480130
v 0.804218 0.157698 -0.501986
v 0.793604 0.123903 -0.519923
v 0.785717 0.085346 -0.533251
v 0.780861 0.043509 -0.541459
v 0.779221 0.000000 -0.544230
v 0.780861 -0.043509 -0.541459
v 0.785717 -0.085346 -0.533251
v 0.793604 -0.123903 -0.519923
v 0.804218 -0.157698 -0.501986
v 0.817151 -0.185434 -0.480130
v 0.831906 -0.206043 -0.455194
v 0.847916 -0.218734 -0.428138
v 0.856078 0.218734 -0.429871
v 0.847916 0.206043 -0.458594
v 0.840394 0.185434 -0.485065
v 0.833801 0.157698 -0.508268
v 0.828390 0.123903 -0.527309
v 0.824369 0.085346 -0.541459
v 0.821894 0.043509 -0.550172
v 0.821058 0.000000 -0.553114
v 0.821894 -0.043509 -0.550172
v 0.824369 -0.085346 -0.541459
v 0.828390 -0.123903 -0.527309
v 0.833801 -0.157698 -0.508268
v 0.840394 -0.185434 -0.485065
v 0.847916 -0.206043 -0.458594
v 0.856078 -0.218734 -0.429871
v 0.864566 0.218734 -0.430456
v 0.864566 0.206043 -0.459742
v 0.864566 0.157698 -0.510389
v 0.864566 0.085346 -0.544230
v 0.864566 -0.085346 -0.544230
v 0.864566 -0.157698 -0.510389
v 0.864567 -0.185434 -0.486732
v 0.864566 -0.206043 -0.459742
v 0.864566 -0.218734 -0.430456
vn -0.0000 0.7196 -0.6944
vn -0.0000 0.4211 -0.9070
vn -0.0000 0.1371 -0.9906
vn -0.0000 -0.0000 -1.0000
vn -0.0000 -0.1371 -0.9906
vn -0.0000 -0.4211 -0.9070
vn 0.0384 0.9604 -0.2761
vn 0.0705 0.8593 -0.5067
vn 0.0953 0.7230 -0.6843
vn 0.1129 0.5739 -0.8111
vn 0.1249 0.4245 -0.8968
vn 0.1324 0.2793 -0.9510
vn 0.1366 0.1384 -0.9809
vn 0.1379 -0.0000 -0.9904
vn 0.1366 -0.1384 -0.9809
vn 0.1324 -0.2793 -0.9510
vn 0.1249 -0.4245 -0.8968
vn 0.1129 -0.5739 -0.8111
vn 0.0953 -0.7230 -0.6843
vn 0.0705 -0.8593 -0.5067
vn 0.0384 -0.9604 -0.2761
vn 0.0756 0.9625 -0.2606
vn 0.1394 0.8657 -0.4808
vn 0.1895 0.7329 -0.6534
vn 0.2258 0.5851 -0.7789
vn 0.2508 0.4347 -0.8649
vn 0.2668 0.2869 -0.9201
vn 0.2756 0.1424 -0.9507
vn 0.2785 -0.0000 -0.9604
vn 0.2756 -0.1424 -0.9507
vn 0.2668 -0.2869 -0.9201
vn 0.2508 -0.4347 -0.8649
vn 0.2258 -0.5851 -0.7789
vn 0.1895 -0.7329 -0.6534
vn 0.1394 -0.8657 -0.4808
vn 0.0756 -0.9625 -0.2606
vn 0.1101 0.9657 -0.2353
vn 0.2047 0.8755 -0.4377
vn 0.2809 0.7485 -0.6006
vn 0.3380 0.6031 -0.7225
vn 0.3781 0.4514 -0.8083
vn 0.4042 0.2994 -0.8643
vn 0.4189 0.1491 -0.8957
vn 0.4237 -0.0000 -0.9058
vn 0.4189 -0.1491 -0.8957
vn 0.4042 -0.2994 -0.8643
vn 0.3781 -0.4514 -0.8083
vn 0.3380 -0.6031 -0.7225
vn 0.2809 -0.7485 -0.6006
vn 0.2047 -0.8755 -0.4377
vn 0.1101 -0.9657 -0.2353
vn 0.1406 0.9695 -0.2009
vn 0.2641 0.8876 -0.3773
vn 0.3670 0.7684 -0.5243
vn 0.4469 0.6266 -0.6384
vn 0.5050 0.4737 -0.7215
vn 0.5440 0.3166 -0.7771
vn 0.5662 0.1583 -0.8089
vn 0.5735 -0.0000 -0.8192
vn 0.5662 -0.1583 -0.8089
vn 0.5440 -0.3166 -0.7771
vn 0.5050 -0.4737 -0.7215
vn 0.4469 -0.6266 -0.6384
vn 0.3670 -0.7684 -0.5243
vn 0.2641 -0.8876 -0.3773
vn 0.1406 -0.9695 -0.2009
vn 0.1660 0.9733 -0.1585
vn 0.3150 0.9002 -0.3007
vn 0.4436 0.7898 -0.4235
vn 0.5478 0.6531 -0.5229
vn 0.6265 0.4998 -0.5980
vn 0.6810 0.3370 -0.6501
vn 0.7129 0.1695 -0.6805
vn 0.7234 -0.0000 -0.6905
vn 0.7129 -0.1695 -0.6805
vn 0.6810 -0.3370 -0.6501
vn 0.6265 -0.4998 -0.5980
vn 0.5478 -0.6531 -0.5229
vn 0.4436 -0.7898 -0.4235
vn 0.3150 -0.9002 -0.3007
vn 0.1660 -0.9733 -0.1585
vn -0.0000 1.0000 -0.0000
vn 0.1851 0.9766 -0.1095
vn 0.3543 0.9113 -0.2097
vn 0.5052 0.8095 -0.2990
vn 0.6322 0.6785 -0.3741
vn 0.7321 0.5256 -0.4332
vn 0.8036 0.3579 -0.4755
vn 0.8464 0.1811 -0.5008
vn 0.8606 -0.0000 -0.5093
vn 0.8464 -0.1811 -0.5008
vn 0.8036 -0.3579 -0.4755
vn 0.7321 -0.5256 -0.4332
vn 0.6322 -0.6785 -0.3741
vn 0.5052 -0.8095 -0.2990
vn 0.3543 -0.9113 -0.2097
vn 0.1851 -0.9766 -0.1095
vn 0.1969 0.9788 -0.0560
vn 0.3793 0.9190 -0.1078
vn 0.5456 0.8236 -0.1550
vn 0.6896 0.6971 -0.1960
vn 0.8063 0.5453 -0.2291
vn 0.8920 0.3743 -0.2535
vn 0.9443 0.1903 -0.2683
vn 0.9619 -0.0000 -0.2733
vn 0.9443 -0.1903 -0.2683
vn 0.8920 -0.3743 -0.2535
vn 0.8063 -0.5453 -0.2291
vn 0.6896 -0.6971 -0.1960
vn 0.5456 -0.8236 -0.1550
vn 0.3793 -0.9190 -0.1078
vn 0.1969 -0.9788 -0.0560
vn 0.2010 0.9796 -0.0000
vn 0.3879 0.9217 -0.0000
vn 0.5598 0.8286 -0.0000
vn 0.7101 0.7041 -0.0000
vn 0.8333 0.5528 -0.0000
vn 0.9248 0.3805 -0.0000
vn 0.9810 0.1939 -0.0000
vn 1.0000 -0.0000 -0.0000
vn 0.9810 -0.1939 -0.0000
vn 0.9248 -0.3805 -0.0000
vn 0.8333 -0.5528 -0.0000
vn 0.7101 -0.7041 -0.0000
vn 0.5598 -0.8286 -0.0000
vn 0.3879 -0.9217 -0.0000
vn 0.2010 -0.9796 -0.0000
vn 0.1969 0.9788 0.0560
vn 0.3793 0.9190 0.1078
vn 0.5456 0.8236 0.1550
vn 0.6896 0.6971 0.1960
vn 0.8063 0.5453 0.2291
vn 0.8920 0.3743 0.2535
vn 0.9443 0.1903 0.2683
vn 0.9619 -0.0000 0.2733
vn 0.9443 -0.1903 0.2683
vn 0.8920 -0.3743 0.2535
vn 0.8063 -0.5453 0.2291
vn 0.6896 -0.6971 0.1960
vn 0.5456 -0.8236 0.1550
vn 0.3793 -0.9190 0.1078
vn 0.1969 -0.9788 0.0560
vn 0.1851 0.9766 0.1095
vn 0.3543 0.9113 0.2097
vn 0.5052 0.8095 0.2990
vn 0.6322 0.6785 0.3741
vn 0.7321 0.5256 0.4332
vn 0.8036 0.3579 0.4755
vn 0.8464 0.1811 0.5008
vn 0.8606 -0.0000 0.5093
vn 0.8464 -0.1811 0.5008
vn 0.8036 -0.3579 0.4755
vn 0.7321 -0.5256 0.4332
vn 0.6322 -0.6785 0.3741
vn 0.5052 -0.8095 0.2990
vn 0.3543 -0.9113 0.2097
vn 0.1851 -0.9766 0.1095
vn 0.1660 0.9733 0.1585
vn 0.3150 0.9002 0.3007
vn 0.4436 0.7898 0.4235
vn 0.5478 0.6531 0.5229
vn 0.6265 0.4998 0.5980
vn 0.6810 0.3370 0.6501
vn 0.7129 0.1695 0.6805
vn 0.7234 -0.0000 0.6905
vn 0.7129 -0.1695 0.6805
vn 0.6810 -0.3370 0.6501
vn 0.6265 -0.4998 0.5980
vn 0.5478 -0.6531 0.5229
vn 0.4436 -0.7898 0.4235
vn 0.3150 -0.9002 0.3007
vn 0.1660 -0.9733 0.1585
vn 0.1406 0.9695 0.2009
vn 0.2641 0.8876 0.3773
vn 0.3670 0.7684 0.5243
vn 0.4469 0.6266 0.6384
vn 0.5050 0.4737 0.7215
vn 0.5440 0.3166 0.7771
vn 0.5662 0.1583 0.8089
vn 0.5735 -0.0000 0.8192
vn 0.5662 -0.1583 0.8089
vn 0.5440 -0.3166 0.7771
vn 0.5050 -0.4737 0.7215
vn 0.4469 -0.6266 0.6384
vn 0.3670 -0.7684 0.5243
vn 0.2641 -0.8876 0.3773
vn 0.1406 -0.9695 0.2009
vn 0.1101 0.9657 0.2353
vn 0.2047 0.8755 0.4377
vn 0.2809 0.7485 0.6006
vn 0.3380 0.6031 0.7225
vn 0.3781 0.4514 0.8083
vn 0.4042 0.2994 0.8643
vn 0.4189 0.1491 0.8957
vn 0.4237 -0.0000 0.9058
vn 0.4189 -0.1491 0.8957
vn 0.4042 -0.2994 0.8643
vn 0.3781 -0.4514 0.8083
vn 0.3380 -0.6031 0.7225
vn 0.2809 -0.7485 0.6006
vn 0.2047 -0.8755 0.4377
vn 0.1101 -0.9657 0.2353
vn 0.0756 0.9625 0.2606
vn 0.1394 0.8657 0.4808
vn 0.1895 0.7329 0.6534
vn 0.2258 0.5851 0.7789
vn 0.2508 0.4347 0.8649
vn 0.2668 0.2869 0.9201
vn 0.2756 0.1424 0.9507
vn 0.2785 -0.0000 0.9604
vn 0.2756 -0.1424 0.9507
vn 0.2668 -0.2869 0.9201
vn 0.2508 -0.4347 0.8649
vn 0.2258 -0.5851 0.7789
vn 0.1895 -0.7329 0.6534
vn 0.1394 -0.8657 0.4808
vn 0.0756 -0.9625 0.2606
vn 0.0384 0.9604 0.2761
vn 0.0705 0.8593 0.5067
vn 0.0953 0.7230 0.6843
vn 0.1129 0.5739 0.8111
vn 0.1249 0.4245 0.8968
vn 0.1324 0.2793 0.9510
vn 0.1366 0.1384 0.9809
vn 0.1379 -0.0000 0.9904
vn 0.1366 -0.1384 0.9809
vn 0.1324 -0.2793 0.9510
vn 0.1249 -0.4245 0.8968
vn 0.1129 -0.5739 0.8111
vn 0.0953 -0.7230 0.6843
vn 0.0705 -0.8593 0.5067
vn 0.0384 -0.9604 0.2761
vn -0.0000 0.9596 0.2812
vn -0.0000 0.8570 0.5152
vn -0.0000 0.7196 0.6944
vn -0.0000 0.5702 0.8215
vn -0.0000 0.4211 0.9070
vn -0.0000 0.2768 0.9609
vn -0.0000 0.1371 0.9906
vn -0.0000 -0.0000 1.0000
vn -0.0000 -0.1371 0.9906
vn -0.0000 -0.2768 0.9609
vn -0.0000 -0.4211 0.9070
vn -0.0000 -0.5702 0.8215
vn -0.0000 -0.7196 0.6944
vn -0.0000 -0.8570 0.5152
vn -0.0000 -0.9596 0.2812
vn -0.0384 0.9604 0.2761
vn -0.0705 0.8593 0.5067
vn -0.0953 0.7230 0.6843
vn -0.1129 0.5739 0.8111
vn -0.1249 0.4245 0.8968
vn -0.1324 0.2793 0.9510
vn -0.1366 0.1384 0.9809
vn -0.1379 -0.0000 0.9904
vn -0.1366 -0.1384 0.9809
vn -0.1324 -0.2793 0.9510
vn -0.1249 -0.4245 0.8968
vn -0.1129 -0.5739 0.8111
vn -0.0953 -0.7230 0.6843
vn -0.0705 -0.8593 0.5067
vn -0.0384 -0.9604 0.2761
vn -0.0756 0.9625 0.2606
vn -0.1394 0.8657 0.4808
vn -0.1895 0.7329 0.6534
vn -0.2258 0.5851 0.7789
vn -0.2508 0.4347 0.8649
vn -0.2668 0.2869 0.9201
vn -0.2756 0.1424 0.9507
vn -0.2785 -0.0000 0.9604
vn -0.2756 -0.1424 0.9507
vn -0.2668 -0.2869 0.9201
vn -0.2508 -0.4347 0.8649
vn -0.2258 -0.5851 0.7789
vn -0.1895 -0.7329 0.6534
vn -0.1394 -0.8657 0.4808
vn -0.0756 -0.9625 0.2606
vn -0.1101 0.9657 0.2353
vn -0.2047 0.8755 0.4377
vn -0.2809 0.7485 0.6006
vn -0.3380 0.6031 0.7225
vn -0.3781 0.4514 0.8083
vn -0.4042 0.2994 0.8643
vn -0.4189 0.1491 0.8957
vn -0.4237 -0.0000 0.9058
vn -0.4189 -0.1491 0.8957
vn -0.4042 -0.2994 0.8643
vn -0.3781 -0.4514 0.8083
vn -0.3380 -0.6031 0.7225
vn -0.2809 -0.7485 0.6006
vn -0.2047 -0.8755 0.4377
vn -0.1101 -0.9657 0.2353
vn -0.1406 0.9695 0.2009
vn -0.2641 0.8876 0.3773
vn -0.3670 0.7684 0.5243
vn -0.4469 0.6266 0.6384
vn -0.5050 0.4737 0.7215
vn -0.5440 0.3166 0.7771
vn -0.5662 0.1583 0.8089
vn -0.5735 -0.0000 0.8192
vn -0.5662 -0.1583 0.8089
vn -0.5440 -0.3166 0.7771
vn -0.5050 -0.4737 0.7215
vn -0.4469 -0.6266 0.6384
vn -0.3670 -0.7684 0.5243
vn -0.2641 -0.8876 0.3773
vn -0.1406 -0.9695 0.2009
vn -0.0000 -1.0000 -0.0000
vn -0.1660 0.9733 0.1585
vn -0.3150 0.9002 0.3007
vn -0.4436 0.7898 0.4235
vn -0.5478 0.6531 0.5229
vn -0.6265 0.4998 0.5980
vn -0.6810 0.3370 0.6501
vn -0.7129 0.1695 0.6805
vn -0.7234 -0.0000 0.6905
vn -0.7129 -0.1695 0.6805
vn -0.6810 -0.3370 0.6501
vn -0.6265 -0.4998 0.5980
vn -0.5478 -0.6531 0.5229
vn -0.4436 -0.7898 0.4235
vn -0.3150 -0.9002 0.3007
vn -0.1660 -0.9733 0.1585
vn -0.1851 0.9766 0.1095
vn -0.3543 0.9113 0.2097
vn -0.5052 0.8095 0.2990
vn -0.6322 0.6785 0.3741
vn -0.7321 0.5256 0.4332
vn -0.8036 0.3579 0.4755
vn -0.8464 0.1811 0.5008
vn -0.8606 -0.0000 0.5093
vn -0.8464 -0.1811 0.5008
vn -0.8036 -0.3579 0.4755
vn -0.7321 -0.5256 0.4332
vn -0.6322 -0.6785 0.3741
vn -0.5052 -0.8095 0.2990
vn -0.3543 -0.9113 0.2097
vn -0.1851 -0.9766 0.1095
vn -0.1969 0.9788 0.0560
vn -0.3793 0.9190 0.1078
vn -0.5456 0.8236 0.1550
vn -0.6896 0.6971 0.1960
vn -0.8063 0.5453 0.2291
vn -0.8920 0.3743 0.2535
vn -0.9443 0.1903 0.2683
vn -0.9619 -0.0000 0.2733
vn -0.9443 -0.1903 0.2683
vn -0.8920 -0.3743 0.2535
vn -0.8063 -0.5453 0.2291
vn -0.6896 -0.6971 0.1960
vn -0.5456 -0.8236 0.1550
vn -0.3793 -0.9190 0.1078
vn -0.1969 -0.9788 0.0560
vn -0.2010 0.9796 -0.0000
vn -0.3879 0.9217 -0.0000
vn -0.5598 0.8286 -0.0000
vn -0.7101 0.7041 -0.0000
vn -0.8333 0.5528 -0.0000
vn -0.9248 0.3805 -0.0000
vn -0.9810 0.1939 -0.0000
vn -1.0000 -0.0000 -0.0000
vn -0.9810 -0.1939 -0.0000
vn -0.9248 -0.3805 -0.0000
vn -0.8333 -0.5528 -0.0000
vn -0.7101 -0.7041 -0.0000
vn -0.5598 -0.8286 -0.0000
vn -0.3879 -0.9217 -0.0000
vn -0.2010 -0.9796 -0.0000
vn -0.1969 0.9788 -0.0560
vn -0.3793 0.9190 -0.1078
vn -0.5456 0.8236 -0.1550
vn -0.6896 0.6971 -0.1960
vn -0.8063 0.5453 -0.2291
vn -0.8920 0.3743 -0.2535
vn -0.9443 0.1903 -0.2683
vn -0.9619 -0.0000 -0.2733
vn -0.9443 -0.1903 -0.2683
vn -0.8920 -0.3743 -0.2535
vn -0.8063 -0.5453 -0.2291
vn -0.6896 -0.6971 -0.1960
vn -0.5456 -0.8236 -0.1550
vn -0.3793 -0.9190 -0.1078
vn -0.1969 -0.9788 -0.0560
vn -0.1851 0.9766 -0.1095
vn -0.3543 0.9113 -0.2097
vn -0.5052 0.8095 -0.2990
vn -0.6322 0.6785 -0.3741
vn -0.7321 0.5256 -0.4332
vn -0.8036 0.3579 -0.4755
vn -0.8464 0.1811 -0.5008
vn -0.8606 -0.0000 -0.5093
vn -0.8464 -0.1811 -0.5008
vn -0.8036 -0.3579 -0.4755
vn -0.7321 -0.5256 -0.4332
vn -0.6322 -0.6785 -0.3741
vn -0.5052 -0.8095 -0.2990
vn -0.3543 -0.9113 -0.2097
vn -0.1851 -0.9766 -0.1095
vn -0.1660 0.9733 -0.1585
vn -0.3150 0.9002 -0.3007
vn -0.4436 0.7898 -0.4235
vn -0.5478 0.6531 -0.5229
vn -0.6265 0.4998 -0.5980
vn -0.6810 0.3370 -0.6501
vn -0.7129 0.1695 -0.6805
vn -0.7234 -0.0000 -0.6905
vn -0.7129 -0.1695 -0.6805
vn -0.6810 -0.3370 -0.6501
vn -0.6265 -0.4998 -0.5980
vn -0.5478 -0.6531 -0.5229
vn -0.4436 -0.7898 -0.4235
vn -0.3150 -0.9002 -0.3007
vn -0.1660 -0.9733 -0.1585
vn -0.1406 0.9695 -0.2009
vn -0.2641 0.8876 -0.3773
vn -0.3670 0.7684 -0.5243
vn -0.4469 0.6266 -0.6384
vn -0.5050 0.4737 -0.7215
vn -0.5440 0.3166 -0.7771
vn -0.5662 0.1583 -0.8089
vn -0.5735 -0.0000 -0.8192
vn -0.5662 -0.1583 -0.8089
vn -0.5440 -0.3166 -0.7771
vn -0.5050 -0.4737 -0.7215
vn -0.4469 -0.6266 -0.6384
vn -0.3670 -0.7684 -0.5243
vn -0.2641 -0.8876 -0.3773
vn -0.1406 -0.9695 -0.2009
vn -0.1101 0.9657 -0.2353
vn -0.2047 0.8755 -0.4377
vn -0.2809 0.7485 -0.6006
vn -0.3380 0.6031 -0.7225
vn -0.3781 0.4514 -0.8083
vn -0.4042 0.2994 -0.8643
vn -0.4189 0.1491 -0.8957
vn -0.4237 -0.0000 -0.9058
vn -0.4189 -0.1491 -0.8957
vn -0.4042 -0.2994 -0.8643
vn -0.3781 -0.4514 -0.8083
vn -0.3380 -0.6031 -0.7225
vn -0.2809 -0.7485 -0.6006
vn -0.2047 -0.8755 -0.4377
vn -0.1101 -0.9657 -0.2353
vn -0.0756 0.9625 -0.2606
vn -0.1394 0.8657 -0.4808
vn -0.1895 0.7329 -0.6534
vn -0.2258 0.5851 -0.7789
vn -0.2508 0.4347 -0.8649
vn -0.2668 0.2869 -0.9201
vn -0.2756 0.1424 -0.9507
vn -0.2785 -0.0000 -0.9604
vn -0.2756 -0.1424 -0.9507
vn -0.2668 -0.2869 -0.9201
vn -0.2508 -0.4347 -0.8649
vn -0.2258 -0.5851 -0.7789
vn -0.1895 -0.7329 -0.6534
vn -0.1394 -0.8657 -0.4808
vn -0.0756 -0.9625 -0.2606
vn -0.0384 0.9604 -0.2761
vn -0.0705 0.8593 -0.5067
vn -0.0953 0.7230 -0.6843
vn -0.1129 0.5739 -0.8111
vn -0.1249 0.4245 -0.8968
vn -0.1324 0.2793 -0.9510
vn -0.1366 0.1384 -0.9809
vn -0.1379 -0.0000 -0.9904
vn -0.1366 -0.1384 -0.9809
vn -0.1324 -0.2793 -0.9510
vn -0.1249 -0.4245 -0.8968
vn -0.1129 -0.5739 -0.8111
vn -0.0953 -0.7230 -0.6843
vn -0.0705 -0.8593 -0.5067
vn -0.0384 -0.9604 -0.2761
vn -0.0000 0.9596 -0.2812
vn -0.0000 0.8570 -0.5152
vn -0.0000 0.5702 -0.8215
vn -0.0000 0.2768 -0.9609
vn -0.0000 -0.2768 -0.9609
vn -0.0000 -0.5702 -0.8215
vn -0.0000 -0.7196 -0.6944
vn -0.0000 -0.8570 -0.5152
vn -0.0000 -0.9596 -0.2812
vt 0.750000 0.500000
vt 0.750000 0.562500
vt 0.718750 0.562500
vt 0.718750 0.500000
vt 0.750000 0.937500
vt 0.734375 1.000000
vt 0.718750 0.937500
vt 0.734375 0.000000
vt 0.750000 0.062500
vt 0.718750 0.062500
vt 0.750000 0.437500
vt 0.718750 0.437500
vt 0.750000 0.875000
vt 0.718750 0.875000
vt 0.750000 0.375000
vt 0.718750 0.375000
vt 0.750000 0.812500
vt 0.718750 0.812500
vt 0.750000 0.312500
vt 0.718750 0.312500
vt 0.750000 0.750000
vt 0.718750 0.750000
vt 0.750000 0.250000
vt 0.718750 0.250000
vt 0.750000 0.687500
vt 0.718750 0.687500
vt 0.750000 0.187500
vt 0.718750 0.187500
vt 0.750000 0.625000
vt 0.718750 0.625000
vt 0.750000 0.125000
vt 0.718750 0.125000
vt 0.687500 0.625000
vt 0.687500 0.562500
vt 0.687500 0.125000
vt 0.687500 0.062500
vt 0.687500 0.500000
vt 0.703125 1.000000
vt 0.687500 0.937500
vt 0.703125 0.000000
vt 0.687500 0.437500
vt 0.687500 0.875000
vt 0.687500 0.375000
vt 0.687500 0.812500
vt 0.687500 0.312500
vt 0.687500 0.750000
vt 0.687500 0.250000
vt 0.687500 0.687500
vt 0.687500 0.187500
vt 0.656250 0.375000
vt 0.656250 0.312500
vt 0.656250 0.812500
vt 0.656250 0.750000
vt 0.656250 0.250000
vt 0.656250 0.687500
vt 0.656250 0.187500
vt 0.656250 0.625000
vt 0.656250 0.125000
vt 0.656250 0.562500
vt 0.656250 0.062500
vt 0.656250 0.500000
vt 0.671875 1.000000
vt 0.656250 0.937500
vt 0.671875 0.000000
vt 0.656250 0.437500
vt 0.656250 0.875000
vt 0.625000 0.125000
vt 0.625000 0.062500
vt 0.625000 0.562500
vt 0.625000 0.500000
vt 0.640625 1.000000
vt 0.625000 0.937500
vt 0.640625 0.000000
vt 0.625000 0.437500
vt 0.625000 0.875000
vt 0.625000 0.375000
vt 0.625000 0.812500
vt 0.625000 0.312500
vt 0.625000 0.750000
vt 0.625000 0.250000
vt 0.625000 0.687500
vt 0.625000 0.187500
vt 0.625000 0.625000
vt 0.593750 0.812500
vt 0.593750 0.750000
vt 0.593750 0.312500
vt 0.593750 0.250000
vt 0.593750 0.687500
vt 0.593750 0.187500
vt 0.593750 0.625000
vt 0.593750 0.125000
vt 0.593750 0.562500
vt 0.593750 0.062500
vt 0.593750 0.500000
vt 0.609375 1.000000
vt 0.593750 0.937500
vt 0.609375 0.000000
vt 0.593750 0.437500
vt 0.593750 0.875000
vt 0.593750 0.375000
vt 0.562500 0.562500
vt 0.562500 0.500000
vt 0.578125 1.000000
vt 0.562500 0.937500
vt 0.578125 0.000000
vt 0.562500 0.062500
vt 0.562500 0.437500
vt 0.562500 0.875000
vt 0.562500 0.375000
vt 0.562500 0.812500
vt 0.562500 0.312500
vt 0.562500 0.750000
vt 0.562500 0.250000
vt 0.562500 0.687500
vt 0.562500 0.187500
vt 0.562500 0.625000
vt 0.562500 0.125000
vt 0.531250 0.312500
vt 0.531250 0.250000
vt 0.531250 0.750000
vt 0.531250 0.687500
vt 0.531250 0.187500
vt 0.531250 0.625000
vt 0.531250 0.125000
vt 0.531250 0.562500
vt 0.531250 0.062500
vt 0.531250 0.500000
vt 0.546875 1.000000
vt 0.531250 0.937500
vt 0.546875 0.000000
vt 0.531250 0.437500
vt 0.531250 0.875000
vt 0.531250 0.375000
vt 0.531250 0.812500
vt 0.515625 0.000000
vt 0.500000 0.062500
vt 0.500000 0.500000
vt 0.500000 0.437500
vt 0.500000 0.937500
vt 0.500000 0.875000
vt 0.500000 0.375000
vt 0.500000 0.812500
vt 0.500000 0.312500
vt 0.500000 0.750000
vt 0.500000 0.250000
vt 0.500000 0.687500
vt 0.500000 0.187500
vt 0.500000 0.625000
vt 0.500000 0.125000
vt 0.500000 0.562500
vt 0.515625 1.000000
vt 0.468750 0.250000
vt 0.468750 0.187500
vt 0.468750 0.687500
vt 0.468750 0.625000
vt 0.468750 0.125000
vt 0.468750 0.562500
vt 0.468750 0.062500
vt 0.468750 0.500000
vt 0.484375 1.000000
vt 0.468750 0.937500
vt 0.484375 0.000000
vt 0.468750 0.437500
vt 0.468750 0.875000
vt 0.468750 0.375000
vt 0.468750 0.812500
vt 0.468750 0.312500
vt 0.468750 0.750000
vt 0.437500 0.937500
vt 0.437500 0.875000
vt 0.437500 0.437500
vt 0.437500 0.375000
vt 0.437500 0.812500
vt 0.437500 0.312500
vt 0.437500 0.750000
vt 0.437500 0.250000
vt 0.437500 0.687500
vt 0.437500 0.187500
vt 0.437500 0.625000
vt 0.437500 0.125000
vt 0.437500 0.562500
vt 0.437500 0.062500
vt 0.437500 0.500000
vt 0.453125 1.000000
vt 0.453125 0.000000
vt 0.406250 0.687500
vt 0.406250 0.625000
vt 0.406250 0.187500
vt 0.406250 0.125000
vt 0.406250 0.562500
vt 0.406250 0.062500
vt 0.406250 0.500000
vt 0.421875 1.000000
vt 0.406250 0.937500
vt 0.421875 0.000000
vt 0.406250 0.437500
vt 0.406250 0.875000
vt 0.406250 0.375000
vt 0.406250 0.812500
vt 0.406250 0.312500
vt 0.406250 0.750000
vt 0.406250 0.250000
vt 0.375000 0.437500
vt 0.375000 0.375000
vt 0.375000 0.875000
vt 0.375000 0.812500
vt 0.375000 0.312500
vt 0.375000 0.750000
vt 0.375000 0.250000
vt 0.375000 0.687500
vt 0.375000 0.187500
vt 0.375000 0.625000
vt 0.375000 0.125000
vt 0.375000 0.562500
vt 0.375000 0.062500
vt 0.375000 0.500000
vt 0.390625 1.000000
vt 0.375000 0.937500
vt 0.390625 0.000000
vt 0.343750 0.187500
vt 0.343750 0.125000
vt 0.343750 0.625000
vt 0.343750 0.562500
vt 0.343750 0.062500
vt 0.343750 0.500000
vt 0.359375 1.000000
vt 0.343750 0.937500
vt 0.359375 0.000000
vt 0.343750 0.437500
vt 0.343750 0.875000
vt 0.343750 0.375000
vt 0.343750 0.812500
vt 0.343750 0.312500
vt 0.343750 0.750000
vt 0.343750 0.250000
vt 0.343750 0.687500
vt 0.312500 0.875000
vt 0.312500 0.812500
vt 0.312500 0.375000
vt 0.312500 0.312500
vt 0.312500 0.750000
vt 0.312500 0.250000
vt 0.312500 0.687500
vt 0.312500 0.187500
vt 0.312500 0.625000
vt 0.312500 0.125000
vt 0.312500 0.562500
vt 0.312500 0.062500
vt 0.312500 0.500000
vt 0.328125 1.000000
vt 0.312500 0.937500
vt 0.328125 0.000000
vt 0.312500 0.437500
vt 0.281250 0.625000
vt 0.281250 0.562500
vt 0.281250 0.125000
vt 0.281250 0.062500
vt 0.281250 0.500000
vt 0.296875 1.000000
vt 0.281250 0.937500
vt 0.296875 0.000000
vt 0.281250 0.437500
vt 0.281250 0.875000
vt 0.281250 0.375000
vt 0.281250 0.812500
vt 0.281250 0.312500
vt 0.281250 0.750000
vt 0.281250 0.250000
vt 0.281250 0.687500
vt 0.281250 0.187500
vt 0.250000 0.375000
vt 0.250000 0.312500
vt 0.250000 0.812500
vt 0.250000 0.750000
vt 0.250000 0.250000
vt 0.250000 0.687500
vt 0.250000 0.187500
vt 0.250000 0.625000
vt 0.250000 0.125000
vt 0.250000 0.562500
vt 0.250000 0.062500
vt 0.250000 0.500000
vt 0.265625 1.000000
vt 0.250000 0.937500
vt 0.265625 0.000000
vt 0.250000 0.437500
vt 0.250000 0.875000
vt 0.218750 0.125000
vt 0.218750 0.062500
vt 0.218750 0.562500
vt 0.218750 0.500000
vt 0.234375 1.000000
vt 0.218750 0.937500
vt 0.234375 0.000000
vt 0.218750 0.437500
vt 0.218750 0.875000
vt 0.218750 0.375000
vt 0.218750 0.812500
vt 0.218750 0.312500
vt 0.218750 0.750000
vt 0.218750 0.250000
vt 0.218750 0.687500
vt 0.218750 0.187500
vt 0.218750 0.625000
vt 0.187500 0.312500
vt 0.187500 0.250000
vt 0.187500 0.750000
vt 0.187500 0.687500
vt 0.187500 0.187500
vt 0.187500 0.625000
vt 0.187500 0.125000
vt 0.187500 0.562500
vt 0.187500 0.062500
vt 0.187500 0.500000
vt 0.203125 1.000000
vt 0.187500 0.937500
vt 0.203125 0.000000
vt 0.187500 0.437500
vt 0.187500 0.875000
vt 0.187500 0.375000
vt 0.187500 0.812500
vt 0.171875 1.000000
vt 0.156250 0.937500
vt 0.171875 0.000000
vt 0.156250 0.062500
vt 0.156250 0.500000
vt 0.156250 0.437500
vt 0.156250 0.875000
vt 0.156250 0.375000
vt 0.156250 0.812500
vt 0.156250 0.312500
vt 0.156250 0.750000
vt 0.156250 0.250000
vt 0.156250 0.687500
vt 0.156250 0.187500
vt 0.156250 0.625000
vt 0.156250 0.125000
vt 0.156250 0.562500
vt 0.125000 0.750000
vt 0.125000 0.687500
vt 0.125000 0.250000
vt 0.125000 0.187500
vt 0.125000 0.625000
vt 0.125000 0.125000
vt 0.125000 0.562500
vt 0.125000 0.062500
vt 0.125000 0.500000
vt 0.140625 1.000000
vt 0.125000 0.937500
vt 0.140625 0.000000
vt 0.125000 0.437500
vt 0.125000 0.875000
vt 0.125000 0.375000
vt 0.125000 0.812500
vt 0.125000 0.312500
vt 0.093750 0.500000
vt 0.093750 0.437500
vt 0.093750 0.937500
vt 0.093750 0.875000
vt 0.093750 0.375000
vt 0.093750 0.812500
vt 0.093750 0.312500
vt 0.093750 0.750000
vt 0.093750 0.250000
vt 0.093750 0.687500
vt 0.093750 0.187500
vt 0.093750 0.625000
vt 0.093750 0.125000
vt 0.093750 0.562500
vt 0.093750 0.062500
vt 0.109375 1.000000
vt 0.109375 0.000000
vt 0.062500 0.250000
vt 0.062500 0.187500
vt 0.062500 0.687500
vt 0.062500 0.625000
vt 0.062500 0.125000
vt 0.062500 0.562500
vt 0.062500 0.062500
vt 0.062500 0.500000
vt 0.078125 1.000000
vt 0.062500 0.937500
vt 0.078125 0.000000
vt 0.062500 0.437500
vt 0.062500 0.875000
vt 0.062500 0.375000
vt 0.062500 0.812500
vt 0.062500 0.312500
vt 0.062500 0.750000
vt 0.031250 0.937500
vt 0.031250 0.875000
vt 0.031250 0.437500
vt 0.031250 0.375000
vt 0.031250 0.812500
vt 0.031250 0.312500
vt 0.031250 0.750000
vt 0.031250 0.250000
vt 0.031250 0.687500
vt 0.031250 0.187500
vt 0.031250 0.625000
vt 0.031250 0.125000
vt 0.031250 0.562500
vt 0.031250 0.062500
vt 0.031250 0.500000
vt 0.046875 1.000000
vt 0.046875 0.000000
vt 0.000000 0.687500
vt 0.000000 0.625000
vt 0.000000 0.187500
vt 0.000000 0.125000
vt 0.000000 0.562500
vt 0.000000 0.062500
vt 0.000000 0.500000
vt 0.015625 1.000000
vt 0.000000 0.937500
vt 0.015625 0.000000
vt 0.000000 0.437500
vt 0.000000 0.875000
vt 0.000000 0.375000
vt 0.000000 0.812500
vt 0.000000 0.312500
vt 0.000000 0.750000
vt 0.000000 0.250000
vt 1.000000 0.375000
vt 1.000000 0.437500
vt 0.968750 0.437500
vt 0.968750 0.375000
vt 1.000000 0.812500
vt 1.000000 0.875000
vt 0.968750 0.875000
vt 0.968750 0.812500
vt 1.000000 0.312500
vt 0.968750 0.312500
vt 1.000000 0.750000
vt 0.968750 0.750000
vt 1.000000 0.250000
vt 0.968750 0.250000
vt 1.000000 0.687500
vt 0.968750 0.687500
vt 1.000000 0.187500
vt 0.968750 0.187500
vt 1.000000 0.625000
vt 0.968750 0.625000
vt 1.000000 0.125000
vt 0.968750 0.125000
vt 1.000000 0.562500
vt 0.968750 0.562500
vt 1.000000 0.062500
vt 0.968750 0.062500
vt 1.000000 0.500000
vt 0.968750 0.500000
vt 1.000000 0.937500
vt 0.984375 1.000000
vt 0.968750 0.937500
vt 0.984375 0.000000
vt 0.937500 0.187500
vt 0.937500 0.125000
vt 0.937500 0.625000
vt 0.937500 0.562500
vt 0.937500 0.062500
vt 0.937500 0.500000
vt 0.953125 1.000000
vt 0.937500 0.937500
vt 0.953125 0.000000
vt 0.937500 0.437500
vt 0.937500 0.875000
vt 0.937500 0.375000
vt 0.937500 0.812500
vt 0.937500 0.312500
vt 0.937500 0.750000
vt 0.937500 0.250000
vt 0.937500 0.687500
vt 0.906250 0.375000
vt 0.906250 0.312500
vt 0.906250 0.812500
vt 0.906250 0.750000
vt 0.906250 0.250000
vt 0.906250 0.687500
vt 0.906250 0.187500
vt 0.906250 0.625000
vt 0.906250 0.125000
vt 0.906250 0.562500
vt 0.906250 0.062500
vt 0.906250 0.500000
vt 0.921875 1.000000
vt 0.906250 0.937500
vt 0.921875 0.000000
vt 0.906250 0.437500
vt 0.906250 0.875000
vt 0.875000 0.125000
vt 0.875000 0.062500
vt 0.875000 0.562500
vt 0.875000 0.500000
vt 0.890625 1.000000
vt 0.875000 0.937500
vt 0.890625 0.000000
vt 0.875000 0.437500
vt 0.875000 0.875000
vt 0.875000 0.375000
vt 0.875000 0.812500
vt 0.875000 0.312500
vt 0.875000 0.750000
vt 0.875000 0.250000
vt 0.875000 0.687500
vt 0.875000 0.187500
vt 0.875000 0.625000
vt 0.843750 0.812500
vt 0.843750 0.750000
vt 0.843750 0.312500
vt 0.843750 0.250000
vt 0.843750 0.687500
vt 0.843750 0.187500
vt 0.843750 0.625000
vt 0.843750 0.125000
vt 0.843750 0.562500
vt 0.843750 0.062500
vt 0.843750 0.500000
vt 0.859375 1.000000
vt 0.843750 0.937500
vt 0.859375 0.000000
vt 0.843750 0.437500
vt 0.843750 0.875000
vt 0.843750 0.375000
vt 0.812500 0.562500
vt 0.812500 0.500000
vt 0.828125 1.000000
vt 0.812500 0.937500
vt 0.828125 0.000000
vt 0.812500 0.062500
vt 0.812500 0.437500
vt 0.812500 0.875000
vt 0.812500 0.375000
vt 0.812500 0.812500
vt 0.812500 0.312500
vt 0.812500 0.750000
vt 0.812500 0.250000
vt 0.812500 0.687500
vt 0.812500 0.187500
vt 0.812500 0.625000
vt 0.812500 0.125000
vt 0.781250 0.312500
vt 0.781250 0.250000
vt 0.781250 0.750000
vt 0.781250 0.687500
vt 0.781250 0.187500
vt 0.781250 0.625000
vt 0.781250 0.125000
vt 0.781250 0.562500
vt 0.781250 0.062500
vt 0.781250 0.500000
vt 0.796875 1.000000
vt 0.781250 0.937500
vt 0.796875 0.000000
vt 0.781250 0.437500
vt 0.781250 0.875000
vt 0.781250 0.375000
vt 0.781250 0.812500
vt 0.765625 1.000000
vt 0.765625 0.000000
s 1
usemtl Material.003
f 1126/1170/1142 1125/1171/1141 1135/1172/1151 1136/1173/1152
f 1596/1174/1612 1204/1175/1220 1129/1176/1145
f 1430/1177/1446 1604/1178/1620 1143/1179/1159
f 1127/1180/1143 1126/1170/1142 1136/1173/1152 1137/1181/1153
f 1597/1182/1613 1596/1174/1612 1129/1176/1145 1130/1183/1146
f 1600/1184/1616 1127/1180/1143 1137/1181/1153 1138/1185/1154
f 1123/1186/1139 1597/1182/1613 1130/1183/1146 1131/1187/1147
f 1128/1188/1144 1600/1184/1616 1138/1185/1154 1139/1189/1155
f 1598/1190/1614 1123/1186/1139 1131/1187/1147 1132/1191/1148
f 1601/1192/1617 1128/1188/1144 1139/1189/1155 1140/1193/1156
f 1124/1194/1140 1598/1190/1614 1132/1191/1148 1133/1195/1149
f 1602/1196/1618 1601/1192/1617 1140/1193/1156 1141/1197/1157
f 1599/1198/1615 1124/1194/1140 1133/1195/1149 1134/1199/1150
f 1603/1200/1619 1602/1196/1618 1141/1197/1157 1142/1201/1158
f 1125/1171/1141 1599/1198/1615 1134/1199/1150 1135/1172/1151
f 1604/1178/1620 1603/1200/1619 1142/1201/1158 1143/1179/1159
f 1135/1172/1151 1134/1199/1150 1149/1202/1165 1150/1203/1166
f 1143/1179/1159 1142/1201/1158 1157/1204/1173 1158/1205/1174
f 1136/1173/1152 1135/1172/1151 1150/1203/1166 1151/1206/1167
f 1129/1176/1145 1204/1207/1220 1144/1208/1160
f 1430/1209/1446 1143/1179/1159 1158/1205/1174
f 1137/1181/1153 1136/1173/1152 1151/1206/1167 1152/1210/1168
f 1130/1183/1146 1129/1176/1145 1144/1208/1160 1145/1211/1161
f 1138/1185/1154 1137/1181/1153 1152/1210/1168 1153/1212/1169
f 1131/1187/1147 1130/1183/1146 1145/1211/1161 1146/1213/1162
f 1139/1189/1155 1138/1185/1154 1153/1212/1169 1154/1214/1170
f 1132/1191/1148 1131/1187/1147 1146/1213/1162 1147/1215/1163
f 1140/1193/1156 1139/1189/1155 1154/1214/1170 1155/1216/1171
f 1133/1195/1149 1132/1191/1148 1147/1215/1163 1148/1217/1164
f 1141/1197/1157 1140/1193/1156 1155/1216/1171 1156/1218/1172
f 1134/1199/1150 1133/1195/1149 1148/1217/1164 1149/1202/1165
f 1142/1201/1158 1141/1197/1157 1156/1218/1172 1157/1204/1173
f 1154/1214/1170 1153/1212/1169 1168/1219/1184 1169/1220/1185
f 1147/1215/1163 1146/1213/1162 1161/1221/1177 1162/1222/1178
f 1155/1216/1171 1154/1214/1170 1169/1220/1185 1170/1223/1186
f 1148/1217/1164 1147/1215/1163 1162/1222/1178 1163/1224/1179
f 1156/1218/1172 1155/1216/1171 1170/1223/1186 1171/1225/1187
f 1149/1202/1165 1148/1217/1164 1163/1224/1179 1164/1226/1180
f 1157/1204/1173 1156/1218/1172 1171/1225/1187 1172/1227/1188
f 1150/1203/1166 1149/1202/1165 1164/1226/1180 1165/1228/1181
f 1158/1205/1174 1157/1204/1173 1172/1227/1188 1173/1229/1189
f 1151/1206/1167 1150/1203/1166 1165/1228/1181 1166/1230/1182
f 1144/1208/1160 1204/1231/1220 1159/1232/1175
f 1430/1233/1446 1158/1205/1174 1173/1229/1189
f 1152/1210/1168 1151/1206/1167 1166/1230/1182 1167/1234/1183
f 1145/1211/1161 1144/1208/1160 1159/1232/1175 1160/1235/1176
f 1153/1212/1169 1152/1210/1168 1167/1234/1183 1168/1219/1184
f 1146/1213/1162 1145/1211/1161 1160/1235/1176 1161/1221/1177
f 1173/1229/1189 1172/1227/1188 1187/1236/1203 1188/1237/1204
f 1166/1230/1182 1165/1228/1181 1180/1238/1196 1181/1239/1197
f 1159/1232/1175 1204/1240/1220 1174/1241/1190
f 1430/1242/1446 1173/1229/1189 1188/1237/1204
f 1167/1234/1183 1166/1230/1182 1181/1239/1197 1182/1243/1198
f 1160/1235/1176 1159/1232/1175 1174/1241/1190 1175/1244/1191
f 1168/1219/1184 1167/1234/1183 1182/1243/1198 1183/1245/1199
f 1161/1221/1177 1160/1235/1176 1175/1244/1191 1176/1246/1192
f 1169/1220/1185 1168/1219/1184 1183/1245/1199 1184/1247/1200
f 1162/1222/1178 1161/1221/1177 1176/1246/1192 1177/1248/1193
f 1170/1223/1186 1169/1220/1185 1184/1247/1200 1185/1249/1201
f 1163/1224/1179 1162/1222/1178 1177/1248/1193 1178/1250/1194
f 1171/1225/1187 1170/1223/1186 1185/1249/1201 1186/1251/1202
f 1164/1226/1180 1163/1224/1179 1178/1250/1194 1179/1252/1195
f 1172/1227/1188 1171/1225/1187 1186/1251/1202 1187/1236/1203
f 1165/1228/1181 1164/1226/1180 1179/1252/1195 1180/1238/1196
f 1177/1248/1193 1176/1246/1192 1191/1253/1207 1192/1254/1208
f 1185/1249/1201 1184/1247/1200 1199/1255/1215 1200/1256/1216
f 1178/1250/1194 1177/1248/1193 1192/1254/1208 1193/1257/1209
f 1186/1251/1202 1185/1249/1201 1200/1256/1216 1201/1258/1217
f 1179/1252/1195 1178/1250/1194 1193/1257/1209 1194/1259/1210
f 1187/1236/1203 1186/1251/1202 1201/1258/1217 1202/1260/1218
f 1180/1238/1196 1179/1252/1195 1194/1259/1210 1195/1261/1211
f 1188/1237/1204 1187/1236/1203 1202/1260/1218 1203/1262/1219
f 1181/1239/1197 1180/1238/1196 1195/1261/1211 1196/1263/1212
f 1174/1241/1190 1204/1264/1220 1189/1265/1205
f 1430/1266/1446 1188/1237/1204 1203/1262/1219
f 1182/1243/1198 1181/1239/1197 1196/1263/1212 1197/1267/1213
f 1175/1244/1191 1174/1241/1190 1189/1265/1205 1190/1268/1206
f 1183/1245/1199 1182/1243/1198 1197/1267/1213 1198/1269/1214
f 1176/1246/1192 1175/1244/1191 1190/1268/1206 1191/1253/1207
f 1184/1247/1200 1183/1245/1199 1198/1269/1214 1199/1255/1215
f 1196/1263/1212 1195/1261/1211 1211/1270/1227 1212/1271/1228
f 1189/1265/1205 1204/1272/1220 1205/1273/1221
f 1430/1274/1446 1203/1262/1219 1219/1275/1235
f 1197/1267/1213 1196/1263/1212 1212/1271/1228 1213/1276/1229
f 1190/1268/1206 1189/1265/1205 1205/1273/1221 1206/1277/1222
f 1198/1269/1214 1197/1267/1213 1213/1276/1229 1214/1278/1230
f 1191/1253/1207 1190/1268/1206 1206/1277/1222 1207/1279/1223
f 1199/1255/1215 1198/1269/1214 1214/1278/1230 1215/1280/1231
f 1192/1254/1208 1191/1253/1207 1207/1279/1223 1208/1281/1224
f 1200/1256/1216 1199/1255/1215 1215/1280/1231 1216/1282/1232
f 1193/1257/1209 1192/1254/1208 1208/1281/1224 1209/1283/1225
f 1201/1258/1217 1200/1256/1216 1216/1282/1232 1217/1284/1233
f 1194/1259/1210 1193/1257/1209 1209/1283/1225 1210/1285/1226
f 1202/1260/1218 1201/1258/1217 1217/1284/1233 1218/1286/1234
f 1195/1261/1211 1194/1259/1210 1210/1285/1226 1211/1270/1227
f 1203/1262/1219 1202/1260/1218 1218/1286/1234 1219/1275/1235
f 1216/1282/1232 1215/1280/1231 1230/1287/1246 1231/1288/1247
f 1209/1283/1225 1208/1281/1224 1223/1289/1239 1224/1290/1240
f 1217/1284/1233 1216/1282/1232 1231/1288/1247 1232/1291/1248
f 1210/1285/1226 1209/1283/1225 1224/1290/1240 1225/1292/1241
f 1218/1286/1234 1217/1284/1233 1232/1291/1248 1233/1293/1249
f 1211/1270/1227 1210/1285/1226 1225/1292/1241 1226/1294/1242
f 1219/1275/1235 1218/1286/1234 1233/1293/1249 1234/1295/1250
f 1212/1271/1228 1211/1270/1227 1226/1294/1242 1227/1296/1243
f 1205/1273/1221 1204/1297/1220 1220/1298/1236
f 1430/1299/1446 1219/1275/1235 1234/1295/1250
f 1213/1276/1229 1212/1271/1228 1227/1296/1243 1228/1300/1244
f 1206/1277/1222 1205/1273/1221 1220/1298/1236 1221/1301/1237
f 1214/1278/1230 1213/1276/1229 1228/1300/1244 1229/1302/1245
f 1207/1279/1223 1206/1277/1222 1221/1301/1237 1222/1303/1238
f 1215/1280/1231 1214/1278/1230 1229/1302/1245 1230/1287/1246
f 1208/1281/1224 1207/1279/1223 1222/1303/1238 1223/1289/1239
f 1430/1304/1446 1234/1295/1250 1249/1305/1265
f 1228/1300/1244 1227/1296/1243 1242/1306/1258 1243/1307/1259
f 1221/1301/1237 1220/1298/1236 1235/1308/1251 1236/1309/1252
f 1229/1302/1245 1228/1300/1244 1243/1307/1259 1244/1310/1260
f 1222/1303/1238 1221/1301/1237 1236/1309/1252 1237/1311/1253
f 1230/1287/1246 1229/1302/1245 1244/1310/1260 1245/1312/1261
f 1223/1289/1239 1222/1303/1238 1237/1311/1253 1238/1313/1254
f 1231/1288/1247 1230/1287/1246 1245/1312/1261 1246/1314/1262
f 1224/1290/1240 1223/1289/1239 1238/1313/1254 1239/1315/1255
f 1232/1291/1248 1231/1288/1247 1246/1314/1262 1247/1316/1263
f 1225/1292/1241 1224/1290/1240 1239/1315/1255 1240/1317/1256
f 1233/1293/1249 1232/1291/1248 1247/1316/1263 1248/1318/1264
f 1226/1294/1242 1225/1292/1241 1240/1317/1256 1241/1319/1257
f 1234/1295/1250 1233/1293/1249 1248/1318/1264 1249/1305/1265
f 1227/1296/1243 1226/1294/1242 1241/1319/1257 1242/1306/1258
f 1220/1298/1236 1204/1320/1220 1235/1308/1251
f 1247/1316/1263 1246/1314/1262 1261/1321/1277 1262/1322/1278
f 1240/1317/1256 1239/1315/1255 1254/1323/1270 1255/1324/1271
f 1248/1318/1264 1247/1316/1263 1262/1322/1278 1263/1325/1279
f 1241/1319/1257 1240/1317/1256 1255/1324/1271 1256/1326/1272
f 1249/1305/1265 1248/1318/1264 1263/1325/1279 1264/1327/1280
f 1242/1306/1258 1241/1319/1257 1256/1326/1272 1257/1328/1273
f 1235/1308/1251 1204/1329/1220 1250/1330/1266
f 1430/1331/1446 1249/1305/1265 1264/1327/1280
f 1243/1307/1259 1242/1306/1258 1257/1328/1273 1258/1332/1274
f 1236/1309/1252 1235/1308/1251 1250/1330/1266 1251/1333/1267
f 1244/1310/1260 1243/1307/1259 1258/1332/1274 1259/1334/1275
f 1237/1311/1253 1236/1309/1252 1251/1333/1267 1252/1335/1268
f 1245/1312/1261 1244/1310/1260 1259/1334/1275 1260/1336/1276
f 1238/1313/1254 1237/1311/1253 1252/1335/1268 1253/1337/1269
f 1246/1314/1262 1245/1312/1261 1260/1336/1276 1261/1321/1277
f 1239/1315/1255 1238/1313/1254 1253/1337/1269 1254/1323/1270
f 1251/1333/1267 1250/1330/1266 1265/1338/1281 1266/1339/1282
f 1259/1334/1275 1258/1332/1274 1273/1340/1289 1274/1341/1290
f 1252/1335/1268 1251/1333/1267 1266/1339/1282 1267/1342/1283
f 1260/1336/1276 1259/1334/1275 1274/1341/1290 1275/1343/1291
f 1253/1337/1269 1252/1335/1268 1267/1342/1283 1268/1344/1284
f 1261/1321/1277 1260/1336/1276 1275/1343/1291 1276/1345/1292
f 1254/1323/1270 1253/1337/1269 1268/1344/1284 1269/1346/1285
f 1262/1322/1278 1261/1321/1277 1276/1345/1292 1277/1347/1293
f 1255/1324/1271 1254/1323/1270 1269/1346/1285 1270/1348/1286
f 1263/1325/1279 1262/1322/1278 1277/1347/1293 1278/1349/1294
f 1256/1326/1272 1255/1324/1271 1270/1348/1286 1271/1350/1287
f 1264/1327/1280 1263/1325/1279 1278/1349/1294 1279/1351/1295
f 1257/1328/1273 1256/1326/1272 1271/1350/1287 1272/1352/1288
f 1250/1330/1266 1204/1353/1220 1265/1338/1281
f 1430/1354/1446 1264/1327/1280 1279/1351/1295
f 1258/1332/1274 1257/1328/1273 1272/1352/1288 1273/1340/1289
f 1270/1348/1286 1269/1346/1285 1284/1355/1300 1285/1356/1301
f 1278/1349/1294 1277/1347/1293 1292/1357/1308 1293/1358/1309
f 1271/1350/1287 1270/1348/1286 1285/1356/1301 1286/1359/1302
f 1279/1351/1295 1278/1349/1294 1293/1358/1309 1294/1360/1310
f 1272/1352/1288 1271/1350/1287 1286/1359/1302 1287/1361/1303
f 1265/1338/1281 1204/1362/1220 1280/1363/1296
f 1430/1364/1446 1279/1351/1295 1294/1360/1310
f 1273/1340/1289 1272/1352/1288 1287/1361/1303 1288/1365/1304
f 1266/1339/1282 1265/1338/1281 1280/1363/1296 1281/1366/1297
f 1274/1341/1290 1273/1340/1289 1288/1365/1304 1289/1367/1305
f 1267/1342/1283 1266/1339/1282 1281/1366/1297 1282/1368/1298
f 1275/1343/1291 1274/1341/1290 1289/1367/1305 1290/1369/1306
f 1268/1344/1284 1267/1342/1283 1282/1368/1298 1283/1370/1299
f 1276/1345/1292 1275/1343/1291 1290/1369/1306 1291/1371/1307
f 1269/1346/1285 1268/1344/1284 1283/1370/1299 1284/1355/1300
f 1277/1347/1293 1276/1345/1292 1291/1371/1307 1292/1357/1308
f 1289/1367/1305 1288/1365/1304 1303/1372/1319 1304/1373/1320
f 1282/1368/1298 1281/1366/1297 1296/1374/1312 1297/1375/1313
f 1290/1369/1306 1289/1367/1305 1304/1373/1320 1305/1376/1321
f 1283/1370/1299 1282/1368/1298 1297/1375/1313 1298/1377/1314
f 1291/1371/1307 1290/1369/1306 1305/1376/1321 1306/1378/1322
f 1284/1355/1300 1283/1370/1299 1298/1377/1314 1299/1379/1315
f 1292/1357/1308 1291/1371/1307 1306/1378/1322 1307/1380/1323
f 1285/1356/1301 1284/1355/1300 1299/1379/1315 1300/1381/1316
f 1293/1358/1309 1292/1357/1308 1307/1380/1323 1308/1382/1324
f 1286/1359/1302 1285/1356/1301 1300/1381/1316 1301/1383/1317
f 1294/1360/1310 1293/1358/1309 1308/1382/1324 1309/1384/1325
f 1287/1361/1303 1286/1359/1302 1301/1383/1317 1302/1385/1318
f 1280/1363/1296 1204/1386/1220 1295/1387/1311
f 1430/1388/1446 1294/1360/1310 1309/1384/1325
f 1288/1365/1304 1287/1361/1303 1302/1385/1318 1303/1372/1319
f 1281/1366/1297 1280/1363/1296 1295/1387/1311 1296/1374/1312
f 1308/1382/1324 1307/1380/1323 1322/1389/1338 1323/1390/1339
f 1301/1383/1317 1300/1381/1316 1315/1391/1331 1316/1392/1332
f 1309/1384/1325 1308/1382/1324 1323/1390/1339 1324/1393/1340
f 1302/1385/1318 1301/1383/1317 1316/1392/1332 1317/1394/1333
f 1295/1387/1311 1204/1395/1220 1310/1396/1326
f 1430/1397/1446 1309/1384/1325 1324/1393/1340
f 1303/1372/1319 1302/1385/1318 1317/1394/1333 1318/1398/1334
f 1296/1374/1312 1295/1387/1311 1310/1396/1326 1311/1399/1327
f 1304/1373/1320 1303/1372/1319 1318/1398/1334 1319/1400/1335
f 1297/1375/1313 1296/1374/1312 1311/1399/1327 1312/1401/1328
f 1305/1376/1321 1304/1373/1320 1319/1400/1335 1320/1402/1336
f 1298/1377/1314 1297/1375/1313 1312/1401/1328 1313/1403/1329
f 1306/1378/1322 1305/1376/1321 1320/1402/1336 1321/1404/1337
f 1299/1379/1315 1298/1377/1314 1313/1403/1329 1314/1405/1330
f 1307/1380/1323 1306/1378/1322 1321/1404/1337 1322/1389/1338
f 1300/1381/1316 1299/1379/1315 1314/1405/1330 1315/1391/1331
f 1312/1401/1328 1311/1399/1327 1326/1406/1342 1327/1407/1343
f 1320/1402/1336 1319/1400/1335 1334/1408/1350 1335/1409/1351
f 1313/1403/1329 1312/1401/1328 1327/1407/1343 1328/1410/1344
f 1321/1404/1337 1320/1402/1336 1335/1409/1351 1336/1411/1352
f 1314/1405/1330 1313/1403/1329 1328/1410/1344 1329/1412/1345
f 1322/1389/1338 1321/1404/1337 1336/1411/1352 1337/1413/1353
f 1315/1391/1331 1314/1405/1330 1329/1412/1345 1330/1414/1346
f 1323/1390/1339 1322/1389/1338 1337/1413/1353 1338/1415/1354
f 1316/1392/1332 1315/1391/1331 1330/1414/1346 1331/1416/1347
f 1324/1393/1340 1323/1390/1339 1338/1415/1354 1339/1417/1355
f 1317/1394/1333 1316/1392/1332 1331/1416/1347 1332/1418/1348
f 1310/1396/1326 1204/1419/1220 1325/1420/1341
f 1430/1421/1446 1324/1393/1340 1339/1417/1355
f 1318/1398/1334 1317/1394/1333 1332/1418/1348 1333/1422/1349
f 1311/1399/1327 1310/1396/1326 1325/1420/1341 1326/1406/1342
f 1319/1400/1335 1318/1398/1334 1333/1422/1349 1334/1408/1350
f 1331/1416/1347 1330/1414/1346 1345/1423/1361 1346/1424/1362
f 1339/1417/1355 1338/1415/1354 1353/1425/1369 1354/1426/1370
f 1332/1418/1348 1331/1416/1347 1346/1424/1362 1347/1427/1363
f 1325/1420/1341 1204/1428/1220 1340/1429/1356
f 1430/1430/1446 1339/1417/1355 1354/1426/1370
f 1333/1422/1349 1332/1418/1348 1347/1427/1363 1348/1431/1364
f 1326/1406/1342 1325/1420/1341 1340/1429/1356 1341/1432/1357
f 1334/1408/1350 1333/1422/1349 1348/1431/1364 1349/1433/1365
f 1327/1407/1343 1326/1406/1342 1341/1432/1357 1342/1434/1358
f 1335/1409/1351 1334/1408/1350 1349/1433/1365 1350/1435/1366
f 1328/1410/1344 1327/1407/1343 1342/1434/1358 1343/1436/1359
f 1336/1411/1352 1335/1409/1351 1350/1435/1366 1351/1437/1367
f 1329/1412/1345 1328/1410/1344 1343/1436/1359 1344/1438/1360
f 1337/1413/1353 1336/1411/1352 1351/1437/1367 1352/1439/1368
f 1330/1414/1346 1329/1412/1345 1344/1438/1360 1345/1423/1361
f 1338/1415/1354 1337/1413/1353 1352/1439/1368 1353/1425/1369
f 1350/1435/1366 1349/1433/1365 1364/1440/1380 1365/1441/1381
f 1343/1436/1359 1342/1434/1358 1357/1442/1373 1358/1443/1374
f 1351/1437/1367 1350/1435/1366 1365/1441/1381 1366/1444/1382
f 1344/1438/1360 1343/1436/1359 1358/1443/1374 1359/1445/1375
f 1352/1439/1368 1351/1437/1367 1366/1444/1382 1367/1446/1383
f 1345/1423/1361 1344/1438/1360 1359/1445/1375 1360/1447/1376
f 1353/1425/1369 1352/1439/1368 1367/1446/1383 1368/1448/1384
f 1346/1424/1362 1345/1423/1361 1360/1447/1376 1361/1449/1377
f 1354/1426/1370 1353/1425/1369 1368/1448/1384 1369/1450/1385
f 1347/1427/1363 1346/1424/1362 1361/1449/1377 1362/1451/1378
f 1340/1429/1356 1204/1452/1220 1355/1453/1371
f 1430/1454/1446 1354/1426/1370 1369/1450/1385
f 1348/1431/1364 1347/1427/1363 1362/1451/1378 1363/1455/1379
f 1341/1432/1357 1340/1429/1356 1355/1453/1371 1356/1456/1372
f 1349/1433/1365 1348/1431/1364 1363/1455/1379 1364/1440/1380
f 1342/1434/1358 1341/1432/1357 1356/1456/1372 1357/1442/1373
f 1369/1450/1385 1368/1448/1384 1383/1457/1399 1384/1458/1400
f 1362/1451/1378 1361/1449/1377 1376/1459/1392 1377/1460/1393
f 1355/1453/1371 1204/1461/1220 1370/1462/1386
f 1430/1463/1446 1369/1450/1385 1384/1458/1400
f 1363/1455/1379 1362/1451/1378 1377/1460/1393 1378/1464/1394
f 1356/1456/1372 1355/1453/1371 1370/1462/1386 1371/1465/1387
f 1364/1440/1380 1363/1455/1379 1378/1464/1394 1379/1466/1395
f 1357/1442/1373 1356/1456/1372 1371/1465/1387 1372/1467/1388
f 1365/1441/1381 1364/1440/1380 1379/1466/1395 1380/1468/1396
f 1358/1443/1374 1357/1442/1373 1372/1467/1388 1373/1469/1389
f 1366/1444/1382 1365/1441/1381 1380/1468/1396 1381/1470/1397
f 1359/1445/1375 1358/1443/1374 1373/1469/1389 1374/1471/1390
f 1367/1446/1383 1366/1444/1382 1381/1470/1397 1382/1472/1398
f 1360/1447/1376 1359/1445/1375 1374/1471/1390 1375/1473/1391
f 1368/1448/1384 1367/1446/1383 1382/1472/1398 1383/1457/1399
f 1361/1449/1377 1360/1447/1376 1375/1473/1391 1376/1459/1392
f 1381/1470/1397 1380/1468/1396 1395/1474/1411 1396/1475/1412
f 1374/1471/1390 1373/1469/1389 1388/1476/1404 1389/1477/1405
f 1382/1472/1398 1381/1470/1397 1396/1475/1412 1397/1478/1413
f 1375/1473/1391 1374/1471/1390 1389/1477/1405 1390/1479/1406
f 1383/1457/1399 1382/1472/1398 1397/1478/1413 1398/1480/1414
f 1376/1459/1392 1375/1473/1391 1390/1479/1406 1391/1481/1407
f 1384/1458/1400 1383/1457/1399 1398/1480/1414 1399/1482/1415
f 1377/1460/1393 1376/1459/1392 1391/1481/1407 1392/1483/1408
f 1370/1462/1386 1204/1484/1220 1385/1485/1401
f 1430/1486/1446 1384/1458/1400 1399/1482/1415
f 1378/1464/1394 1377/1460/1393 1392/1483/1408 1393/1487/1409
f 1371/1465/1387 1370/1462/1386 1385/1485/1401 1386/1488/1402
f 1379/1466/1395 1378/1464/1394 1393/1487/1409 1394/1489/1410
f 1372/1467/1388 1371/1465/1387 1386/1488/1402 1387/1490/1403
f 1380/1468/1396 1379/1466/1395 1394/1489/1410 1395/1474/1411
f 1373/1469/1389 1372/1467/1388 1387/1490/1403 1388/1476/1404
f 1385/1485/1401 1204/1491/1220 1400/1492/1416
f 1430/1493/1446 1399/1482/1415 1414/1494/1430
f 1393/1487/1409 1392/1483/1408 1407/1495/1423 1408/1496/1424
f 1386/1488/1402 1385/1485/1401 1400/1492/1416 1401/1497/1417
f 1394/1489/1410 1393/1487/1409 1408/1496/1424 1409/1498/1425
f 1387/1490/1403 1386/1488/1402 1401/1497/1417 1402/1499/1418
f 1395/1474/1411 1394/1489/1410 1409/1498/1425 1410/1500/1426
f 1388/1476/1404 1387/1490/1403 1402/1499/1418 1403/1501/1419
f 1396/1475/1412 1395/1474/1411 1410/1500/1426 1411/1502/1427
f 1389/1477/1405 1388/1476/1404 1403/1501/1419 1404/1503/1420
f 1397/1478/1413 1396/1475/1412 1411/1502/1427 1412/1504/1428
f 1390/1479/1406 1389/1477/1405 1404/1503/1420 1405/1505/1421
f 1398/1480/1414 1397/1478/1413 1412/1504/1428 1413/1506/1429
f 1391/1481/1407 1390/1479/1406 1405/1505/1421 1406/1507/1422
f 1399/1482/1415 1398/1480/1414 1413/1506/1429 1414/1494/1430
f 1392/1483/1408 1391/1481/1407 1406/1507/1422 1407/1495/1423
f 1404/1503/1420 1403/1501/1419 1418/1508/1434 1419/1509/1435
f 1412/1504/1428 1411/1502/1427 1426/1510/1442 1427/1511/1443
f 1405/1505/1421 1404/1503/1420 1419/1509/1435 1420/1512/1436
f 1413/1506/1429 1412/1504/1428 1427/1511/1443 1428/1513/1444
f 1406/1507/1422 1405/1505/1421 1420/1512/1436 1421/1514/1437
f 1414/1494/1430 1413/1506/1429 1428/1513/1444 1429/1515/1445
f 1407/1495/1423 1406/1507/1422 1421/1514/1437 1422/1516/1438
f 1400/1492/1416 1204/1517/1220 1415/1518/1431
f 1430/1519/1446 1414/1494/1430 1429/1515/1445
f 1408/1496/1424 1407/1495/1423 1422/1516/1438 1423/1520/1439
f 1401/1497/1417 1400/1492/1416 1415/1518/1431 1416/1521/1432
f 1409/1498/1425 1408/1496/1424 1423/1520/1439 1424/1522/1440
f 1402/1499/1418 1401/1497/1417 1416/1521/1432 1417/1523/1433
f 1410/1500/1426 1409/1498/1425 1424/1522/1440 1425/1524/1441
f 1403/1501/1419 1402/1499/1418 1417/1523/1433 1418/1508/1434
f 1411/1502/1427 1410/1500/1426 1425/1524/1441 1426/1510/1442
f 1423/1520/1439 1422/1516/1438 1438/1525/1454 1439/1526/1455
f 1416/1521/1432 1415/1518/1431 1431/1527/1447 1432/1528/1448
f 1424/1522/1440 1423/1520/1439 1439/1526/1455 1440/1529/1456
f 1417/1523/1433 1416/1521/1432 1432/1528/1448 1433/1530/1449
f 1425/1524/1441 1424/1522/1440 1440/1529/1456 1441/1531/1457
f 1418/1508/1434 1417/1523/1433 1433/1530/1449 1434/1532/1450
f 1426/1510/1442 1425/1524/1441 1441/1531/1457 1442/1533/1458
f 1419/1509/1435 1418/1508/1434 1434/1532/1450 1435/1534/1451
f 1427/1511/1443 1426/1510/1442 1442/1533/1458 1443/1535/1459
f 1420/1512/1436 1419/1509/1435 1435/1534/1451 1436/1536/1452
f 1428/1513/1444 1427/1511/1443 1443/1535/1459 1444/1537/1460
f 1421/1514/1437 1420/1512/1436 1436/1536/1452 1437/1538/1453
f 1429/1515/1445 1428/1513/1444 1444/1537/1460 1445/1539/1461
f 1422/1516/1438 1421/1514/1437 1437/1538/1453 1438/1525/1454
f 1415/1518/1431 1204/1540/1220 1431/1527/1447
f 1430/1541/1446 1429/1515/1445 1445/1539/1461
f 1443/1535/1459 1442/1533/1458 1457/1542/1473 1458/1543/1474
f 1436/1536/1452 1435/1534/1451 1450/1544/1466 1451/1545/1467
f 1444/1537/1460 1443/1535/1459 1458/1543/1474 1459/1546/1475
f 1437/1538/1453 1436/1536/1452 1451/1545/1467 1452/1547/1468
f 1445/1539/1461 1444/1537/1460 1459/1546/1475 1460/1548/1476
f 1438/1525/1454 1437/1538/1453 1452/1547/1468 1453/1549/1469
f 1431/1527/1447 1204/1550/1220 1446/1551/1462
f 1430/1552/1446 1445/1539/1461 1460/1548/1476
f 1439/1526/1455 1438/1525/1454 1453/1549/1469 1454/1553/1470
f 1432/1528/1448 1431/1527/1447 1446/1551/1462 1447/1554/1463
f 1440/1529/1456 1439/1526/1455 1454/1553/1470 1455/1555/1471
f 1433/1530/1449 1432/1528/1448 1447/1554/1463 1448/1556/1464
f 1441/1531/1457 1440/1529/1456 1455/1555/1471 1456/1557/1472
f 1434/1532/1450 1433/1530/1449 1448/1556/1464 1449/1558/1465
f 1442/1533/1458 1441/1531/1457 1456/1557/1472 1457/1542/1473
f 1435/1534/1451 1434/1532/1450 1449/1558/1465 1450/1544/1466
f 1447/1554/1463 1446/1551/1462 1461/1559/1477 1462/1560/1478
f 1455/1555/1471 1454/1553/1470 1469/1561/1485 1470/1562/1486
f 1448/1556/1464 1447/1554/1463 1462/1560/1478 1463/1563/1479
f 1456/1557/1472 1455/1555/1471 1470/1562/1486 1471/1564/1487
f 1449/1558/1465 1448/1556/1464 1463/1563/1479 1464/1565/1480
f 1457/1542/1473 1456/1557/1472 1471/1564/1487 1472/1566/1488
f 1450/1544/1466 1449/1558/1465 1464/1565/1480 1465/1567/1481
f 1458/1543/1474 1457/1542/1473 1472/1566/1488 1473/1568/1489
f 1451/1545/1467 1450/1544/1466 1465/1567/1481 1466/1569/1482
f 1459/1546/1475 1458/1543/1474 1473/1568/1489 1474/1570/1490
f 1452/1547/1468 1451/1545/1467 1466/1569/1482 1467/1571/1483
f 1460/1548/1476 1459/1546/1475 1474/1570/1490 1475/1572/1491
f 1453/1549/1469 1452/1547/1468 1467/1571/1483 1468/1573/1484
f 1446/1551/1462 1204/1574/1220 1461/1559/1477
f 1430/1575/1446 1460/1548/1476 1475/1572/1491
f 1454/1553/1470 1453/1549/1469 1468/1573/1484 1469/1561/1485
f 1466/1569/1482 1465/1567/1481 1480/1576/1496 1481/1577/1497
f 1474/1570/1490 1473/1568/1489 1488/1578/1504 1489/1579/1505
f 1467/1571/1483 1466/1569/1482 1481/1577/1497 1482/1580/1498
f 1475/1572/1491 1474/1570/1490 1489/1579/1505 1490/1581/1506
f 1468/1573/1484 1467/1571/1483 1482/1580/1498 1483/1582/1499
f 1461/1559/1477 1204/1583/1220 1476/1584/1492
f 1430/1585/1446 1475/1572/1491 1490/1581/1506
f 1469/1561/1485 1468/1573/1484 1483/1582/1499 1484/1586/1500
f 1462/1560/1478 1461/1559/1477 1476/1584/1492 1477/1587/1493
f 1470/1562/1486 1469/1561/1485 1484/1586/1500 1485/1588/1501
f 1463/1563/1479 1462/1560/1478 1477/1587/1493 1478/1589/1494
f 1471/1564/1487 1470/1562/1486 1485/1588/1501 1486/1590/1502
f 1464/1565/1480 1463/1563/1479 1478/1589/1494 1479/1591/1495
f 1472/1566/1488 1471/1564/1487 1486/1590/1502 1487/1592/1503
f 1465/1567/1481 1464/1565/1480 1479/1591/1495 1480/1576/1496
f 1473/1568/1489 1472/1566/1488 1487/1592/1503 1488/1578/1504
f 1485/1593/1501 1484/1594/1500 1499/1595/1515 1500/1596/1516
f 1478/1597/1494 1477/1598/1493 1492/1599/1508 1493/1600/1509
f 1486/1601/1502 1485/1593/1501 1500/1596/1516 1501/1602/1517
f 1479/1603/1495 1478/1597/1494 1493/1600/1509 1494/1604/1510
f 1487/1605/1503 1486/1601/1502 1501/1602/1517 1502/1606/1518
f 1480/1607/1496 1479/1603/1495 1494/1604/1510 1495/1608/1511
f 1488/1609/1504 1487/1605/1503 1502/1606/1518 1503/1610/1519
f 1481/1611/1497 1480/1607/1496 1495/1608/1511 1496/1612/1512
f 1489/1613/1505 1488/1609/1504 1503/1610/1519 1504/1614/1520
f 1482/1615/1498 1481/1611/1497 1496/1612/1512 1497/1616/1513
f 1490/1617/1506 1489/1613/1505 1504/1614/1520 1505/1618/1521
f 1483/1619/1499 1482/1615/1498 1497/1616/1513 1498/1620/1514
f 1476/1621/1492 1204/1622/1220 1491/1623/1507
f 1430/1624/1446 1490/1617/1506 1505/1618/1521
f 1484/1594/1500 1483/1619/1499 1498/1620/1514 1499/1595/1515
f 1477/1598/1493 1476/1621/1492 1491/1623/1507 1492/1599/1508
f 1504/1614/1520 1503/1610/1519 1518/1625/1534 1519/1626/1535
f 1497/1616/1513 1496/1612/1512 1511/1627/1527 1512/1628/1528
f 1505/1618/1521 1504/1614/1520 1519/1626/1535 1520/1629/1536
f 1498/1620/1514 1497/1616/1513 1512/1628/1528 1513/1630/1529
f 1491/1623/1507 1204/1631/1220 1506/1632/1522
f 1430/1633/1446 1505/1618/1521 1520/1629/1536
f 1499/1595/1515 1498/1620/1514 1513/1630/1529 1514/1634/1530
f 1492/1599/1508 1491/1623/1507 1506/1632/1522 1507/1635/1523
f 1500/1596/1516 1499/1595/1515 1514/1634/1530 1515/1636/1531
f 1493/1600/1509 1492/1599/1508 1507/1635/1523 1508/1637/1524
f 1501/1602/1517 1500/1596/1516 1515/1636/1531 1516/1638/1532
f 1494/1604/1510 1493/1600/1509 1508/1637/1524 1509/1639/1525
f 1502/1606/1518 1501/1602/1517 1516/1638/1532 1517/1640/1533
f 1495/1608/1511 1494/1604/1510 1509/1639/1525 1510/1641/1526
f 1503/1610/1519 1502/1606/1518 1517/1640/1533 1518/1625/1534
f 1496/1612/1512 1495/1608/1511 1510/1641/1526 1511/1627/1527
f 1516/1638/1532 1515/1636/1531 1530/1642/1546 1531/1643/1547
f 1509/1639/1525 1508/1637/1524 1523/1644/1539 1524/1645/1540
f 1517/1640/1533 1516/1638/1532 1531/1643/1547 1532/1646/1548
f 1510/1641/1526 1509/1639/1525 1524/1645/1540 1525/1647/1541
f 1518/1625/1534 1517/1640/1533 1532/1646/1548 1533/1648/1549
f 1511/1627/1527 1510/1641/1526 1525/1647/1541 1526/1649/1542
f 1519/1626/1535 1518/1625/1534 1533/1648/1549 1534/1650/1550
f 1512/1628/1528 1511/1627/1527 1526/1649/1542 1527/1651/1543
f 1520/1629/1536 1519/1626/1535 1534/1650/1550 1535/1652/1551
f 1513/1630/1529 1512/1628/1528 1527/1651/1543 1528/1653/1544
f 1506/1632/1522 1204/1654/1220 1521/1655/1537
f 1430/1656/1446 1520/1629/1536 1535/1652/1551
f 1514/1634/1530 1513/1630/1529 1528/1653/1544 1529/1657/1545
f 1507/1635/1523 1506/1632/1522 1521/1655/1537 1522/1658/1538
f 1515/1636/1531 1514/1634/1530 1529/1657/1545 1530/1642/1546
f 1508/1637/1524 1507/1635/1523 1522/1658/1538 1523/1644/1539
f 1535/1652/1551 1534/1650/1550 1549/1659/1565 1550/1660/1566
f 1528/1653/1544 1527/1651/1543 1542/1661/1558 1543/1662/1559
f 1521/1655/1537 1204/1663/1220 1536/1664/1552
f 1430/1665/1446 1535/1652/1551 1550/1660/1566
f 1529/1657/1545 1528/1653/1544 1543/1662/1559 1544/1666/1560
f 1522/1658/1538 1521/1655/1537 1536/1664/1552 1537/1667/1553
f 1530/1642/1546 1529/1657/1545 1544/1666/1560 1545/1668/1561
f 1523/1644/1539 1522/1658/1538 1537/1667/1553 1538/1669/1554
f 1531/1643/1547 1530/1642/1546 1545/1668/1561 1546/1670/1562
f 1524/1645/1540 1523/1644/1539 1538/1669/1554 1539/1671/1555
f 1532/1646/1548 1531/1643/1547 1546/1670/1562 1547/1672/1563
f 1525/1647/1541 1524/1645/1540 1539/1671/1555 1540/1673/1556
f 1533/1648/1549 1532/1646/1548 1547/1672/1563 1548/1674/1564
f 1526/1649/1542 1525/1647/1541 1540/1673/1556 1541/1675/1557
f 1534/1650/1550 1533/1648/1549 1548/1674/1564 1549/1659/1565
f 1527/1651/1543 1526/1649/1542 1541/1675/1557 1542/1661/1558
f 1539/1671/1555 1538/1669/1554 1553/1676/1569 1554/1677/1570
f 1547/1672/1563 1546/1670/1562 1561/1678/1577 1562/1679/1578
f 1540/1673/1556 1539/1671/1555 1554/1677/1570 1555/1680/1571
f 1548/1674/1564 1547/1672/1563 1562/1679/1578 1563/1681/1579
f 1541/1675/1557 1540/1673/1556 1555/1680/1571 1556/1682/1572
f 1549/1659/1565 1548/1674/1564 1563/1681/1579 1564/1683/1580
f 1542/1661/1558 1541/1675/1557 1556/1682/1572 1557/1684/1573
f 1550/1660/1566 1549/1659/1565 1564/1683/1580 1565/1685/1581
f 1543/1662/1559 1542/1661/1558 1557/1684/1573 1558/1686/1574
f 1536/1664/1552 1204/1687/1220 1551/1688/1567
f 1430/1689/1446 1550/1660/1566 1565/1685/1581
f 1544/1666/1560 1543/1662/1559 1558/1686/1574 1559/1690/1575
f 1537/1667/1553 1536/1664/1552 1551/1688/1567 1552/1691/1568
f 1545/1668/1561 1544/1666/1560 1559/1690/1575 1560/1692/1576
f 1538/1669/1554 1537/1667/1553 1552/1691/1568 1553/1676/1569
f 1546/1670/1562 1545/1668/1561 1560/1692/1576 1561/1678/1577
f 1558/1686/1574 1557/1684/1573 1572/1693/1588 1573/1694/1589
f 1551/1688/1567 1204/1695/1220 1566/1696/1582
f 1430/1697/1446 1565/1685/1581 1580/1698/1596
f 1559/1690/1575 1558/1686/1574 1573/1694/1589 1574/1699/1590
f 1552/1691/1568 1551/1688/1567 1566/1696/1582 1567/1700/1583
f 1560/1692/1576 1559/1690/1575 1574/1699/1590 1575/1701/1591
f 1553/1676/1569 1552/1691/1568 1567/1700/1583 1568/1702/1584
f 1561/1678/1577 1560/1692/1576 1575/1701/1591 1576/1703/1592
f 1554/1677/1570 1553/1676/1569 1568/1702/1584 1569/1704/1585
f 1562/1679/1578 1561/1678/1577 1576/1703/1592 1577/1705/1593
f 1555/1680/1571 1554/1677/1570 1569/1704/1585 1570/1706/1586
f 1563/1681/1579 1562/1679/1578 1577/1705/1593 1578/1707/1594
f 1556/1682/1572 1555/1680/1571 1570/1706/1586 1571/1708/1587
f 1564/1683/1580 1563/1681/1579 1578/1707/1594 1579/1709/1595
f 1557/1684/1573 1556/1682/1572 1571/1708/1587 1572/1693/1588
f 1565/1685/1581 1564/1683/1580 1579/1709/1595 1580/1698/1596
f 1577/1705/1593 1576/1703/1592 1591/1710/1607 1592/1711/1608
f 1570/1706/1586 1569/1704/1585 1584/1712/1600 1585/1713/1601
f 1578/1707/1594 1577/1705/1593 1592/1711/1608 1593/1714/1609
f 1571/1708/1587 1570/1706/1586 1585/1713/1601 1586/1715/1602
f 1579/1709/1595 1578/1707/1594 1593/1714/1609 1594/1716/1610
f 1572/1693/1588 1571/1708/1587 1586/1715/1602 1587/1717/1603
f 1580/1698/1596 1579/1709/1595 1594/1716/1610 1595/1718/1611
f 1573/1694/1589 1572/1693/1588 1587/1717/1603 1588/1719/1604
f 1566/1696/1582 1204/1720/1220 1581/1721/1597
f 1430/1722/1446 1580/1698/1596 1595/1718/1611
f 1574/1699/1590 1573/1694/1589 1588/1719/1604 1589/1723/1605
f 1567/1700/1583 1566/1696/1582 1581/1721/1597 1582/1724/1598
f 1575/1701/1591 1574/1699/1590 1589/1723/1605 1590/1725/1606
f 1568/1702/1584 1567/1700/1583 1582/1724/1598 1583/1726/1599
f 1576/1703/1592 1575/1701/1591 1590/1725/1606 1591/1710/1607
f 1569/1704/1585 1568/1702/1584 1583/1726/1599 1584/1712/1600
f 1581/1721/1597 1204/1727/1220 1596/1174/1612
f 1430/1728/1446 1595/1718/1611 1604/1178/1620
f 1589/1723/1605 1588/1719/1604 1126/1170/1142 1127/1180/1143
f 1582/1724/1598 1581/1721/1597 1596/1174/1612 1597/1182/1613
f 1590/1725/1606 1589/1723/1605 1127/1180/1143 1600/1184/1616
f 1583/1726/1599 1582/1724/1598 1597/1182/1613 1123/1186/1139
f 1591/1710/1607 1590/1725/1606 1600/1184/1616 1128/1188/1144
f 1584/1712/1600 1583/1726/1599 1123/1186/1139 1598/1190/1614
f 1592/1711/1608 1591/1710/1607 1128/1188/1144 1601/1192/1617
f 1585/1713/1601 1584/1712/1600 1598/1190/1614 1124/1194/1140
f 1593/1714/1609 1592/1711/1608 1601/1192/1617 1602/1196/1618
f 1586/1715/1602 1585/1713/1601 1124/1194/1140 1599/1198/1615
f 1594/1716/1610 1593/1714/1609 1602/1196/1618 1603/1200/1619
f 1587/1717/1603 1586/1715/1602 1599/1198/1615 1125/1171/1141
f 1595/1718/1611 1594/1716/1610 1603/1200/1619 1604/1178/1620
f 1588/1719/1604 1587/1717/1603 1125/1171/1141 1126/1170/1142
