# Blender 5.1.1
# www.blender.org
mtllib Onil.mtl
o Sphere.003
v -0.000000 -0.195090 -0.980785
v 0.000000 0.000000 -1.000000
v 0.000000 0.195090 -0.980785
v -0.000024 0.789191 -0.257742
v -0.180240 -0.382683 -0.906127
v -0.191342 -0.195090 -0.961940
v -0.195090 0.000000 -0.980785
v -0.191342 0.195090 -0.961940
v -0.180240 0.382683 -0.906127
v -0.050482 0.789641 -0.252793
v -0.353553 -0.382683 -0.853553
v -0.375330 -0.195090 -0.906127
v -0.382683 0.000000 -0.923879
v -0.375330 0.195090 -0.906127
v -0.353553 0.382684 -0.853553
v -0.099033 0.790973 -0.238126
v -0.513280 -0.382683 -0.768178
v -0.544895 -0.195090 -0.815493
v -0.555570 0.000000 -0.831469
v -0.544895 0.195090 -0.815493
v -0.513280 0.382684 -0.768178
v -0.143778 0.793136 -0.214308
v -0.653281 -0.382683 -0.653281
v -0.693520 -0.195090 -0.693520
v -0.707107 0.000000 -0.707107
v -0.693520 0.195090 -0.693520
v -0.653281 0.382684 -0.653281
v -0.183000 0.796048 -0.182253
v -0.768178 -0.382683 -0.513280
v -0.815493 -0.195090 -0.544895
v -0.831470 0.000000 -0.555570
v -0.815493 0.195090 -0.544895
v -0.768178 0.382684 -0.513280
v -0.215183 0.799595 -0.143194
v -0.853553 -0.382683 -0.353553
v -0.906127 -0.195090 -0.375330
v -0.923879 0.000000 -0.382683
v -0.906127 0.195090 -0.375330
v -0.853553 0.382684 -0.353553
v -0.239100 0.803642 -0.098636
v -0.906127 -0.382683 -0.180240
v -0.961940 -0.195090 -0.191342
v -0.980785 0.000000 -0.195090
v -0.961940 0.195090 -0.191342
v -0.906127 0.382684 -0.180240
v -0.253826 0.808033 -0.050284
v -0.923880 -0.382683 -0.000000
v -0.980785 -0.195090 0.000000
v -1.000000 0.000000 0.000000
v -0.980785 0.195090 0.000000
v -0.923879 0.382684 -0.000000
v -0.258799 0.812600 -0.000001
v -0.906127 -0.382683 0.180240
v -0.961940 -0.195090 0.191342
v -0.980785 0.000000 0.195090
v -0.961940 0.195090 0.191342
v -0.906127 0.382684 0.180240
v -0.253827 0.817167 0.050282
v -0.853553 -0.382683 0.353553
v -0.906127 -0.195090 0.375330
v -0.923879 0.000000 0.382683
v -0.906127 0.195090 0.375330
v -0.853553 0.382684 0.353553
v -0.239100 0.821558 0.098632
v -0.768178 -0.382683 0.513280
v -0.815493 -0.195090 0.544895
v -0.831469 0.000000 0.555570
v -0.815493 0.195090 0.544895
v -0.768178 0.382684 0.513280
v -0.215185 0.825605 0.143190
v -0.653281 -0.382683 0.653281
v -0.693520 -0.195090 0.693520
v -0.707106 0.000000 0.707107
v -0.693520 0.195090 0.693520
v -0.653281 0.382684 0.653281
v -0.182997 0.829153 0.182248
v -0.513280 -0.382683 0.768178
v -0.544895 -0.195090 0.815493
v -0.555570 0.000000 0.831469
v -0.544895 0.195090 0.815493
v -0.513280 0.382684 0.768178
v -0.143779 0.832064 0.214303
v -0.353553 -0.382683 0.853553
v -0.375330 -0.195090 0.906127
v -0.382683 0.000000 0.923879
v -0.375330 0.195090 0.906127
v -0.353553 0.382684 0.853553
v -0.099037 0.834227 0.238121
v -0.180240 -0.382683 0.906127
v -0.191342 -0.195090 0.961939
v -0.195090 0.000000 0.980785
v -0.191341 0.195090 0.961939
v -0.180240 0.382683 0.906127
v -0.050487 0.835559 0.252789
v -0.000000 -0.382683 0.923879
v 0.000000 -0.195090 0.980785
v 0.000000 -0.000000 0.999999
v 0.000000 0.195090 0.980785
v 0.000000 0.382683 0.923879
v 0.000002 0.836009 0.257739
v 0.180240 -0.382683 0.906127
v 0.191342 -0.195090 0.961939
v 0.195091 -0.000000 0.980785
v 0.191342 0.195090 0.961939
v 0.180240 0.382683 0.906127
v 0.050492 0.835559 0.252788
v 0.353553 -0.382684 0.853553
v 0.375330 -0.195090 0.906127
v 0.382683 -0.000000 0.923879
v 0.375330 0.195090 0.906127
v 0.353553 0.382683 0.853553
v 0.099041 0.834227 0.238122
v 0.513280 -0.382684 0.768178
v 0.544895 -0.195090 0.815493
v 0.555570 -0.000000 0.831469
v 0.544895 0.195090 0.815493
v 0.513280 0.382683 0.768178
v 0.143781 0.832064 0.214305
v 0.653281 -0.382684 0.653281
v 0.693520 -0.195090 0.693520
v 0.707106 -0.000000 0.707106
v 0.693520 0.195090 0.693520
v 0.653281 0.382683 0.653281
v 0.183000 0.829153 0.182248
v 0.768177 -0.382684 0.513280
v 0.815493 -0.195090 0.544895
v 0.831469 -0.000000 0.555569
v 0.815493 0.195090 0.544895
v 0.768178 0.382683 0.513280
v 0.215187 0.825606 0.143194
v 0.853553 -0.382684 0.353553
v 0.906127 -0.195090 0.375330
v 0.923879 -0.000000 0.382683
v 0.906127 0.195090 0.375330
v 0.853553 0.382683 0.353553
v 0.239100 0.821559 0.098634
v 0.906127 -0.382684 0.180240
v 0.961939 -0.195090 0.191341
v 0.980784 -0.000000 0.195090
v 0.961939 0.195090 0.191341
v 0.906127 0.382683 0.180240
v 0.253829 0.817167 0.050280
v 0.923879 -0.382684 -0.000000
v 0.980785 -0.195090 -0.000000
v 0.999999 -0.000000 -0.000000
v 0.980785 0.195090 -0.000000
v 0.923879 0.382683 -0.000000
v 0.258801 0.812601 0.000003
v 0.906127 -0.382684 -0.180240
v 0.961939 -0.195090 -0.191342
v 0.980784 -0.000000 -0.195091
v 0.961939 0.195090 -0.191342
v 0.906127 0.382683 -0.180240
v 0.253829 0.808034 -0.050278
v 0.853553 -0.382684 -0.353553
v 0.906127 -0.195090 -0.375330
v 0.923878 -0.000000 -0.382683
v 0.906127 0.195090 -0.375330
v 0.853553 0.382683 -0.353553
v 0.239101 0.803642 -0.098630
v 0.768177 -0.382684 -0.513280
v 0.815493 -0.195090 -0.544895
v 0.831468 -0.000000 -0.555570
v 0.815493 0.195090 -0.544895
v 0.768177 0.382683 -0.513280
v 0.215186 0.799596 -0.143187
v 0.653281 -0.382684 -0.653281
v 0.693519 -0.195090 -0.693520
v 0.707106 -0.000000 -0.707106
v 0.693519 0.195090 -0.693520
v 0.653281 0.382683 -0.653281
v 0.183000 0.796048 -0.182245
v 0.513280 -0.382684 -0.768177
v 0.544895 -0.195090 -0.815493
v 0.555569 -0.000000 -0.831469
v 0.544895 0.195090 -0.815493
v 0.513280 0.382683 -0.768177
v 0.143784 0.793137 -0.214298
v 0.353553 -0.382684 -0.853553
v 0.375330 -0.195090 -0.906127
v 0.382683 -0.000000 -0.923879
v 0.375330 0.195090 -0.906127
v 0.353553 0.382683 -0.853553
v 0.099042 0.790974 -0.238113
v 0.180240 -0.382683 -0.906127
v 0.191341 -0.195090 -0.961939
v 0.195090 -0.000000 -0.980784
v 0.191341 0.195090 -0.961939
v 0.180240 0.382683 -0.906127
v 0.050463 0.789641 -0.252789
v -0.000000 -0.382683 -0.923879
v -0.000000 0.382683 -0.923879
v -0.000000 -0.555570 -0.675812
v -0.000000 -0.418807 -0.904571
v -0.000000 -0.545160 -0.740944
v -0.000000 -0.515513 -0.807289
v -0.000000 -0.471144 -0.864747
v -0.131845 -0.555570 -0.662826
v -0.176473 -0.418807 -0.887190
v -0.144551 -0.545160 -0.726707
v -0.157495 -0.515513 -0.791777
v -0.168704 -0.471144 -0.848132
v -0.258622 -0.555570 -0.624368
v -0.346164 -0.418807 -0.835715
v -0.283547 -0.545160 -0.684543
v -0.308936 -0.515513 -0.745838
v -0.330925 -0.471144 -0.798922
v -0.375461 -0.555570 -0.561917
v -0.502553 -0.418807 -0.752123
v -0.411646 -0.545160 -0.616072
v -0.448506 -0.515513 -0.671236
v -0.480428 -0.471144 -0.719011
v -0.477871 -0.555570 -0.477871
v -0.639628 -0.418807 -0.639628
v -0.523926 -0.545160 -0.523926
v -0.570840 -0.515513 -0.570840
v -0.611469 -0.471144 -0.611469
v -0.561917 -0.555570 -0.375461
v -0.752123 -0.418807 -0.502553
v -0.616072 -0.545160 -0.411646
v -0.671237 -0.515513 -0.448506
v -0.719011 -0.471144 -0.480428
v -0.624368 -0.555570 -0.258622
v -0.835715 -0.418807 -0.346164
v -0.684543 -0.545160 -0.283547
v -0.745838 -0.515513 -0.308936
v -0.798923 -0.471144 -0.330925
v -0.662826 -0.555570 -0.131844
v -0.887190 -0.418807 -0.176473
v -0.726707 -0.545160 -0.144551
v -0.791777 -0.515513 -0.157494
v -0.848132 -0.471144 -0.168704
v -0.675811 -0.555570 0.000000
v -0.904571 -0.418807 -0.000000
v -0.740944 -0.545160 0.000000
v -0.807289 -0.515513 0.000000
v -0.864748 -0.471144 0.000000
v -0.662826 -0.555570 0.131844
v -0.887190 -0.418807 0.176473
v -0.726707 -0.545160 0.144551
v -0.791777 -0.515513 0.157494
v -0.848131 -0.471144 0.168704
v -0.624368 -0.555570 0.258622
v -0.835715 -0.418807 0.346164
v -0.684543 -0.545160 0.283547
v -0.745838 -0.515513 0.308936
v -0.798922 -0.471144 0.330925
v -0.561917 -0.555570 0.375461
v -0.752123 -0.418807 0.502553
v -0.616072 -0.545160 0.411646
v -0.671236 -0.515513 0.448506
v -0.719011 -0.471144 0.480428
v -0.477871 -0.555570 0.477871
v -0.639628 -0.418807 0.639628
v -0.523926 -0.545160 0.523926
v -0.570840 -0.515513 0.570840
v -0.611469 -0.471144 0.611469
v -0.375461 -0.555570 0.561917
v -0.502553 -0.418807 0.752123
v -0.411646 -0.545160 0.616072
v -0.448506 -0.515513 0.671236
v -0.480428 -0.471144 0.719011
v -0.258622 -0.555570 0.624368
v -0.346164 -0.418807 0.835714
v -0.283547 -0.545160 0.684543
v -0.308936 -0.515513 0.745838
v -0.330925 -0.471144 0.798922
v -0.131844 -0.555570 0.662826
v -0.176473 -0.418807 0.887190
v -0.144551 -0.545160 0.726707
v -0.157494 -0.515513 0.791777
v -0.168704 -0.471144 0.848131
v -0.000000 -0.555570 0.675811
v -0.000000 -0.418807 0.904571
v -0.000000 -0.545160 0.740944
v -0.000000 -0.515513 0.807289
v -0.000000 -0.471144 0.864747
v 0.131844 -0.555570 0.662826
v 0.176473 -0.418807 0.887190
v 0.144551 -0.545160 0.726707
v 0.157494 -0.515513 0.791777
v 0.168704 -0.471144 0.848131
v 0.258622 -0.555570 0.624368
v 0.346164 -0.418807 0.835714
v 0.283547 -0.545160 0.684543
v 0.308936 -0.515513 0.745838
v 0.330924 -0.471144 0.798922
v 0.375461 -0.555570 0.561916
v 0.502552 -0.418807 0.752123
v 0.411646 -0.545160 0.616072
v 0.448506 -0.515513 0.671236
v 0.480428 -0.471144 0.719011
v 0.477871 -0.555570 0.477871
v 0.639628 -0.418807 0.639628
v 0.523926 -0.545160 0.523926
v 0.570839 -0.515513 0.570839
v 0.611469 -0.471144 0.611469
v 0.561917 -0.555570 0.375460
v 0.752123 -0.418807 0.502553
v 0.616072 -0.545160 0.411646
v 0.671236 -0.515513 0.448506
v 0.719011 -0.471144 0.480428
v 0.624368 -0.555570 0.258622
v 0.835714 -0.418807 0.346164
v 0.684542 -0.545160 0.283547
v 0.745838 -0.515513 0.308936
v 0.798922 -0.471144 0.330924
v 0.662826 -0.555570 0.131844
v 0.887190 -0.418807 0.176473
v 0.726706 -0.545160 0.144551
v 0.791777 -0.515513 0.157494
v 0.848131 -0.471144 0.168704
v 0.675811 -0.555570 -0.000000
v 0.904571 -0.418807 -0.000000
v 0.740943 -0.545160 -0.000000
v 0.807289 -0.515513 -0.000000
v 0.864747 -0.471144 -0.000000
v 0.662826 -0.555570 -0.131844
v 0.887189 -0.418807 -0.176473
v 0.726706 -0.545160 -0.144551
v 0.791777 -0.515513 -0.157494
v 0.848131 -0.471144 -0.168704
v 0.624368 -0.555570 -0.258622
v 0.835714 -0.418807 -0.346164
v 0.684542 -0.545160 -0.283547
v 0.745838 -0.515513 -0.308936
v 0.798922 -0.471144 -0.330925
v 0.561916 -0.555570 -0.375461
v 0.752123 -0.418807 -0.502553
v 0.616072 -0.545160 -0.411646
v 0.671236 -0.515513 -0.448506
v 0.719011 -0.471144 -0.480428
v 0.477870 -0.555570 -0.477871
v 0.639628 -0.418807 -0.639628
v 0.523926 -0.545160 -0.523926
v 0.570839 -0.515513 -0.570839
v 0.611468 -0.471144 -0.611469
v 0.375460 -0.555570 -0.561916
v 0.502552 -0.418807 -0.752123
v 0.411646 -0.545160 -0.616072
v 0.448505 -0.515513 -0.671236
v 0.480428 -0.471144 -0.719011
v 0.258621 -0.555570 -0.624368
v 0.346164 -0.418807 -0.835714
v 0.283546 -0.545160 -0.684542
v 0.308936 -0.515513 -0.745838
v 0.330924 -0.471144 -0.798922
v 0.131844 -0.555570 -0.662826
v 0.176473 -0.418807 -0.887189
v 0.144550 -0.545160 -0.726706
v 0.157494 -0.515513 -0.791777
v 0.168704 -0.471144 -0.848131
v -0.170859 0.472646 -0.858965
v -0.144169 0.574315 -0.724789
v -0.159460 0.536773 -0.801659
v -0.000001 0.574315 -0.738988
v 0.000000 0.472646 -0.875793
v -0.000000 0.536773 -0.817364
v -0.335152 0.472646 -0.809127
v -0.282798 0.574315 -0.682736
v -0.312792 0.536773 -0.755146
v -0.486565 0.472646 -0.728195
v -0.410559 0.574315 -0.614446
v -0.454103 0.536773 -0.679614
v -0.619279 0.472646 -0.619279
v -0.522543 0.574315 -0.522543
v -0.577964 0.536773 -0.577964
v -0.728195 0.472647 -0.486565
v -0.614446 0.574315 -0.410560
v -0.679614 0.536773 -0.454103
v -0.809127 0.472647 -0.335152
v -0.682735 0.574315 -0.282798
v -0.755146 0.536773 -0.312792
v -0.858965 0.472647 -0.170859
v -0.724788 0.574315 -0.144169
v -0.801659 0.536773 -0.159460
v -0.875793 0.472647 0.000000
v -0.738988 0.574315 -0.000000
v -0.817364 0.536773 0.000000
v -0.858965 0.472647 0.170859
v -0.724788 0.574315 0.144169
v -0.801659 0.536773 0.159460
v -0.809127 0.472647 0.335152
v -0.682735 0.574315 0.282798
v -0.755146 0.536773 0.312792
v -0.728195 0.472647 0.486565
v -0.614446 0.574315 0.410559
v -0.679613 0.536773 0.454103
v -0.619279 0.472647 0.619279
v -0.522543 0.574315 0.522543
v -0.577964 0.536773 0.577964
v -0.486565 0.472646 0.728195
v -0.410559 0.574315 0.614446
v -0.454103 0.536773 0.679613
v -0.335151 0.472646 0.809127
v -0.282798 0.574315 0.682736
v -0.312791 0.536773 0.755146
v -0.170859 0.472646 0.858965
v -0.144169 0.574315 0.724788
v -0.159460 0.536773 0.801659
v 0.000000 0.472646 0.875793
v 0.000000 0.574315 0.738988
v 0.000000 0.536773 0.817364
v 0.170859 0.472646 0.858965
v 0.144170 0.574315 0.724788
v 0.159460 0.536773 0.801659
v 0.335152 0.472646 0.809127
v 0.282799 0.574315 0.682735
v 0.312792 0.536773 0.755146
v 0.486565 0.472646 0.728195
v 0.410560 0.574315 0.614446
v 0.454103 0.536773 0.679613
v 0.619279 0.472646 0.619279
v 0.522543 0.574315 0.522543
v 0.577964 0.536773 0.577964
v 0.728195 0.472646 0.486564
v 0.614446 0.574315 0.410559
v 0.679613 0.536773 0.454103
v 0.809127 0.472646 0.335151
v 0.682735 0.574315 0.282798
v 0.755146 0.536773 0.312792
v 0.858965 0.472646 0.170859
v 0.724788 0.574315 0.144169
v 0.801659 0.536773 0.159460
v 0.875793 0.472646 -0.000000
v 0.738988 0.574315 0.000000
v 0.817364 0.536773 -0.000000
v 0.858965 0.472646 -0.170859
v 0.724788 0.574315 -0.144169
v 0.801659 0.536773 -0.159460
v 0.809127 0.472646 -0.335152
v 0.682735 0.574315 -0.282798
v 0.755146 0.536773 -0.312792
v 0.728195 0.472646 -0.486565
v 0.614446 0.574315 -0.410559
v 0.679613 0.536773 -0.454103
v 0.619279 0.472646 -0.619279
v 0.522543 0.574315 -0.522543
v 0.577964 0.536773 -0.577964
v 0.486564 0.472646 -0.728195
v 0.410559 0.574315 -0.614445
v 0.454103 0.536773 -0.679613
v 0.335151 0.472646 -0.809127
v 0.282798 0.574315 -0.682735
v 0.312792 0.536773 -0.755146
v 0.170859 0.472646 -0.858965
v 0.144167 0.574315 -0.724788
v 0.159459 0.536773 -0.801659
v -0.077870 0.695203 -0.391536
v -0.000033 0.695203 -0.399203
v -0.152759 0.695203 -0.368820
v -0.221778 0.695203 -0.331929
v -0.282277 0.695203 -0.282281
v -0.331920 0.695203 -0.221785
v -0.368811 0.695203 -0.152772
v -0.391527 0.695203 -0.077882
v -0.399197 0.695203 -0.000002
v -0.391528 0.695203 0.077879
v -0.368811 0.695203 0.152766
v -0.331922 0.695203 0.221780
v -0.282273 0.695203 0.282274
v -0.221780 0.695203 0.331922
v -0.152765 0.695203 0.368813
v -0.077876 0.695203 0.391531
v 0.000003 0.695203 0.399198
v 0.077882 0.695203 0.391530
v 0.152770 0.695203 0.368814
v 0.221783 0.695202 0.331925
v 0.282277 0.695202 0.282274
v 0.331925 0.695202 0.221785
v 0.368811 0.695202 0.152769
v 0.391530 0.695202 0.077877
v 0.399200 0.695202 0.000004
v 0.391530 0.695202 -0.077874
v 0.368813 0.695202 -0.152764
v 0.331923 0.695202 -0.221776
v 0.282277 0.695202 -0.282270
v 0.221786 0.695202 -0.331915
v 0.152771 0.695203 -0.368802
v 0.077843 0.695203 -0.391531
v -0.032822 0.839003 -0.166195
v -0.000015 0.838226 -0.169331
v -0.064388 0.841306 -0.156901
v -0.093480 0.845044 -0.141807
v -0.118981 0.850076 -0.121494
v -0.139905 0.856207 -0.096743
v -0.155455 0.863201 -0.068507
v -0.165030 0.870791 -0.037867
v -0.168263 0.878684 -0.006002
v -0.165030 0.886577 0.025862
v -0.155455 0.894166 0.056500
v -0.139906 0.901161 0.084736
v -0.118979 0.907292 0.109487
v -0.093480 0.912323 0.129800
v -0.064390 0.916062 0.144894
v -0.032825 0.918364 0.154189
v 0.000001 0.919141 0.157326
v 0.032828 0.918364 0.154188
v 0.064393 0.916062 0.144894
v 0.093482 0.912324 0.129802
v 0.118981 0.907292 0.109487
v 0.139908 0.901161 0.084739
v 0.155455 0.894167 0.056502
v 0.165031 0.886577 0.025860
v 0.168264 0.878685 -0.006000
v 0.165031 0.870792 -0.037863
v 0.155456 0.863202 -0.068503
v 0.139907 0.856208 -0.096739
v 0.118981 0.850077 -0.121489
v 0.093484 0.845046 -0.141801
v 0.064394 0.841308 -0.156892
v 0.032809 0.839004 -0.166193
v -0.016942 0.913847 -0.098464
v -0.000008 0.912981 -0.099889
v -0.033235 0.916415 -0.094241
v -0.048252 0.920584 -0.087382
v -0.061415 0.926196 -0.078152
v -0.072215 0.933033 -0.066905
v -0.080242 0.940833 -0.054075
v -0.085184 0.949297 -0.040153
v -0.086853 0.958099 -0.025674
v -0.085184 0.966902 -0.011195
v -0.080242 0.975366 0.002727
v -0.072216 0.983166 0.015557
v -0.061414 0.990003 0.026804
v -0.048252 0.995614 0.036034
v -0.033236 0.999784 0.042892
v -0.016943 1.002351 0.047116
v 0.000001 1.003218 0.048541
v 0.016945 1.002351 0.047115
v 0.033238 0.999784 0.042892
v 0.048253 0.995615 0.036034
v 0.061415 0.990003 0.026804
v 0.072217 0.983166 0.015558
v 0.080242 0.975366 0.002728
v 0.085185 0.966901 -0.011196
v 0.086853 0.958100 -0.025673
v 0.085185 0.949298 -0.040151
v 0.080242 0.940834 -0.054074
v 0.072216 0.933034 -0.066904
v 0.061415 0.926197 -0.078150
v 0.048254 0.920586 -0.087379
v 0.033238 0.916417 -0.094237
v 0.016935 0.913848 -0.098463
v -0.008702 0.978115 -0.085518
v -0.000004 0.977434 -0.086037
v -0.017070 0.980134 -0.083979
v -0.024783 0.983413 -0.081481
v -0.031543 0.987826 -0.078118
v -0.037091 0.993203 -0.074020
v -0.041213 0.999337 -0.069346
v -0.043752 1.005993 -0.064274
v -0.044609 1.012915 -0.058998
v -0.043752 1.019837 -0.053723
v -0.041213 1.026493 -0.048651
v -0.037091 1.032627 -0.043977
v -0.031543 1.038004 -0.039879
v -0.024783 1.042416 -0.036516
v -0.017071 1.045695 -0.034018
v -0.008702 1.047714 -0.032479
v 0.000000 1.048396 -0.031960
v 0.008703 1.047714 -0.032479
v 0.017072 1.045695 -0.034018
v 0.024783 1.042417 -0.036516
v 0.031544 1.038004 -0.039879
v 0.037092 1.032627 -0.043976
v 0.041213 1.026493 -0.048651
v 0.043752 1.019837 -0.053724
v 0.044609 1.012915 -0.058998
v 0.043752 1.005994 -0.064273
v 0.041214 0.999337 -0.069345
v 0.037091 0.993204 -0.074020
v 0.031544 0.987827 -0.078117
v 0.024784 0.983415 -0.081480
v 0.017072 0.980136 -0.083978
v 0.008698 0.978116 -0.085518
v -0.004683 1.030054 -0.115804
v -0.000002 1.029599 -0.115879
v -0.009186 1.031402 -0.115582
v -0.013337 1.033591 -0.115221
v -0.016975 1.036536 -0.114735
v -0.019960 1.040126 -0.114143
v -0.022179 1.044221 -0.113468
v -0.023545 1.048664 -0.112735
v -0.024006 1.053285 -0.111973
v -0.023545 1.057906 -0.111211
v -0.022179 1.062350 -0.110479
v -0.019960 1.066445 -0.109803
v -0.016975 1.070034 -0.109211
v -0.013337 1.072980 -0.108726
v -0.009187 1.075169 -0.108365
v -0.004683 1.076517 -0.108142
v 0.000000 1.076972 -0.108067
v 0.004684 1.076517 -0.108142
v 0.009187 1.075169 -0.108365
v 0.013337 1.072980 -0.108726
v 0.016975 1.070034 -0.109211
v 0.019961 1.066445 -0.109803
v 0.022179 1.062350 -0.110479
v 0.023545 1.057906 -0.111211
v 0.024006 1.053286 -0.111973
v 0.023545 1.048665 -0.112735
v 0.022179 1.044221 -0.113468
v 0.019961 1.040126 -0.114143
v 0.016975 1.036537 -0.114735
v 0.013337 1.033591 -0.115221
v 0.009187 1.031403 -0.115582
v 0.004681 1.030054 -0.115804
v -0.000000 1.062431 -0.167435
v -0.000000 1.062431 -0.167435
v -0.000000 1.062431 -0.167435
v -0.000000 1.062431 -0.167435
v -0.000000 1.062431 -0.167435
v -0.000000 1.062431 -0.167435
v -0.000000 1.062431 -0.167435
v -0.000000 1.062431 -0.167435
v -0.000000 1.062431 -0.167435
v -0.000000 1.062431 -0.167435
v -0.000000 1.062431 -0.167435
v -0.000000 1.062431 -0.167435
v -0.000000 1.062431 -0.167435
v -0.000000 1.062431 -0.167435
v -0.000000 1.062431 -0.167435
v -0.000000 1.062431 -0.167435
v -0.000000 1.062431 -0.167435
v -0.000000 1.062431 -0.167435
v -0.000000 1.062431 -0.167435
v -0.000000 1.062431 -0.167435
v -0.000000 1.062431 -0.167435
v -0.000000 1.062431 -0.167435
v -0.000000 1.062431 -0.167435
v -0.000000 1.062431 -0.167435
v -0.000000 1.062431 -0.167435
v -0.000000 1.062431 -0.167435
v -0.000000 1.062431 -0.167435
v -0.000000 1.062431 -0.167435
v -0.000000 1.062431 -0.167435
v -0.000000 1.062431 -0.167435
v -0.000000 1.062431 -0.167435
v -0.000000 1.062431 -0.167435
v 0.000000 -0.500447 0.366663
v 0.000000 -0.566663 0.300447
v 0.000000 -0.653178 0.264612
v 0.000000 -0.700000 0.260000
v 0.000000 -0.746821 0.264612
v 0.009134 -0.464611 0.454078
v 0.017918 -0.478269 0.409921
v 0.026013 -0.500447 0.369225
v 0.033108 -0.530294 0.333555
v 0.038931 -0.566663 0.304282
v 0.043258 -0.608156 0.282529
v 0.045922 -0.653178 0.269134
v 0.046822 -0.700000 0.264612
v 0.045922 -0.746821 0.269134
v 0.043258 -0.791844 0.282529
v 0.017918 -0.464611 0.456742
v 0.035147 -0.478269 0.415147
v 0.051026 -0.500447 0.376813
v 0.064944 -0.530294 0.343212
v 0.076366 -0.566663 0.315637
v 0.084853 -0.608156 0.295147
v 0.090079 -0.653178 0.282529
v 0.091844 -0.700000 0.278269
v 0.090079 -0.746821 0.282529
v 0.084853 -0.791844 0.295147
v 0.026013 -0.464611 0.461069
v 0.051026 -0.478269 0.423634
v 0.074078 -0.500447 0.389134
v 0.094283 -0.530294 0.358895
v 0.110866 -0.566663 0.334078
v 0.123187 -0.608156 0.315637
v 0.130775 -0.653178 0.304282
v 0.133337 -0.700000 0.300447
v 0.130775 -0.746821 0.304282
v 0.123187 -0.791844 0.315637
v 0.033108 -0.464611 0.466892
v 0.064944 -0.478269 0.435056
v 0.094283 -0.500447 0.405717
v 0.120000 -0.530294 0.380000
v 0.141105 -0.566663 0.358895
v 0.156788 -0.608156 0.343212
v 0.166445 -0.653178 0.333555
v 0.169706 -0.700000 0.330294
v 0.166445 -0.746821 0.333555
v 0.156788 -0.791844 0.343212
v 0.038931 -0.464611 0.473987
v 0.076366 -0.478269 0.448974
v 0.110866 -0.500447 0.425922
v 0.141105 -0.530294 0.405717
v 0.165922 -0.566663 0.389134
v 0.184363 -0.608156 0.376813
v 0.195718 -0.653178 0.369225
v 0.199553 -0.700000 0.366663
v 0.195718 -0.746821 0.369225
v 0.184363 -0.791844 0.376813
v 0.000000 -0.460000 0.500000
v 0.043258 -0.464611 0.482082
v 0.084853 -0.478269 0.464853
v 0.123187 -0.500447 0.448974
v 0.156788 -0.530294 0.435056
v 0.184363 -0.566663 0.423635
v 0.204853 -0.608156 0.415147
v 0.217471 -0.653178 0.409921
v 0.221731 -0.700000 0.408156
v 0.217471 -0.746822 0.409921
v 0.204853 -0.791844 0.415147
v 0.045922 -0.464611 0.490866
v 0.090079 -0.478269 0.482082
v 0.130775 -0.500447 0.473987
v 0.166445 -0.530294 0.466892
v 0.195718 -0.566663 0.461069
v 0.217471 -0.608156 0.456742
v 0.230866 -0.653178 0.454078
v 0.235388 -0.700000 0.453178
v 0.230865 -0.746822 0.454078
v 0.217471 -0.791844 0.456742
v 0.046822 -0.464611 0.500000
v 0.091844 -0.478269 0.500000
v 0.133337 -0.500447 0.500000
v 0.169706 -0.530294 0.500000
v 0.199553 -0.566663 0.500000
v 0.221731 -0.608156 0.500000
v 0.235388 -0.653178 0.500000
v 0.240000 -0.700000 0.500000
v 0.235388 -0.746822 0.500000
v 0.221731 -0.791844 0.500000
v 0.045922 -0.464611 0.509134
v 0.090079 -0.478269 0.517918
v 0.130775 -0.500447 0.526013
v 0.166445 -0.530294 0.533108
v 0.195718 -0.566663 0.538931
v 0.217471 -0.608156 0.543258
v 0.230865 -0.653178 0.545922
v 0.235388 -0.700000 0.546822
v 0.230865 -0.746822 0.545922
v 0.217471 -0.791844 0.543258
v 0.043258 -0.464611 0.517918
v 0.084853 -0.478269 0.535147
v 0.123187 -0.500447 0.551026
v 0.156788 -0.530294 0.564943
v 0.184363 -0.566663 0.576366
v 0.204853 -0.608156 0.584853
v 0.217471 -0.653178 0.590079
v 0.221731 -0.700000 0.591844
v 0.217471 -0.746822 0.590079
v 0.204853 -0.791844 0.584853
v 0.038931 -0.464611 0.526013
v 0.076366 -0.478269 0.551026
v 0.110865 -0.500447 0.574078
v 0.141105 -0.530294 0.594283
v 0.165922 -0.566663 0.610866
v 0.184363 -0.608156 0.623187
v 0.195718 -0.653178 0.630775
v 0.199553 -0.700000 0.633337
v 0.195718 -0.746821 0.630775
v 0.184363 -0.791844 0.623187
v 0.033108 -0.464611 0.533108
v 0.064944 -0.478269 0.564944
v 0.094283 -0.500447 0.594283
v 0.120000 -0.530294 0.620000
v 0.141105 -0.566663 0.641105
v 0.156788 -0.608156 0.656788
v 0.166445 -0.653178 0.666445
v 0.169705 -0.700000 0.669706
v 0.166445 -0.746821 0.666445
v 0.156788 -0.791844 0.656788
v 0.026013 -0.464611 0.538931
v 0.051026 -0.478269 0.576366
v 0.074078 -0.500447 0.610866
v 0.094283 -0.530294 0.641105
v 0.110865 -0.566663 0.665922
v 0.123187 -0.608156 0.684363
v 0.130775 -0.653178 0.695718
v 0.133337 -0.700000 0.699553
v 0.130775 -0.746821 0.695718
v 0.123187 -0.791844 0.684363
v 0.017918 -0.464611 0.543258
v 0.035147 -0.478269 0.584853
v 0.051026 -0.500447 0.623187
v 0.064944 -0.530294 0.656788
v 0.076365 -0.566663 0.684363
v 0.084853 -0.608156 0.704853
v 0.090079 -0.653178 0.717471
v 0.091844 -0.700000 0.721731
v 0.090079 -0.746821 0.717471
v 0.084853 -0.791844 0.704853
v 0.009134 -0.464611 0.545922
v 0.017918 -0.478269 0.590079
v 0.026013 -0.500447 0.630775
v 0.033108 -0.530294 0.666445
v 0.038931 -0.566663 0.695718
v 0.043258 -0.608156 0.717471
v 0.045922 -0.653178 0.730865
v 0.046822 -0.700000 0.735388
v 0.045922 -0.746821 0.730865
v 0.043258 -0.791844 0.717471
v -0.000000 -0.464611 0.546822
v -0.000000 -0.478269 0.591844
v -0.000000 -0.500447 0.633337
v -0.000000 -0.530294 0.669706
v -0.000000 -0.566663 0.699553
v 0.000000 -0.608156 0.721731
v -0.000000 -0.653178 0.735388
v -0.000000 -0.700000 0.740000
v -0.000000 -0.746821 0.735388
v 0.000000 -0.791844 0.721731
v -0.009134 -0.464611 0.545922
v -0.017918 -0.478269 0.590079
v -0.026013 -0.500447 0.630775
v -0.033108 -0.530294 0.666445
v -0.038931 -0.566663 0.695718
v -0.043258 -0.608156 0.717471
v -0.045922 -0.653178 0.730865
v -0.046822 -0.700000 0.735388
v -0.045922 -0.746822 0.730865
v -0.043258 -0.791844 0.717471
v -0.017918 -0.464611 0.543258
v -0.035147 -0.478269 0.584853
v -0.051026 -0.500447 0.623187
v -0.064944 -0.530294 0.656788
v -0.076366 -0.566663 0.684363
v -0.084853 -0.608156 0.704853
v -0.090079 -0.653178 0.717470
v -0.091844 -0.700000 0.721731
v -0.090079 -0.746822 0.717470
v -0.084853 -0.791844 0.704853
v -0.026013 -0.464611 0.538931
v -0.051026 -0.478269 0.576365
v -0.074078 -0.500447 0.610865
v -0.094283 -0.530294 0.641105
v -0.110866 -0.566663 0.665922
v -0.123187 -0.608156 0.684363
v -0.130775 -0.653178 0.695718
v -0.133337 -0.700000 0.699552
v -0.130775 -0.746822 0.695718
v -0.123187 -0.791844 0.684363
v -0.033108 -0.464611 0.533108
v -0.064944 -0.478269 0.564943
v -0.094283 -0.500447 0.594283
v -0.120000 -0.530294 0.620000
v -0.141105 -0.566663 0.641105
v -0.156787 -0.608156 0.656788
v -0.166445 -0.653178 0.666445
v -0.169706 -0.700000 0.669705
v -0.166445 -0.746822 0.666445
v -0.156787 -0.791844 0.656788
v -0.038931 -0.464611 0.526013
v -0.076365 -0.478269 0.551026
v -0.110865 -0.500447 0.574078
v -0.141105 -0.530294 0.594283
v -0.165922 -0.566663 0.610865
v -0.184363 -0.608156 0.623187
v -0.195718 -0.653178 0.630775
v -0.199553 -0.700000 0.633337
v -0.195718 -0.746822 0.630775
v -0.184363 -0.791844 0.623187
v -0.043258 -0.464611 0.517918
v -0.084853 -0.478269 0.535147
v -0.123187 -0.500447 0.551026
v -0.156788 -0.530294 0.564943
v -0.184363 -0.566663 0.576365
v -0.204853 -0.608156 0.584853
v -0.217471 -0.653178 0.590079
v -0.221731 -0.700000 0.591844
v -0.217471 -0.746821 0.590079
v -0.204853 -0.791844 0.584853
v -0.045922 -0.464611 0.509134
v -0.090079 -0.478269 0.517918
v -0.130775 -0.500447 0.526013
v -0.166445 -0.530294 0.533108
v -0.195718 -0.566663 0.538931
v -0.217470 -0.608156 0.543258
v -0.230865 -0.653178 0.545922
v -0.235388 -0.700000 0.546822
v -0.230865 -0.746821 0.545922
v -0.217470 -0.791844 0.543258
v -0.046822 -0.464611 0.500000
v -0.091844 -0.478269 0.500000
v -0.133337 -0.500447 0.500000
v -0.169706 -0.530294 0.500000
v -0.199553 -0.566663 0.500000
v -0.221731 -0.608156 0.500000
v -0.235388 -0.653178 0.500000
v -0.240000 -0.700000 0.500000
v -0.235388 -0.746821 0.500000
v -0.221731 -0.791844 0.500000
v -0.045922 -0.464611 0.490866
v -0.090079 -0.478269 0.482082
v -0.130775 -0.500447 0.473987
v -0.166445 -0.530294 0.466892
v -0.195718 -0.566663 0.461069
v -0.217470 -0.608156 0.456742
v -0.230865 -0.653178 0.454078
v -0.235388 -0.700000 0.453178
v -0.230865 -0.746821 0.454078
v -0.217470 -0.791844 0.456742
v -0.043258 -0.464611 0.482082
v -0.084853 -0.478269 0.464853
v -0.123187 -0.500447 0.448974
v -0.156787 -0.530294 0.435056
v -0.184363 -0.566663 0.423634
v -0.204853 -0.608156 0.415147
v -0.217470 -0.653178 0.409921
v -0.221731 -0.700000 0.408156
v -0.217470 -0.746821 0.409921
v -0.204853 -0.791844 0.415147
v -0.038931 -0.464611 0.473987
v -0.076365 -0.478269 0.448974
v -0.110865 -0.500447 0.425922
v -0.141105 -0.530294 0.405717
v -0.165922 -0.566663 0.389134
v -0.184363 -0.608156 0.376813
v -0.195718 -0.653178 0.369225
v -0.199552 -0.700000 0.366663
v -0.195718 -0.746822 0.369225
v -0.184363 -0.791844 0.376813
v -0.033108 -0.464611 0.466892
v -0.064943 -0.478269 0.435057
v -0.094283 -0.500447 0.405717
v -0.120000 -0.530294 0.380000
v -0.141105 -0.566663 0.358895
v -0.156787 -0.608156 0.343213
v -0.166445 -0.653178 0.333555
v -0.169705 -0.700000 0.330294
v -0.166445 -0.746822 0.333555
v -0.156787 -0.791844 0.343213
v -0.026013 -0.464611 0.461069
v -0.051026 -0.478269 0.423635
v -0.074078 -0.500447 0.389135
v -0.094283 -0.530294 0.358895
v -0.110865 -0.566663 0.334078
v -0.123187 -0.608156 0.315637
v -0.130775 -0.653178 0.304282
v -0.133337 -0.700000 0.300447
v -0.130775 -0.746822 0.304282
v -0.123187 -0.791844 0.315637
v -0.017918 -0.464611 0.456742
v -0.035147 -0.478269 0.415147
v -0.051026 -0.500447 0.376813
v -0.064943 -0.530294 0.343212
v -0.076365 -0.566663 0.315637
v -0.084853 -0.608156 0.295147
v -0.090079 -0.653178 0.282530
v -0.091844 -0.700000 0.278269
v -0.090079 -0.746822 0.282530
v -0.084853 -0.791844 0.295147
v -0.009134 -0.464611 0.454078
v -0.017918 -0.478269 0.409921
v -0.026013 -0.500447 0.369225
v -0.033108 -0.530294 0.333555
v -0.038931 -0.566663 0.304282
v -0.043258 -0.608156 0.282530
v -0.045922 -0.653178 0.269135
v -0.046822 -0.700000 0.264612
v -0.045922 -0.746822 0.269135
v -0.043258 -0.791844 0.282530
v 0.000000 -0.464611 0.453178
v 0.000000 -0.478269 0.408156
v 0.000000 -0.530294 0.330294
v 0.000000 -0.608156 0.278269
v 0.000000 -0.791844 0.278269
v 0.000000 -0.833337 0.327818
v 0.000000 -0.809288 0.287593
v 0.000000 -0.830115 0.312411
v 0.000000 -0.821312 0.297687
v 0.033591 -0.833337 0.331127
v 0.041439 -0.809288 0.291674
v 0.036597 -0.830115 0.316015
v 0.039469 -0.821312 0.301575
v 0.065891 -0.833337 0.340925
v 0.081285 -0.809288 0.303762
v 0.071787 -0.830115 0.326690
v 0.077422 -0.821312 0.313087
v 0.095659 -0.833337 0.356836
v 0.118007 -0.809288 0.323390
v 0.104219 -0.830115 0.344025
v 0.112399 -0.821312 0.331783
v 0.121751 -0.833337 0.378249
v 0.150194 -0.809288 0.349806
v 0.132646 -0.830115 0.367354
v 0.143057 -0.821312 0.356943
v 0.143164 -0.833337 0.404341
v 0.176610 -0.809288 0.381993
v 0.155975 -0.830115 0.395781
v 0.168217 -0.821312 0.387601
v 0.159075 -0.833337 0.434109
v 0.196238 -0.809288 0.418715
v 0.173310 -0.830115 0.428213
v 0.186913 -0.821312 0.422578
v 0.168873 -0.833337 0.466409
v 0.208325 -0.809288 0.458561
v 0.183985 -0.830115 0.463403
v 0.198425 -0.821312 0.460531
v 0.172182 -0.833337 0.500000
v 0.212407 -0.809288 0.500000
v 0.187589 -0.830115 0.500000
v 0.202313 -0.821312 0.500000
v 0.168873 -0.833337 0.533591
v 0.208325 -0.809288 0.541439
v 0.183985 -0.830115 0.536597
v 0.198425 -0.821312 0.539469
v 0.159075 -0.833337 0.565891
v 0.196238 -0.809288 0.581285
v 0.173310 -0.830115 0.571787
v 0.186913 -0.821312 0.577422
v 0.143164 -0.833337 0.595659
v 0.176610 -0.809288 0.618007
v 0.155975 -0.830115 0.604219
v 0.168217 -0.821312 0.612399
v 0.121751 -0.833337 0.621751
v 0.150194 -0.809288 0.650194
v 0.132646 -0.830115 0.632646
v 0.143057 -0.821312 0.643057
v 0.095659 -0.833337 0.643164
v 0.118007 -0.809288 0.676610
v 0.104219 -0.830115 0.655975
v 0.112399 -0.821312 0.668217
v 0.065891 -0.833337 0.659075
v 0.081285 -0.809288 0.696238
v 0.071787 -0.830115 0.673310
v 0.077422 -0.821312 0.686913
v 0.033591 -0.833337 0.668873
v 0.041438 -0.809288 0.708325
v 0.036597 -0.830115 0.683985
v 0.039469 -0.821312 0.698425
v 0.000000 -0.833337 0.672182
v -0.000000 -0.809288 0.712407
v 0.000000 -0.830115 0.687589
v -0.000000 -0.821312 0.702313
v -0.033591 -0.833337 0.668873
v -0.041439 -0.809288 0.708325
v -0.036597 -0.830115 0.683985
v -0.039469 -0.821312 0.698425
v -0.065891 -0.833337 0.659075
v -0.081285 -0.809288 0.696238
v -0.071787 -0.830115 0.673310
v -0.077422 -0.821312 0.686913
v -0.095659 -0.833337 0.643164
v -0.118007 -0.809288 0.676610
v -0.104219 -0.830115 0.655975
v -0.112399 -0.821312 0.668217
v -0.121751 -0.833337 0.621751
v -0.150194 -0.809288 0.650194
v -0.132646 -0.830115 0.632646
v -0.143057 -0.821312 0.643057
v -0.143164 -0.833337 0.595659
v -0.176610 -0.809288 0.618007
v -0.155975 -0.830115 0.604219
v -0.168217 -0.821312 0.612399
v -0.159075 -0.833337 0.565891
v -0.196238 -0.809288 0.581285
v -0.173310 -0.830115 0.571787
v -0.186913 -0.821312 0.577422
v -0.168873 -0.833337 0.533591
v -0.208325 -0.809288 0.541438
v -0.183985 -0.830115 0.536597
v -0.198425 -0.821312 0.539469
v -0.172182 -0.833337 0.500000
v -0.212407 -0.809288 0.500000
v -0.187589 -0.830115 0.500000
v -0.202313 -0.821312 0.500000
v -0.168873 -0.833337 0.466409
v -0.208325 -0.809288 0.458561
v -0.183985 -0.830115 0.463403
v -0.198425 -0.821312 0.460531
v -0.159075 -0.833337 0.434109
v -0.196238 -0.809288 0.418715
v -0.173310 -0.830115 0.428213
v -0.186913 -0.821312 0.422578
v -0.143164 -0.833337 0.404341
v -0.176610 -0.809288 0.381993
v -0.155975 -0.830115 0.395781
v -0.168217 -0.821312 0.387601
v -0.121751 -0.833337 0.378249
v -0.150194 -0.809288 0.349806
v -0.132646 -0.830115 0.367354
v -0.143057 -0.821312 0.356943
v -0.095659 -0.833337 0.356836
v -0.118007 -0.809288 0.323390
v -0.104219 -0.830115 0.344025
v -0.112399 -0.821312 0.331783
v -0.065891 -0.833337 0.340925
v -0.081285 -0.809288 0.303762
v -0.071787 -0.830115 0.326690
v -0.077422 -0.821312 0.313088
v -0.033591 -0.833337 0.331127
v -0.041438 -0.809288 0.291675
v -0.036597 -0.830115 0.316015
v -0.039469 -0.821312 0.301575
v 0.000000 -0.500447 -0.633337
v 0.000000 -0.566663 -0.699552
v 0.000000 -0.653178 -0.735388
v 0.000000 -0.700000 -0.740000
v 0.000000 -0.746821 -0.735388
v 0.009134 -0.464611 -0.545922
v 0.017918 -0.478269 -0.590079
v 0.026013 -0.500447 -0.630775
v 0.033108 -0.530294 -0.666445
v 0.038931 -0.566663 -0.695718
v 0.043258 -0.608156 -0.717470
v 0.045922 -0.653178 -0.730865
v 0.046822 -0.700000 -0.735388
v 0.045922 -0.746821 -0.730865
v 0.043258 -0.791844 -0.717470
v 0.017918 -0.464611 -0.543257
v 0.035147 -0.478269 -0.584853
v 0.051026 -0.500447 -0.623187
v 0.064944 -0.530294 -0.656787
v 0.076366 -0.566663 -0.684362
v 0.084853 -0.608156 -0.704853
v 0.090079 -0.653178 -0.717470
v 0.091844 -0.700000 -0.721731
v 0.090079 -0.746821 -0.717470
v 0.084853 -0.791844 -0.704853
v 0.026013 -0.464611 -0.538931
v 0.051026 -0.478269 -0.576365
v 0.074078 -0.500447 -0.610865
v 0.094283 -0.530294 -0.641105
v 0.110866 -0.566663 -0.665922
v 0.123187 -0.608156 -0.684362
v 0.130775 -0.653178 -0.695718
v 0.133337 -0.700000 -0.699552
v 0.130775 -0.746821 -0.695718
v 0.123187 -0.791844 -0.684362
v 0.033108 -0.464611 -0.533108
v 0.064944 -0.478269 -0.564943
v 0.094283 -0.500447 -0.594283
v 0.120000 -0.530294 -0.620000
v 0.141105 -0.566663 -0.641105
v 0.156788 -0.608156 -0.656787
v 0.166445 -0.653178 -0.666445
v 0.169706 -0.700000 -0.669705
v 0.166445 -0.746821 -0.666445
v 0.156788 -0.791844 -0.656787
v 0.038931 -0.464611 -0.526012
v 0.076366 -0.478269 -0.551026
v 0.110866 -0.500447 -0.574078
v 0.141105 -0.530294 -0.594283
v 0.165922 -0.566663 -0.610865
v 0.184363 -0.608156 -0.623187
v 0.195718 -0.653178 -0.630775
v 0.199553 -0.700000 -0.633337
v 0.195718 -0.746821 -0.630775
v 0.184363 -0.791844 -0.623187
v 0.000000 -0.460000 -0.500000
v 0.043258 -0.464611 -0.517918
v 0.084853 -0.478269 -0.535147
v 0.123187 -0.500447 -0.551026
v 0.156788 -0.530294 -0.564943
v 0.184363 -0.566663 -0.576365
v 0.204853 -0.608156 -0.584853
v 0.217471 -0.653178 -0.590079
v 0.221731 -0.700000 -0.591844
v 0.217471 -0.746822 -0.590079
v 0.204853 -0.791844 -0.584853
v 0.045922 -0.464611 -0.509134
v 0.090079 -0.478269 -0.517918
v 0.130775 -0.500447 -0.526012
v 0.166445 -0.530294 -0.533108
v 0.195718 -0.566663 -0.538931
v 0.217471 -0.608156 -0.543257
v 0.230866 -0.653178 -0.545922
v 0.235388 -0.700000 -0.546821
v 0.230865 -0.746822 -0.545922
v 0.217471 -0.791844 -0.543257
v 0.046822 -0.464611 -0.500000
v 0.091844 -0.478269 -0.500000
v 0.133337 -0.500447 -0.500000
v 0.169706 -0.530294 -0.500000
v 0.199553 -0.566663 -0.500000
v 0.221731 -0.608156 -0.500000
v 0.235388 -0.653178 -0.500000
v 0.240000 -0.700000 -0.500000
v 0.235388 -0.746822 -0.500000
v 0.221731 -0.791844 -0.500000
v 0.045922 -0.464611 -0.490865
v 0.090079 -0.478269 -0.482082
v 0.130775 -0.500447 -0.473987
v 0.166445 -0.530294 -0.466892
v 0.195718 -0.566663 -0.461069
v 0.217471 -0.608156 -0.456742
v 0.230865 -0.653178 -0.454078
v 0.235388 -0.700000 -0.453178
v 0.230865 -0.746822 -0.454078
v 0.217471 -0.791844 -0.456742
v 0.043258 -0.464611 -0.482082
v 0.084853 -0.478269 -0.464853
v 0.123187 -0.500447 -0.448974
v 0.156788 -0.530294 -0.435056
v 0.184363 -0.566663 -0.423634
v 0.204853 -0.608156 -0.415147
v 0.217471 -0.653178 -0.409920
v 0.221731 -0.700000 -0.408156
v 0.217471 -0.746822 -0.409920
v 0.204853 -0.791844 -0.415147
v 0.038931 -0.464611 -0.473987
v 0.076366 -0.478269 -0.448974
v 0.110865 -0.500447 -0.425922
v 0.141105 -0.530294 -0.405716
v 0.165922 -0.566663 -0.389134
v 0.184363 -0.608156 -0.376813
v 0.195718 -0.653178 -0.369225
v 0.199553 -0.700000 -0.366663
v 0.195718 -0.746821 -0.369225
v 0.184363 -0.791844 -0.376813
v 0.033108 -0.464611 -0.466892
v 0.064944 -0.478269 -0.435056
v 0.094283 -0.500447 -0.405716
v 0.120000 -0.530294 -0.380000
v 0.141105 -0.566663 -0.358895
v 0.156788 -0.608156 -0.343212
v 0.166445 -0.653178 -0.333555
v 0.169705 -0.700000 -0.330294
v 0.166445 -0.746821 -0.333555
v 0.156788 -0.791844 -0.343212
v 0.026013 -0.464611 -0.461069
v 0.051026 -0.478269 -0.423634
v 0.074078 -0.500447 -0.389134
v 0.094283 -0.530294 -0.358895
v 0.110865 -0.566663 -0.334078
v 0.123187 -0.608156 -0.315637
v 0.130775 -0.653178 -0.304281
v 0.133337 -0.700000 -0.300447
v 0.130775 -0.746821 -0.304281
v 0.123187 -0.791844 -0.315637
v 0.017918 -0.464611 -0.456742
v 0.035147 -0.478269 -0.415147
v 0.051026 -0.500447 -0.376813
v 0.064944 -0.530294 -0.343212
v 0.076365 -0.566663 -0.315637
v 0.084853 -0.608156 -0.295147
v 0.090079 -0.653178 -0.282529
v 0.091844 -0.700000 -0.278269
v 0.090079 -0.746821 -0.282529
v 0.084853 -0.791844 -0.295147
v 0.009134 -0.464611 -0.454078
v 0.017918 -0.478269 -0.409921
v 0.026013 -0.500447 -0.369225
v 0.033108 -0.530294 -0.333555
v 0.038931 -0.566663 -0.304281
v 0.043258 -0.608156 -0.282529
v 0.045922 -0.653178 -0.269134
v 0.046822 -0.700000 -0.264611
v 0.045922 -0.746821 -0.269134
v 0.043258 -0.791844 -0.282529
v -0.000000 -0.464611 -0.453178
v -0.000000 -0.478269 -0.408156
v -0.000000 -0.500447 -0.366663
v -0.000000 -0.530294 -0.330294
v -0.000000 -0.566663 -0.300447
v 0.000000 -0.608156 -0.278269
v -0.000000 -0.653178 -0.264611
v -0.000000 -0.700000 -0.260000
v -0.000000 -0.746821 -0.264611
v 0.000000 -0.791844 -0.278269
v -0.009134 -0.464611 -0.454078
v -0.017918 -0.478269 -0.409921
v -0.026013 -0.500447 -0.369225
v -0.033108 -0.530294 -0.333555
v -0.038931 -0.566663 -0.304281
v -0.043258 -0.608156 -0.282529
v -0.045922 -0.653178 -0.269134
v -0.046822 -0.700000 -0.264611
v -0.045922 -0.746822 -0.269134
v -0.043258 -0.791844 -0.282529
v -0.017918 -0.464611 -0.456742
v -0.035147 -0.478269 -0.415147
v -0.051026 -0.500447 -0.376813
v -0.064944 -0.530294 -0.343212
v -0.076366 -0.566663 -0.315637
v -0.084853 -0.608156 -0.295147
v -0.090079 -0.653178 -0.282529
v -0.091844 -0.700000 -0.278269
v -0.090079 -0.746822 -0.282529
v -0.084853 -0.791844 -0.295147
v -0.026013 -0.464611 -0.461069
v -0.051026 -0.478269 -0.423634
v -0.074078 -0.500447 -0.389134
v -0.094283 -0.530294 -0.358895
v -0.110866 -0.566663 -0.334078
v -0.123187 -0.608156 -0.315637
v -0.130775 -0.653178 -0.304282
v -0.133337 -0.700000 -0.300447
v -0.130775 -0.746822 -0.304282
v -0.123187 -0.791844 -0.315637
v -0.033108 -0.464611 -0.466892
v -0.064944 -0.478269 -0.435056
v -0.094283 -0.500447 -0.405716
v -0.120000 -0.530294 -0.380000
v -0.141105 -0.566663 -0.358895
v -0.156787 -0.608156 -0.343212
v -0.166445 -0.653178 -0.333555
v -0.169706 -0.700000 -0.330294
v -0.166445 -0.746822 -0.333555
v -0.156787 -0.791844 -0.343212
v -0.038931 -0.464611 -0.473987
v -0.076365 -0.478269 -0.448974
v -0.110865 -0.500447 -0.425922
v -0.141105 -0.530294 -0.405716
v -0.165922 -0.566663 -0.389134
v -0.184363 -0.608156 -0.376813
v -0.195718 -0.653178 -0.369225
v -0.199553 -0.700000 -0.366663
v -0.195718 -0.746822 -0.369225
v -0.184363 -0.791844 -0.376813
v -0.043258 -0.464611 -0.482082
v -0.084853 -0.478269 -0.464853
v -0.123187 -0.500447 -0.448974
v -0.156788 -0.530294 -0.435056
v -0.184363 -0.566663 -0.423634
v -0.204853 -0.608156 -0.415147
v -0.217471 -0.653178 -0.409921
v -0.221731 -0.700000 -0.408156
v -0.217471 -0.746821 -0.409921
v -0.204853 -0.791844 -0.415147
v -0.045922 -0.464611 -0.490865
v -0.090079 -0.478269 -0.482082
v -0.130775 -0.500447 -0.473987
v -0.166445 -0.530294 -0.466892
v -0.195718 -0.566663 -0.461069
v -0.217470 -0.608156 -0.456742
v -0.230865 -0.653178 -0.454078
v -0.235388 -0.700000 -0.453178
v -0.230865 -0.746821 -0.454078
v -0.217470 -0.791844 -0.456742
v -0.046822 -0.464611 -0.500000
v -0.091844 -0.478269 -0.500000
v -0.133337 -0.500447 -0.500000
v -0.169706 -0.530294 -0.500000
v -0.199553 -0.566663 -0.500000
v -0.221731 -0.608156 -0.500000
v -0.235388 -0.653178 -0.500000
v -0.240000 -0.700000 -0.500000
v -0.235388 -0.746821 -0.500000
v -0.221731 -0.791844 -0.500000
v -0.045922 -0.464611 -0.509134
v -0.090079 -0.478269 -0.517918
v -0.130775 -0.500447 -0.526012
v -0.166445 -0.530294 -0.533108
v -0.195718 -0.566663 -0.538931
v -0.217470 -0.608156 -0.543257
v -0.230865 -0.653178 -0.545922
v -0.235388 -0.700000 -0.546821
v -0.230865 -0.746821 -0.545922
v -0.217470 -0.791844 -0.543257
v -0.043258 -0.464611 -0.517918
v -0.084853 -0.478269 -0.535147
v -0.123187 -0.500447 -0.551026
v -0.156787 -0.530294 -0.564943
v -0.184363 -0.566663 -0.576365
v -0.204853 -0.608156 -0.584853
v -0.217470 -0.653178 -0.590079
v -0.221731 -0.700000 -0.591844
v -0.217470 -0.746821 -0.590079
v -0.204853 -0.791844 -0.584853
v -0.038931 -0.464611 -0.526012
v -0.076365 -0.478269 -0.551026
v -0.110865 -0.500447 -0.574078
v -0.141105 -0.530294 -0.594283
v -0.165922 -0.566663 -0.610865
v -0.184363 -0.608156 -0.623187
v -0.195718 -0.653178 -0.630775
v -0.199552 -0.700000 -0.633337
v -0.195718 -0.746822 -0.630775
v -0.184363 -0.791844 -0.623187
v -0.033108 -0.464611 -0.533108
v -0.064943 -0.478269 -0.564943
v -0.094283 -0.500447 -0.594283
v -0.120000 -0.530294 -0.620000
v -0.141105 -0.566663 -0.641105
v -0.156787 -0.608156 -0.656787
v -0.166445 -0.653178 -0.666444
v -0.169705 -0.700000 -0.669705
v -0.166445 -0.746822 -0.666444
v -0.156787 -0.791844 -0.656787
v -0.026013 -0.464611 -0.538931
v -0.051026 -0.478269 -0.576365
v -0.074078 -0.500447 -0.610865
v -0.094283 -0.530294 -0.641105
v -0.110865 -0.566663 -0.665922
v -0.123187 -0.608156 -0.684362
v -0.130775 -0.653178 -0.695718
v -0.133337 -0.700000 -0.699552
v -0.130775 -0.746822 -0.695718
v -0.123187 -0.791844 -0.684362
v -0.017918 -0.464611 -0.543257
v -0.035147 -0.478269 -0.584853
v -0.051026 -0.500447 -0.623187
v -0.064943 -0.530294 -0.656787
v -0.076365 -0.566663 -0.684362
v -0.084853 -0.608156 -0.704852
v -0.090079 -0.653178 -0.717470
v -0.091844 -0.700000 -0.721731
v -0.090079 -0.746822 -0.717470
v -0.084853 -0.791844 -0.704852
v -0.009134 -0.464611 -0.545922
v -0.017918 -0.478269 -0.590079
v -0.026013 -0.500447 -0.630774
v -0.033108 -0.530294 -0.666445
v -0.038931 -0.566663 -0.695718
v -0.043258 -0.608156 -0.717470
v -0.045922 -0.653178 -0.730865
v -0.046822 -0.700000 -0.735388
v -0.045922 -0.746822 -0.730865
v -0.043258 -0.791844 -0.717470
v 0.000000 -0.464611 -0.546821
v 0.000000 -0.478269 -0.591844
v 0.000000 -0.530294 -0.669705
v 0.000000 -0.608156 -0.721731
v 0.000000 -0.791844 -0.721731
v 0.000000 -0.833337 -0.672182
v 0.000000 -0.809288 -0.712407
v 0.000000 -0.830115 -0.687589
v 0.000000 -0.821312 -0.702312
v 0.033591 -0.833337 -0.668873
v 0.041439 -0.809288 -0.708325
v 0.036597 -0.830115 -0.683985
v 0.039469 -0.821312 -0.698425
v 0.065891 -0.833337 -0.659075
v 0.081285 -0.809288 -0.696238
v 0.071787 -0.830115 -0.673310
v 0.077422 -0.821312 -0.686912
v 0.095659 -0.833337 -0.643164
v 0.118007 -0.809288 -0.676610
v 0.104219 -0.830115 -0.655975
v 0.112399 -0.821312 -0.668217
v 0.121751 -0.833337 -0.621751
v 0.150194 -0.809288 -0.650194
v 0.132646 -0.830115 -0.632645
v 0.143057 -0.821312 -0.643056
v 0.143164 -0.833337 -0.595659
v 0.176610 -0.809288 -0.618007
v 0.155975 -0.830115 -0.604219
v 0.168217 -0.821312 -0.612399
v 0.159075 -0.833337 -0.565891
v 0.196238 -0.809288 -0.581284
v 0.173310 -0.830115 -0.571787
v 0.186913 -0.821312 -0.577421
v 0.168873 -0.833337 -0.533591
v 0.208325 -0.809288 -0.541438
v 0.183985 -0.830115 -0.536597
v 0.198425 -0.821312 -0.539469
v 0.172182 -0.833337 -0.500000
v 0.212407 -0.809288 -0.500000
v 0.187589 -0.830115 -0.500000
v 0.202313 -0.821312 -0.500000
v 0.168873 -0.833337 -0.466409
v 0.208325 -0.809288 -0.458561
v 0.183985 -0.830115 -0.463403
v 0.198425 -0.821312 -0.460530
v 0.159075 -0.833337 -0.434109
v 0.196238 -0.809288 -0.418715
v 0.173310 -0.830115 -0.428212
v 0.186913 -0.821312 -0.422578
v 0.143164 -0.833337 -0.404341
v 0.176610 -0.809288 -0.381993
v 0.155975 -0.830115 -0.395781
v 0.168217 -0.821312 -0.387601
v 0.121751 -0.833337 -0.378249
v 0.150194 -0.809288 -0.349805
v 0.132646 -0.830115 -0.367354
v 0.143057 -0.821312 -0.356943
v 0.095659 -0.833337 -0.356836
v 0.118007 -0.809288 -0.323390
v 0.104219 -0.830115 -0.344025
v 0.112399 -0.821312 -0.331783
v 0.065891 -0.833337 -0.340925
v 0.081285 -0.809288 -0.303761
v 0.071787 -0.830115 -0.326690
v 0.077422 -0.821312 -0.313087
v 0.033591 -0.833337 -0.331126
v 0.041438 -0.809288 -0.291674
v 0.036597 -0.830115 -0.316015
v 0.039469 -0.821312 -0.301574
v 0.000000 -0.833337 -0.327818
v -0.000000 -0.809288 -0.287593
v 0.000000 -0.830115 -0.312410
v -0.000000 -0.821312 -0.297687
v -0.033591 -0.833337 -0.331126
v -0.041439 -0.809288 -0.291674
v -0.036597 -0.830115 -0.316015
v -0.039469 -0.821312 -0.301574
v -0.065891 -0.833337 -0.340925
v -0.081285 -0.809288 -0.303761
v -0.071787 -0.830115 -0.326690
v -0.077422 -0.821312 -0.313087
v -0.095659 -0.833337 -0.356836
v -0.118007 -0.809288 -0.323390
v -0.104219 -0.830115 -0.344025
v -0.112399 -0.821312 -0.331783
v -0.121751 -0.833337 -0.378249
v -0.150194 -0.809288 -0.349806
v -0.132646 -0.830115 -0.367354
v -0.143057 -0.821312 -0.356943
v -0.143164 -0.833337 -0.404341
v -0.176610 -0.809288 -0.381993
v -0.155975 -0.830115 -0.395781
v -0.168217 -0.821312 -0.387601
v -0.159075 -0.833337 -0.434109
v -0.196238 -0.809288 -0.418715
v -0.173310 -0.830115 -0.428212
v -0.186913 -0.821312 -0.422578
v -0.168873 -0.833337 -0.466409
v -0.208325 -0.809288 -0.458561
v -0.183985 -0.830115 -0.463403
v -0.198425 -0.821312 -0.460531
v -0.172182 -0.833337 -0.500000
v -0.212407 -0.809288 -0.500000
v -0.187589 -0.830115 -0.500000
v -0.202313 -0.821312 -0.500000
v -0.168873 -0.833337 -0.533591
v -0.208325 -0.809288 -0.541438
v -0.183985 -0.830115 -0.536597
v -0.198425 -0.821312 -0.539469
v -0.159075 -0.833337 -0.565891
v -0.196238 -0.809288 -0.581284
v -0.173310 -0.830115 -0.571787
v -0.186913 -0.821312 -0.577421
v -0.143164 -0.833337 -0.595659
v -0.176610 -0.809288 -0.618007
v -0.155975 -0.830115 -0.604219
v -0.168217 -0.821312 -0.612399
v -0.121751 -0.833337 -0.621751
v -0.150194 -0.809288 -0.650194
v -0.132646 -0.830115 -0.632645
v -0.143057 -0.821312 -0.643056
v -0.095659 -0.833337 -0.643164
v -0.118007 -0.809288 -0.676610
v -0.104219 -0.830115 -0.655975
v -0.112399 -0.821312 -0.668217
v -0.065891 -0.833337 -0.659075
v -0.081285 -0.809288 -0.696238
v -0.071787 -0.830115 -0.673310
v -0.077422 -0.821312 -0.686912
v -0.033591 -0.833337 -0.668873
v -0.041438 -0.809288 -0.708325
v -0.036597 -0.830115 -0.683985
v -0.039469 -0.821312 -0.698425
v 0.864566 0.185434 0.313268
v 0.864566 0.123903 0.270196
v 0.864566 0.043509 0.246886
v 0.864566 0.000000 0.243887
v 0.864566 -0.043509 0.246886
v 0.864566 -0.123903 0.270196
v 0.873055 0.218734 0.370129
v 0.881217 0.206043 0.341406
v 0.888739 0.185434 0.314935
v 0.895332 0.157698 0.291732
v 0.900743 0.123903 0.272691
v 0.904763 0.085346 0.258541
v 0.907239 0.043509 0.249828
v 0.908075 0.000000 0.246886
v 0.907239 -0.043509 0.249828
v 0.904763 -0.085346 0.258541
v 0.900743 -0.123903 0.272691
v 0.895332 -0.157698 0.291732
v 0.888739 -0.185434 0.314935
v 0.881217 -0.206043 0.341406
v 0.873055 -0.218734 0.370129
v 0.881217 0.218734 0.371862
v 0.897227 0.206043 0.344806
v 0.911982 0.185434 0.319870
v 0.924915 0.157698 0.298014
v 0.935529 0.123903 0.280077
v 0.943416 0.085346 0.266749
v 0.948272 0.043509 0.258541
v 0.949912 0.000000 0.255770
v 0.948272 -0.043509 0.258541
v 0.943416 -0.085346 0.266749
v 0.935529 -0.123903 0.280077
v 0.924915 -0.157698 0.298014
v 0.911982 -0.185434 0.319870
v 0.897227 -0.206043 0.344806
v 0.881217 -0.218734 0.371862
v 0.888739 0.218734 0.374677
v 0.911982 0.206043 0.350326
v 0.933403 0.185434 0.327885
v 0.952179 0.157698 0.308215
v 0.967588 0.123903 0.292072
v 0.979038 0.085346 0.280077
v 0.986089 0.043509 0.272691
v 0.988469 0.000000 0.270196
v 0.986089 -0.043509 0.272691
v 0.979038 -0.085346 0.280077
v 0.967588 -0.123903 0.292072
v 0.952179 -0.157698 0.308215
v 0.933403 -0.185434 0.327885
v 0.911982 -0.206043 0.350326
v 0.888739 -0.218734 0.374677
v 0.895332 0.218734 0.378464
v 0.924915 0.206043 0.357756
v 0.952179 0.185434 0.338671
v 0.976076 0.157698 0.321943
v 0.995688 0.123903 0.308215
v 1.010261 0.085346 0.298014
v 1.019235 0.043509 0.291732
v 1.022265 0.000000 0.289611
v 1.019235 -0.043509 0.291732
v 1.010261 -0.085346 0.298014
v 0.995688 -0.123903 0.308215
v 0.976076 -0.157698 0.321943
v 0.952179 -0.185434 0.338671
v 0.924915 -0.206043 0.357756
v 0.895332 -0.218734 0.378464
v 0.900743 0.218734 0.383080
v 0.935529 0.206043 0.366809
v 0.967588 0.185434 0.351814
v 0.995688 0.157698 0.338671
v 1.018749 0.123903 0.327885
v 1.035885 0.085346 0.319870
v 1.046437 0.043509 0.314935
v 1.050000 0.000000 0.313268
v 1.046437 -0.043509 0.314935
v 1.035885 -0.085346 0.319870
v 1.018749 -0.123903 0.327885
v 0.995688 -0.157698 0.338671
v 0.967588 -0.185434 0.351814
v 0.935529 -0.206043 0.366809
v 0.900743 -0.218734 0.383080
v 0.864566 0.223019 0.400000
v 0.904763 0.218734 0.388345
v 0.943416 0.206043 0.377138
v 0.979038 0.185434 0.366809
v 1.010261 0.157698 0.357756
v 1.035885 0.123903 0.350326
v 1.054925 0.085346 0.344806
v 1.066650 0.043509 0.341406
v 1.070609 0.000000 0.340258
v 1.066650 -0.043509 0.341406
v 1.054925 -0.085346 0.344806
v 1.035885 -0.123903 0.350326
v 1.010261 -0.157698 0.357756
v 0.979038 -0.185434 0.366809
v 0.943416 -0.206043 0.377138
v 0.904763 -0.218734 0.388345
v 0.907239 0.218734 0.394058
v 0.948272 0.206043 0.388345
v 0.986089 0.185434 0.383080
v 1.019235 0.157698 0.378464
v 1.046437 0.123903 0.374677
v 1.066650 0.085346 0.371862
v 1.079098 0.043509 0.370129
v 1.083300 0.000000 0.369544
v 1.079098 -0.043509 0.370129
v 1.066650 -0.085346 0.371862
v 1.046437 -0.123903 0.374677
v 1.019235 -0.157698 0.378464
v 0.986089 -0.185434 0.383080
v 0.948272 -0.206043 0.388345
v 0.907239 -0.218734 0.394058
v 0.908075 0.218734 0.400000
v 0.949912 0.206043 0.400000
v 0.988469 0.185434 0.400000
v 1.022265 0.157698 0.400000
v 1.050000 0.123903 0.400000
v 1.070609 0.085346 0.400000
v 1.083300 0.043509 0.400000
v 1.087586 -0.000000 0.400000
v 1.083300 -0.043509 0.400000
v 1.070609 -0.085346 0.400000
v 1.050000 -0.123903 0.400000
v 1.022265 -0.157698 0.400000
v 0.988469 -0.185434 0.400000
v 0.949912 -0.206043 0.400000
v 0.908075 -0.218734 0.400000
v 0.907239 0.218734 0.405942
v 0.948272 0.206043 0.411655
v 0.986089 0.185434 0.416921
v 1.019235 0.157698 0.421536
v 1.046437 0.123903 0.425324
v 1.066650 0.085346 0.428138
v 1.079098 0.043509 0.429871
v 1.083300 0.000000 0.430456
v 1.079098 -0.043509 0.429871
v 1.066650 -0.085346 0.428138
v 1.046437 -0.123903 0.425324
v 1.019235 -0.157698 0.421536
v 0.986089 -0.185434 0.416921
v 0.948272 -0.206043 0.411655
v 0.907239 -0.218734 0.405942
v 0.904763 0.218734 0.411655
v 0.943416 0.206043 0.422862
v 0.979038 0.185434 0.433191
v 1.010261 0.157698 0.442244
v 1.035885 0.123903 0.449674
v 1.054925 0.085346 0.455195
v 1.066650 0.043509 0.458594
v 1.070609 0.000000 0.459742
v 1.066650 -0.043509 0.458594
v 1.054925 -0.085346 0.455195
v 1.035885 -0.123903 0.449674
v 1.010261 -0.157698 0.442244
v 0.979038 -0.185434 0.433191
v 0.943416 -0.206043 0.422862
v 0.904763 -0.218734 0.411655
v 0.900743 0.218734 0.416921
v 0.935529 0.206043 0.433191
v 0.967588 0.185434 0.448186
v 0.995688 0.157698 0.461329
v 1.018749 0.123903 0.472115
v 1.035885 0.085346 0.480130
v 1.046437 0.043509 0.485066
v 1.050000 0.000000 0.486732
v 1.046437 -0.043509 0.485066
v 1.035885 -0.085346 0.480130
v 1.018749 -0.123903 0.472115
v 0.995688 -0.157698 0.461329
v 0.967588 -0.185434 0.448186
v 0.935529 -0.206043 0.433191
v 0.900743 -0.218734 0.416921
v 0.895332 0.218734 0.421536
v 0.924915 0.206043 0.442244
v 0.952179 0.185434 0.461329
v 0.976076 0.157698 0.478057
v 0.995688 0.123903 0.491785
v 1.010261 0.085346 0.501986
v 1.019235 0.043509 0.508268
v 1.022265 0.000000 0.510389
v 1.019235 -0.043509 0.508268
v 1.010261 -0.085346 0.501986
v 0.995688 -0.123903 0.491785
v 0.976076 -0.157698 0.478057
v 0.952179 -0.185434 0.461329
v 0.924915 -0.206043 0.442244
v 0.895332 -0.218734 0.421536
v 0.888739 0.218734 0.425324
v 0.911982 0.206043 0.449674
v 0.933403 0.185434 0.472115
v 0.952179 0.157698 0.491785
v 0.967588 0.123903 0.507928
v 0.979038 0.085346 0.519923
v 0.986089 0.043509 0.527310
v 0.988469 0.000000 0.529804
v 0.986089 -0.043509 0.527310
v 0.979038 -0.085346 0.519923
v 0.967588 -0.123903 0.507928
v 0.952179 -0.157698 0.491785
v 0.933403 -0.185434 0.472115
v 0.911982 -0.206043 0.449674
v 0.888739 -0.218734 0.425324
v 0.881217 0.218734 0.428138
v 0.897227 0.206043 0.455195
v 0.911982 0.185434 0.480130
v 0.924915 0.157698 0.501986
v 0.935529 0.123903 0.519923
v 0.943416 0.085346 0.533251
v 0.948272 0.043509 0.541459
v 0.949912 0.000000 0.544230
v 0.948272 -0.043509 0.541459
v 0.943416 -0.085346 0.533251
v 0.935529 -0.123903 0.519923
v 0.924915 -0.157698 0.501986
v 0.911982 -0.185434 0.480130
v 0.897227 -0.206043 0.455195
v 0.881217 -0.218734 0.428138
v 0.873055 0.218734 0.429871
v 0.881217 0.206043 0.458594
v 0.888739 0.185434 0.485066
v 0.895332 0.157698 0.508268
v 0.900743 0.123903 0.527310
v 0.904763 0.085346 0.541459
v 0.907239 0.043509 0.550172
v 0.908075 0.000000 0.553114
v 0.907239 -0.043509 0.550172
v 0.904763 -0.085346 0.541459
v 0.900743 -0.123903 0.527310
v 0.895332 -0.157698 0.508268
v 0.888739 -0.185434 0.485066
v 0.881217 -0.206043 0.458594
v 0.873055 -0.218734 0.429871
v 0.864566 0.218734 0.430456
v 0.864566 0.206043 0.459742
v 0.864566 0.185434 0.486732
v 0.864566 0.157698 0.510389
v 0.864566 0.123903 0.529804
v 0.864566 0.085346 0.544230
v 0.864566 0.043509 0.553114
v 0.864566 -0.000000 0.556113
v 0.864566 -0.043509 0.553114
v 0.864566 -0.085346 0.544230
v 0.864566 -0.123903 0.529804
v 0.864566 -0.157698 0.510389
v 0.864566 -0.185434 0.486732
v 0.864566 -0.206043 0.459742
v 0.864566 -0.218734 0.430456
v 0.856078 0.218734 0.429871
v 0.847916 0.206043 0.458594
v 0.840394 0.185434 0.485066
v 0.833801 0.157698 0.508268
v 0.828390 0.123903 0.527310
v 0.824369 0.085346 0.541459
v 0.821894 0.043509 0.550172
v 0.821057 0.000000 0.553114
v 0.821894 -0.043509 0.550172
v 0.824369 -0.085346 0.541459
v 0.828390 -0.123903 0.527310
v 0.833801 -0.157698 0.508268
v 0.840394 -0.185434 0.485066
v 0.847916 -0.206043 0.458594
v 0.856078 -0.218734 0.429871
v 0.847916 0.218734 0.428138
v 0.831906 0.206043 0.455195
v 0.817151 0.185434 0.480130
v 0.804218 0.157698 0.501986
v 0.793604 0.123903 0.519923
v 0.785717 0.085346 0.533251
v 0.780861 0.043509 0.541459
v 0.779221 -0.000000 0.544230
v 0.780861 -0.043509 0.541459
v 0.785717 -0.085346 0.533251
v 0.793604 -0.123903 0.519923
v 0.804218 -0.157698 0.501986
v 0.817151 -0.185434 0.480130
v 0.831906 -0.206043 0.455195
v 0.847916 -0.218734 0.428138
v 0.840394 0.218734 0.425324
v 0.817151 0.206043 0.449674
v 0.795730 0.185434 0.472115
v 0.776954 0.157698 0.491785
v 0.761545 0.123903 0.507928
v 0.750095 0.085346 0.519923
v 0.743044 0.043509 0.527310
v 0.740664 -0.000000 0.529804
v 0.743044 -0.043509 0.527310
v 0.750095 -0.085346 0.519923
v 0.761545 -0.123903 0.507928
v 0.776954 -0.157698 0.491785
v 0.795730 -0.185434 0.472115
v 0.817151 -0.206043 0.449674
v 0.840394 -0.218734 0.425324
v 0.833801 0.218734 0.421536
v 0.804218 0.206043 0.442244
v 0.776954 0.185434 0.461329
v 0.753057 0.157698 0.478057
v 0.733445 0.123903 0.491785
v 0.718872 0.085346 0.501986
v 0.709898 0.043509 0.508268
v 0.706868 0.000000 0.510389
v 0.709898 -0.043509 0.508268
v 0.718872 -0.085346 0.501986
v 0.733445 -0.123903 0.491785
v 0.753057 -0.157698 0.478057
v 0.776954 -0.185434 0.461329
v 0.804218 -0.206043 0.442244
v 0.833801 -0.218734 0.421536
v 0.864566 -0.223019 0.400000
v 0.828390 0.218734 0.416921
v 0.793604 0.206043 0.433191
v 0.761545 0.185434 0.448186
v 0.733445 0.157698 0.461329
v 0.710384 0.123903 0.472115
v 0.693248 0.085346 0.480130
v 0.682696 0.043509 0.485066
v 0.679133 -0.000000 0.486732
v 0.682696 -0.043509 0.485066
v 0.693248 -0.085346 0.480130
v 0.710384 -0.123903 0.472115
v 0.733445 -0.157698 0.461329
v 0.761545 -0.185434 0.448186
v 0.793604 -0.206043 0.433191
v 0.828390 -0.218734 0.416921
v 0.824369 0.218734 0.411655
v 0.785717 0.206043 0.422862
v 0.750095 0.185434 0.433191
v 0.718872 0.157698 0.442244
v 0.693248 0.123903 0.449674
v 0.674208 0.085346 0.455195
v 0.662483 0.043509 0.458594
v 0.658524 -0.000000 0.459742
v 0.662483 -0.043509 0.458594
v 0.674208 -0.085346 0.455195
v 0.693248 -0.123903 0.449674
v 0.718872 -0.157698 0.442244
v 0.750095 -0.185434 0.433191
v 0.785717 -0.206043 0.422862
v 0.824369 -0.218734 0.411655
v 0.821894 0.218734 0.405942
v 0.780861 0.206043 0.411655
v 0.743044 0.185434 0.416921
v 0.709898 0.157698 0.421536
v 0.682696 0.123903 0.425323
v 0.662483 0.085346 0.428138
v 0.650035 0.043509 0.429871
v 0.645833 0.000000 0.430456
v 0.650035 -0.043509 0.429871
v 0.662483 -0.085346 0.428138
v 0.682696 -0.123903 0.425323
v 0.709898 -0.157698 0.421536
v 0.743044 -0.185434 0.416921
v 0.780861 -0.206043 0.411655
v 0.821894 -0.218734 0.405942
v 0.821058 0.218734 0.400000
v 0.779221 0.206043 0.400000
v 0.740664 0.185434 0.400000
v 0.706868 0.157698 0.400000
v 0.679133 0.123903 0.400000
v 0.658524 0.085346 0.400000
v 0.645833 0.043509 0.400000
v 0.641547 -0.000000 0.400000
v 0.645833 -0.043509 0.400000
v 0.658524 -0.085346 0.400000
v 0.679133 -0.123903 0.400000
v 0.706868 -0.157698 0.400000
v 0.740664 -0.185434 0.400000
v 0.779221 -0.206043 0.400000
v 0.821058 -0.218734 0.400000
v 0.821894 0.218734 0.394058
v 0.780861 0.206043 0.388345
v 0.743044 0.185434 0.383079
v 0.709898 0.157698 0.378464
v 0.682696 0.123903 0.374677
v 0.662483 0.085346 0.371862
v 0.650035 0.043509 0.370129
v 0.645833 -0.000000 0.369544
v 0.650035 -0.043509 0.370129
v 0.662483 -0.085346 0.371862
v 0.682696 -0.123903 0.374677
v 0.709898 -0.157698 0.378464
v 0.743044 -0.185434 0.383079
v 0.780861 -0.206043 0.388345
v 0.821894 -0.218734 0.394058
v 0.824370 0.218734 0.388345
v 0.785717 0.206043 0.377138
v 0.750095 0.185434 0.366809
v 0.718872 0.157698 0.357756
v 0.693248 0.123903 0.350326
v 0.674208 0.085346 0.344806
v 0.662483 0.043509 0.341406
v 0.658524 -0.000000 0.340258
v 0.662483 -0.043509 0.341406
v 0.674208 -0.085346 0.344806
v 0.693248 -0.123903 0.350326
v 0.718872 -0.157698 0.357756
v 0.750095 -0.185434 0.366809
v 0.785717 -0.206043 0.377138
v 0.824369 -0.218734 0.388345
v 0.828390 0.218734 0.383080
v 0.793604 0.206043 0.366809
v 0.761545 0.185434 0.351814
v 0.733445 0.157698 0.338671
v 0.710384 0.123903 0.327885
v 0.693248 0.085346 0.319870
v 0.682696 0.043509 0.314935
v 0.679133 -0.000000 0.313268
v 0.682696 -0.043509 0.314935
v 0.693248 -0.085346 0.319870
v 0.710384 -0.123903 0.327885
v 0.733445 -0.157698 0.338671
v 0.761545 -0.185434 0.351814
v 0.793604 -0.206043 0.366809
v 0.828390 -0.218734 0.383080
v 0.833801 0.218734 0.378464
v 0.804218 0.206043 0.357756
v 0.776954 0.185434 0.338671
v 0.753057 0.157698 0.321943
v 0.733445 0.123903 0.308215
v 0.718872 0.085346 0.298014
v 0.709898 0.043509 0.291732
v 0.706868 0.000000 0.289611
v 0.709898 -0.043509 0.291732
v 0.718872 -0.085346 0.298014
v 0.733445 -0.123903 0.308215
v 0.753057 -0.157698 0.321943
v 0.776954 -0.185434 0.338671
v 0.804218 -0.206043 0.357756
v 0.833801 -0.218734 0.378464
v 0.840394 0.218734 0.374677
v 0.817151 0.206043 0.350326
v 0.795730 0.185434 0.327885
v 0.776954 0.157698 0.308215
v 0.761545 0.123903 0.292072
v 0.750095 0.085346 0.280077
v 0.743044 0.043509 0.272691
v 0.740664 0.000000 0.270197
v 0.743044 -0.043509 0.272691
v 0.750095 -0.085346 0.280077
v 0.761545 -0.123903 0.292072
v 0.776954 -0.157698 0.308215
v 0.795730 -0.185434 0.327885
v 0.817151 -0.206043 0.350326
v 0.840394 -0.218734 0.374677
v 0.847916 0.218734 0.371862
v 0.831906 0.206043 0.344806
v 0.817151 0.185434 0.319870
v 0.804218 0.157698 0.298014
v 0.793604 0.123903 0.280077
v 0.785717 0.085346 0.266749
v 0.780861 0.043509 0.258541
v 0.779221 -0.000000 0.255770
v 0.780861 -0.043509 0.258541
v 0.785717 -0.085346 0.266749
v 0.793604 -0.123903 0.280077
v 0.804218 -0.157698 0.298014
v 0.817151 -0.185434 0.319870
v 0.831906 -0.206043 0.344806
v 0.847916 -0.218734 0.371862
v 0.856078 0.218734 0.370129
v 0.847916 0.206043 0.341406
v 0.840394 0.185434 0.314935
v 0.833801 0.157698 0.291732
v 0.828390 0.123903 0.272691
v 0.824369 0.085346 0.258541
v 0.821894 0.043509 0.249828
v 0.821058 0.000000 0.246886
v 0.821894 -0.043509 0.249828
v 0.824369 -0.085346 0.258541
v 0.828390 -0.123903 0.272691
v 0.833801 -0.157698 0.291732
v 0.840394 -0.185434 0.314935
v 0.847916 -0.206043 0.341406
v 0.856078 -0.218734 0.370129
v 0.864567 0.218734 0.369544
v 0.864567 0.206043 0.340258
v 0.864566 0.157698 0.289611
v 0.864566 0.085346 0.255770
v 0.864566 -0.085346 0.255770
v 0.864567 -0.157698 0.289611
v 0.864567 -0.185434 0.313268
v 0.864566 -0.206043 0.340258
v 0.864566 -0.218734 0.369544
v 0.864566 0.185434 -0.486732
v 0.864566 0.123903 -0.529804
v 0.864566 0.043509 -0.553114
v 0.864566 0.000000 -0.556114
v 0.864566 -0.043509 -0.553114
v 0.864566 -0.123903 -0.529804
v 0.873055 0.218734 -0.429871
v 0.881217 0.206043 -0.458594
v 0.888739 0.185434 -0.485066
v 0.895332 0.157698 -0.508268
v 0.900743 0.123903 -0.527310
v 0.904763 0.085346 -0.541459
v 0.907239 0.043509 -0.550172
v 0.908075 0.000000 -0.553114
v 0.907239 -0.043509 -0.550172
v 0.904763 -0.085346 -0.541459
v 0.900743 -0.123903 -0.527310
v 0.895332 -0.157698 -0.508268
v 0.888739 -0.185434 -0.485066
v 0.881217 -0.206043 -0.458594
v 0.873055 -0.218734 -0.429871
v 0.881217 0.218734 -0.428138
v 0.897227 0.206043 -0.455195
v 0.911982 0.185434 -0.480130
v 0.924915 0.157698 -0.501986
v 0.935529 0.123903 -0.519923
v 0.943416 0.085346 -0.533251
v 0.948272 0.043509 -0.541459
v 0.949912 0.000000 -0.544230
v 0.948272 -0.043509 -0.541459
v 0.943416 -0.085346 -0.533251
v 0.935529 -0.123903 -0.519923
v 0.924915 -0.157698 -0.501986
v 0.911982 -0.185434 -0.480130
v 0.897227 -0.206043 -0.455195
v 0.881217 -0.218734 -0.428138
v 0.888739 0.218734 -0.425324
v 0.911982 0.206043 -0.449674
v 0.933403 0.185434 -0.472115
v 0.952179 0.157698 -0.491785
v 0.967588 0.123903 -0.507928
v 0.979038 0.085346 -0.519923
v 0.986089 0.043509 -0.527310
v 0.988469 0.000000 -0.529804
v 0.986089 -0.043509 -0.527310
v 0.979038 -0.085346 -0.519923
v 0.967588 -0.123903 -0.507928
v 0.952179 -0.157698 -0.491785
v 0.933403 -0.185434 -0.472115
v 0.911982 -0.206043 -0.449674
v 0.888739 -0.218734 -0.425324
v 0.895332 0.218734 -0.421536
v 0.924915 0.206043 -0.442244
v 0.952179 0.185434 -0.461329
v 0.976076 0.157698 -0.478057
v 0.995688 0.123903 -0.491785
v 1.010261 0.085346 -0.501986
v 1.019235 0.043509 -0.508268
v 1.022265 0.000000 -0.510389
v 1.019235 -0.043509 -0.508268
v 1.010261 -0.085346 -0.501986
v 0.995688 -0.123903 -0.491785
v 0.976076 -0.157698 -0.478057
v 0.952179 -0.185434 -0.461329
v 0.924915 -0.206043 -0.442244
v 0.895332 -0.218734 -0.421536
v 0.900743 0.218734 -0.416921
v 0.935529 0.206043 -0.433191
v 0.967588 0.185434 -0.448186
v 0.995688 0.157698 -0.461329
v 1.018749 0.123903 -0.472115
v 1.035885 0.085346 -0.480130
v 1.046437 0.043509 -0.485066
v 1.050000 0.000000 -0.486732
v 1.046437 -0.043509 -0.485066
v 1.035885 -0.085346 -0.480130
v 1.018749 -0.123903 -0.472115
v 0.995688 -0.157698 -0.461329
v 0.967588 -0.185434 -0.448186
v 0.935529 -0.206043 -0.433191
v 0.900743 -0.218734 -0.416921
v 0.864566 0.223019 -0.400000
v 0.904763 0.218734 -0.411655
v 0.943416 0.206043 -0.422862
v 0.979038 0.185434 -0.433191
v 1.010261 0.157698 -0.442244
v 1.035885 0.123903 -0.449674
v 1.054925 0.085346 -0.455195
v 1.066650 0.043509 -0.458594
v 1.070609 0.000000 -0.459742
v 1.066650 -0.043509 -0.458594
v 1.054925 -0.085346 -0.455195
v 1.035885 -0.123903 -0.449674
v 1.010261 -0.157698 -0.442244
v 0.979038 -0.185434 -0.433191
v 0.943416 -0.206043 -0.422862
v 0.904763 -0.218734 -0.411655
v 0.907239 0.218734 -0.405942
v 0.948272 0.206043 -0.411655
v 0.986089 0.185434 -0.416921
v 1.019235 0.157698 -0.421536
v 1.046437 0.123903 -0.425324
v 1.066650 0.085346 -0.428138
v 1.079098 0.043509 -0.429871
v 1.083300 0.000000 -0.430456
v 1.079098 -0.043509 -0.429871
v 1.066650 -0.085346 -0.428138
v 1.046437 -0.123903 -0.425324
v 1.019235 -0.157698 -0.421536
v 0.986089 -0.185434 -0.416921
v 0.948272 -0.206043 -0.411655
v 0.907239 -0.218734 -0.405942
v 0.908075 0.218734 -0.400000
v 0.949912 0.206043 -0.400000
v 0.988469 0.185434 -0.400000
v 1.022265 0.157698 -0.400000
v 1.050000 0.123903 -0.400000
v 1.070609 0.085346 -0.400000
v 1.083300 0.043509 -0.400000
v 1.087586 -0.000000 -0.400000
v 1.083300 -0.043509 -0.400000
v 1.070609 -0.085346 -0.400000
v 1.050000 -0.123903 -0.400000
v 1.022265 -0.157698 -0.400000
v 0.988469 -0.185434 -0.400000
v 0.949912 -0.206043 -0.400000
v 0.908075 -0.218734 -0.400000
v 0.907239 0.218734 -0.394058
v 0.948272 0.206043 -0.388345
v 0.986089 0.185434 -0.383080
v 1.019235 0.157698 -0.378464
v 1.046437 0.123903 -0.374677
v 1.066650 0.085346 -0.371862
v 1.079098 0.043509 -0.370129
v 1.083300 0.000000 -0.369544
v 1.079098 -0.043509 -0.370129
v 1.066650 -0.085346 -0.371862
v 1.046437 -0.123903 -0.374677
v 1.019235 -0.157698 -0.378464
v 0.986089 -0.185434 -0.383080
v 0.948272 -0.206043 -0.388345
v 0.907239 -0.218734 -0.394058
v 0.904763 0.218734 -0.388345
v 0.943416 0.206043 -0.377138
v 0.979038 0.185434 -0.366809
v 1.010261 0.157698 -0.357756
v 1.035885 0.123903 -0.350326
v 1.054925 0.085346 -0.344806
v 1.066650 0.043509 -0.341406
v 1.070609 0.000000 -0.340258
v 1.066650 -0.043509 -0.341406
v 1.054925 -0.085346 -0.344806
v 1.035885 -0.123903 -0.350326
v 1.010261 -0.157698 -0.357756
v 0.979038 -0.185434 -0.366809
v 0.943416 -0.206043 -0.377138
v 0.904763 -0.218734 -0.388345
v 0.900743 0.218734 -0.383080
v 0.935529 0.206043 -0.366809
v 0.967588 0.185434 -0.351814
v 0.995688 0.157698 -0.338671
v 1.018749 0.123903 -0.327885
v 1.035885 0.085346 -0.319870
v 1.046437 0.043509 -0.314935
v 1.050000 0.000000 -0.313268
v 1.046437 -0.043509 -0.314935
v 1.035885 -0.085346 -0.319870
v 1.018749 -0.123903 -0.327885
v 0.995688 -0.157698 -0.338671
v 0.967588 -0.185434 -0.351814
v 0.935529 -0.206043 -0.366809
v 0.900743 -0.218734 -0.383080
v 0.895332 0.218734 -0.378464
v 0.924915 0.206043 -0.357756
v 0.952179 0.185434 -0.338671
v 0.976076 0.157698 -0.321943
v 0.995688 0.123903 -0.308215
v 1.010261 0.085346 -0.298014
v 1.019235 0.043509 -0.291732
v 1.022265 0.000000 -0.289611
v 1.019235 -0.043509 -0.291732
v 1.010261 -0.085346 -0.298014
v 0.995688 -0.123903 -0.308215
v 0.976076 -0.157698 -0.321943
v 0.952179 -0.185434 -0.338671
v 0.924915 -0.206043 -0.357756
v 0.895332 -0.218734 -0.378464
v 0.888739 0.218734 -0.374677
v 0.911982 0.206043 -0.350326
v 0.933403 0.185434 -0.327885
v 0.952179 0.157698 -0.308215
v 0.967588 0.123903 -0.292072
v 0.979038 0.085346 -0.280077
v 0.986089 0.043509 -0.272691
v 0.988469 0.000000 -0.270196
v 0.986089 -0.043509 -0.272691
v 0.979038 -0.085346 -0.280077
v 0.967588 -0.123903 -0.292072
v 0.952179 -0.157698 -0.308215
v 0.933403 -0.185434 -0.327885
v 0.911982 -0.206043 -0.350326
v 0.888739 -0.218734 -0.374677
v 0.881217 0.218734 -0.371862
v 0.897227 0.206043 -0.344806
v 0.911982 0.185434 -0.319870
v 0.924915 0.157698 -0.298014
v 0.935529 0.123903 -0.280077
v 0.943416 0.085346 -0.266749
v 0.948272 0.043509 -0.258541
v 0.949912 0.000000 -0.255770
v 0.948272 -0.043509 -0.258541
v 0.943416 -0.085346 -0.266749
v 0.935529 -0.123903 -0.280077
v 0.924915 -0.157698 -0.298014
v 0.911982 -0.185434 -0.319870
v 0.897227 -0.206043 -0.344806
v 0.881217 -0.218734 -0.371862
v 0.873055 0.218734 -0.370129
v 0.881217 0.206043 -0.341406
v 0.888739 0.185434 -0.314935
v 0.895332 0.157698 -0.291732
v 0.900743 0.123903 -0.272691
v 0.904763 0.085346 -0.258541
v 0.907239 0.043509 -0.249828
v 0.908075 0.000000 -0.246886
v 0.907239 -0.043509 -0.249828
v 0.904763 -0.085346 -0.258541
v 0.900743 -0.123903 -0.272691
v 0.895332 -0.157698 -0.291732
v 0.888739 -0.185434 -0.314935
v 0.881217 -0.206043 -0.341406
v 0.873055 -0.218734 -0.370129
v 0.864566 0.218734 -0.369544
v 0.864566 0.206043 -0.340258
v 0.864566 0.185434 -0.313268
v 0.864566 0.157698 -0.289611
v 0.864566 0.123903 -0.270197
v 0.864566 0.085346 -0.255770
v 0.864566 0.043509 -0.246886
v 0.864566 -0.000000 -0.243887
v 0.864566 -0.043509 -0.246886
v 0.864566 -0.085346 -0.255770
v 0.864566 -0.123903 -0.270197
v 0.864566 -0.157698 -0.289611
v 0.864566 -0.185434 -0.313268
v 0.864566 -0.206043 -0.340258
v 0.864566 -0.218734 -0.369544
v 0.856078 0.218734 -0.370129
v 0.847916 0.206043 -0.341406
v 0.840394 0.185434 -0.314935
v 0.833801 0.157698 -0.291732
v 0.828390 0.123903 -0.272691
v 0.824369 0.085346 -0.258541
v 0.821894 0.043509 -0.249828
v 0.821057 0.000000 -0.246886
v 0.821894 -0.043509 -0.249828
v 0.824369 -0.085346 -0.258541
v 0.828390 -0.123903 -0.272691
v 0.833801 -0.157698 -0.291732
v 0.840394 -0.185434 -0.314935
v 0.847916 -0.206043 -0.341406
v 0.856078 -0.218734 -0.370129
v 0.847916 0.218734 -0.371862
v 0.831906 0.206043 -0.344806
v 0.817151 0.185434 -0.319870
v 0.804218 0.157698 -0.298014
v 0.793604 0.123903 -0.280077
v 0.785717 0.085346 -0.266749
v 0.780861 0.043509 -0.258541
v 0.779221 -0.000000 -0.255770
v 0.780861 -0.043509 -0.258541
v 0.785717 -0.085346 -0.266749
v 0.793604 -0.123903 -0.280077
v 0.804218 -0.157698 -0.298014
v 0.817151 -0.185434 -0.319870
v 0.831906 -0.206043 -0.344806
v 0.847916 -0.218734 -0.371862
v 0.840394 0.218734 -0.374677
v 0.817151 0.206043 -0.350326
v 0.795730 0.185434 -0.327885
v 0.776954 0.157698 -0.308215
v 0.761545 0.123903 -0.292072
v 0.750095 0.085346 -0.280077
v 0.743044 0.043509 -0.272691
v 0.740664 -0.000000 -0.270197
v 0.743044 -0.043509 -0.272691
v 0.750095 -0.085346 -0.280077
v 0.761545 -0.123903 -0.292072
v 0.776954 -0.157698 -0.308215
v 0.795730 -0.185434 -0.327885
v 0.817151 -0.206043 -0.350326
v 0.840394 -0.218734 -0.374677
v 0.833801 0.218734 -0.378464
v 0.804218 0.206043 -0.357756
v 0.776954 0.185434 -0.338671
v 0.753057 0.157698 -0.321943
v 0.733445 0.123903 -0.308215
v 0.718872 0.085346 -0.298014
v 0.709898 0.043509 -0.291732
v 0.706868 0.000000 -0.289611
v 0.709898 -0.043509 -0.291732
v 0.718872 -0.085346 -0.298014
v 0.733445 -0.123903 -0.308215
v 0.753057 -0.157698 -0.321943
v 0.776954 -0.185434 -0.338671
v 0.804218 -0.206043 -0.357756
v 0.833801 -0.218734 -0.378464
v 0.864566 -0.223019 -0.400000
v 0.828390 0.218734 -0.383080
v 0.793604 0.206043 -0.366809
v 0.761545 0.185434 -0.351814
v 0.733445 0.157698 -0.338671
v 0.710384 0.123903 -0.327885
v 0.693248 0.085346 -0.319870
v 0.682696 0.043509 -0.314935
v 0.679133 -0.000000 -0.313268
v 0.682696 -0.043509 -0.314935
v 0.693248 -0.085346 -0.319870
v 0.710384 -0.123903 -0.327885
v 0.733445 -0.157698 -0.338671
v 0.761545 -0.185434 -0.351814
v 0.793604 -0.206043 -0.366809
v 0.828390 -0.218734 -0.383080
v 0.824369 0.218734 -0.388345
v 0.785717 0.206043 -0.377138
v 0.750095 0.185434 -0.366809
v 0.718872 0.157698 -0.357756
v 0.693248 0.123903 -0.350326
v 0.674208 0.085346 -0.344806
v 0.662483 0.043509 -0.341406
v 0.658524 -0.000000 -0.340258
v 0.662483 -0.043509 -0.341406
v 0.674208 -0.085346 -0.344806
v 0.693248 -0.123903 -0.350326
v 0.718872 -0.157698 -0.357756
v 0.750095 -0.185434 -0.366809
v 0.785717 -0.206043 -0.377138
v 0.824369 -0.218734 -0.388345
v 0.821894 0.218734 -0.394058
v 0.780861 0.206043 -0.388345
v 0.743044 0.185434 -0.383080
v 0.709898 0.157698 -0.378464
v 0.682696 0.123903 -0.374677
v 0.662483 0.085346 -0.371862
v 0.650035 0.043509 -0.370129
v 0.645833 0.000000 -0.369544
v 0.650035 -0.043509 -0.370129
v 0.662483 -0.085346 -0.371862
v 0.682696 -0.123903 -0.374677
v 0.709898 -0.157698 -0.378464
v 0.743044 -0.185434 -0.383080
v 0.780861 -0.206043 -0.388345
v 0.821894 -0.218734 -0.394058
v 0.821058 0.218734 -0.400000
v 0.779221 0.206043 -0.400000
v 0.740664 0.185434 -0.400000
v 0.706868 0.157698 -0.400000
v 0.679133 0.123903 -0.400000
v 0.658524 0.085346 -0.400000
v 0.645833 0.043509 -0.400000
v 0.641547 -0.000000 -0.400000
v 0.645833 -0.043509 -0.400000
v 0.658524 -0.085346 -0.400000
v 0.679133 -0.123903 -0.400000
v 0.706868 -0.157698 -0.400000
v 0.740664 -0.185434 -0.400000
v 0.779221 -0.206043 -0.400000
v 0.821058 -0.218734 -0.400000
v 0.821894 0.218734 -0.405942
v 0.780861 0.206043 -0.411655
v 0.743044 0.185434 -0.416921
v 0.709898 0.157698 -0.421536
v 0.682696 0.123903 -0.425324
v 0.662483 0.085346 -0.428138
v 0.650035 0.043509 -0.429871
v 0.645833 -0.000000 -0.430456
v 0.650035 -0.043509 -0.429871
v 0.662483 -0.085346 -0.428138
v 0.682696 -0.123903 -0.425324
v 0.709898 -0.157698 -0.421536
v 0.743044 -0.185434 -0.416921
v 0.780861 -0.206043 -0.411655
v 0.821894 -0.218734 -0.405942
v 0.824370 0.218734 -0.411655
v 0.785717 0.206043 -0.422862
v 0.750095 0.185434 -0.433191
v 0.718872 0.157698 -0.442244
v 0.693248 0.123903 -0.449674
v 0.674208 0.085346 -0.455195
v 0.662483 0.043509 -0.458594
v 0.658524 -0.000000 -0.459742
v 0.662483 -0.043509 -0.458594
v 0.674208 -0.085346 -0.455195
v 0.693248 -0.123903 -0.449674
v 0.718872 -0.157698 -0.442244
v 0.750095 -0.185434 -0.433191
v 0.785717 -0.206043 -0.422862
v 0.824369 -0.218734 -0.411655
v 0.828390 0.218734 -0.416921
v 0.793604 0.206043 -0.433191
v 0.761545 0.185434 -0.448186
v 0.733445 0.157698 -0.461329
v 0.710384 0.123903 -0.472115
v 0.693248 0.085346 -0.480130
v 0.682696 0.043509 -0.485066
v 0.679133 -0.000000 -0.486732
v 0.682696 -0.043509 -0.485066
v 0.693248 -0.085346 -0.480130
v 0.710384 -0.123903 -0.472115
v 0.733445 -0.157698 -0.461329
v 0.761545 -0.185434 -0.448186
v 0.793604 -0.206043 -0.433191
v 0.828390 -0.218734 -0.416921
v 0.833801 0.218734 -0.421536
v 0.804218 0.206043 -0.442244
v 0.776954 0.185434 -0.461329
v 0.753057 0.157698 -0.478057
v 0.733445 0.123903 -0.491785
v 0.718872 0.085346 -0.501986
v 0.709898 0.043509 -0.508268
v 0.706868 0.000000 -0.510389
v 0.709898 -0.043509 -0.508268
v 0.718872 -0.085346 -0.501986
v 0.733445 -0.123903 -0.491785
v 0.753057 -0.157698 -0.478057
v 0.776954 -0.185434 -0.461329
v 0.804218 -0.206043 -0.442244
v 0.833801 -0.218734 -0.421536
v 0.840394 0.218734 -0.425324
v 0.817151 0.206043 -0.449674
v 0.795730 0.185434 -0.472115
v 0.776954 0.157698 -0.491785
v 0.761545 0.123903 -0.507928
v 0.750095 0.085346 -0.519923
v 0.743044 0.043509 -0.527310
v 0.740664 0.000000 -0.529804
v 0.743044 -0.043509 -0.527310
v 0.750095 -0.085346 -0.519923
v 0.761545 -0.123903 -0.507928
v 0.776954 -0.157698 -0.491785
v 0.795730 -0.185434 -0.472115
v 0.817151 -0.206043 -0.449674
v 0.840394 -0.218734 -0.425324
v 0.847916 0.218734 -0.428138
v 0.831906 0.206043 -0.455195
v 0.817151 0.185434 -0.480130
v 0.804218 0.157698 -0.501986
v 0.793604 0.123903 -0.519923
v 0.785717 0.085346 -0.533251
v 0.780861 0.043509 -0.541459
v 0.779221 -0.000000 -0.544230
v 0.780861 -0.043509 -0.541459
v 0.785717 -0.085346 -0.533251
v 0.793604 -0.123903 -0.519923
v 0.804218 -0.157698 -0.501986
v 0.817151 -0.185434 -0.480130
v 0.831906 -0.206043 -0.455195
v 0.847916 -0.218734 -0.428138
v 0.856078 0.218734 -0.429871
v 0.847916 0.206043 -0.458594
v 0.840394 0.185434 -0.485065
v 0.833801 0.157698 -0.508268
v 0.828390 0.123903 -0.527309
v 0.824369 0.085346 -0.541459
v 0.821894 0.043509 -0.550172
v 0.821058 0.000000 -0.553114
v 0.821894 -0.043509 -0.550172
v 0.824369 -0.085346 -0.541459
v 0.828390 -0.123903 -0.527309
v 0.833801 -0.157698 -0.508268
v 0.840394 -0.185434 -0.485065
v 0.847916 -0.206043 -0.458594
v 0.856078 -0.218734 -0.429871
v 0.864567 0.218734 -0.430456
v 0.864567 0.206043 -0.459742
v 0.864566 0.157698 -0.510389
v 0.864566 0.085346 -0.544230
v 0.864566 -0.085346 -0.544230
v 0.864567 -0.157698 -0.510389
v 0.864567 -0.185434 -0.486732
v 0.864566 -0.206043 -0.459742
v 0.864566 -0.218734 -0.430456
vn -0.1657 0.8951 -0.4140
vn -0.0838 0.8965 -0.4351
vn -0.0755 0.9221 -0.3795
vn -0.1481 0.9221 -0.3575
vn 0.1804 -0.3805 -0.9070
vn 0.1645 -0.5379 -0.8268
vn -0.0000 -0.5379 -0.8430
vn -0.0000 -0.3805 -0.9248
vn -0.0000 -0.1939 -0.9810
vn -0.1804 -0.3805 -0.9070
vn -0.1914 -0.1939 -0.9622
vn -0.0000 -0.0000 -1.0000
vn -0.1951 -0.0000 -0.9808
vn -0.0000 0.1939 -0.9810
vn -0.1914 0.1939 -0.9622
vn -0.0000 0.3805 -0.9248
vn -0.1804 0.3805 -0.9070
vn -0.3754 0.1939 -0.9063
vn -0.3539 0.3805 -0.8544
vn -0.0000 0.5733 -0.8194
vn -0.1598 0.5733 -0.8036
vn -0.3539 -0.3805 -0.8544
vn -0.3226 -0.5379 -0.7788
vn -0.4683 -0.5379 -0.7009
vn -0.5138 -0.3805 -0.7689
vn -0.3754 -0.1939 -0.9063
vn -0.3827 -0.0000 -0.9239
vn -0.5450 -0.1939 -0.8157
vn -0.5556 -0.0000 -0.8315
vn -0.5450 0.1939 -0.8157
vn -0.5138 0.3805 -0.7689
vn -0.2439 0.8928 -0.3788
vn -0.2150 0.9221 -0.3217
vn -0.5961 -0.5379 -0.5961
vn -0.6539 -0.3805 -0.6539
vn -0.3160 0.8897 -0.3296
vn -0.2736 0.9221 -0.2736
vn -0.7009 -0.5379 -0.4683
vn -0.7689 -0.3805 -0.5138
vn -0.6937 -0.1939 -0.6937
vn -0.7071 -0.0000 -0.7071
vn -0.6937 0.1939 -0.6937
vn -0.6539 0.3805 -0.6539
vn -0.8157 -0.1939 -0.5450
vn -0.8315 -0.0000 -0.5556
vn -0.8157 0.1939 -0.5450
vn -0.7689 0.3805 -0.5138
vn -0.3793 0.8860 -0.2668
vn -0.3217 0.9221 -0.2150
vn -0.7788 -0.5379 -0.3226
vn -0.8544 -0.3805 -0.3539
vn -0.4308 0.8818 -0.1917
vn -0.3575 0.9221 -0.1481
vn -0.8268 -0.5379 -0.1645
vn -0.9070 -0.3805 -0.1804
vn -0.9063 -0.1939 -0.3754
vn -0.9239 -0.0000 -0.3827
vn -0.9063 0.1939 -0.3754
vn -0.8544 0.3805 -0.3539
vn -0.9622 -0.1939 -0.1914
vn -0.9808 -0.0000 -0.1951
vn -0.9622 0.1939 -0.1914
vn -0.9070 0.3805 -0.1804
vn -0.4678 0.8774 -0.1060
vn -0.3795 0.9221 -0.0755
vn -0.8430 -0.5379 -0.0000
vn -0.9248 -0.3805 -0.0000
vn -0.8268 -0.5379 0.1645
vn -0.9070 -0.3805 0.1804
vn -0.9810 -0.1939 -0.0000
vn -1.0000 -0.0000 -0.0000
vn -0.9810 0.1939 -0.0000
vn -0.9248 0.3805 -0.0000
vn -0.4876 0.8730 -0.0127
vn -0.3869 0.9221 -0.0000
vn -0.9808 -0.0000 0.1951
vn -0.9622 0.1939 0.1914
vn -0.9070 0.3805 0.1804
vn -0.4881 0.8687 0.0847
vn -0.3795 0.9221 0.0755
vn -0.7788 -0.5379 0.3226
vn -0.8544 -0.3805 0.3539
vn -0.9622 -0.1939 0.1914
vn -0.7009 -0.5379 0.4683
vn -0.7689 -0.3805 0.5138
vn -0.9063 -0.1939 0.3754
vn -0.9239 -0.0000 0.3827
vn -0.9063 0.1939 0.3754
vn -0.8544 0.3805 0.3539
vn -0.4683 0.8646 0.1819
vn -0.3575 0.9221 0.1481
vn -0.8315 -0.0000 0.5556
vn -0.8157 0.1939 0.5450
vn -0.7689 0.3805 0.5138
vn -0.4282 0.8610 0.2743
vn -0.3217 0.9221 0.2150
vn -0.5961 -0.5379 0.5961
vn -0.6539 -0.3805 0.6539
vn -0.8157 -0.1939 0.5450
vn -0.4683 -0.5379 0.7009
vn -0.5138 -0.3805 0.7689
vn -0.6937 -0.1939 0.6937
vn -0.7071 -0.0000 0.7071
vn -0.6937 0.1939 0.6937
vn -0.6539 0.3805 0.6539
vn -0.3690 0.8580 0.3573
vn -0.2736 0.9221 0.2736
vn -0.5450 0.1939 0.8157
vn -0.5138 0.3805 0.7689
vn -0.2929 0.8556 0.4269
vn -0.2150 0.9221 0.3217
vn -0.3226 -0.5379 0.7788
vn -0.3539 -0.3805 0.8544
vn -0.5450 -0.1939 0.8157
vn -0.5556 -0.0000 0.8315
vn -0.1645 -0.5379 0.8268
vn -0.1804 -0.3805 0.9070
vn -0.3754 -0.1939 0.9063
vn -0.3827 -0.0000 0.9239
vn -0.3754 0.1939 0.9063
vn -0.3539 0.3805 0.8544
vn -0.2032 0.8538 0.4793
vn -0.1481 0.9221 0.3575
vn -0.1914 0.1939 0.9622
vn -0.1804 0.3805 0.9070
vn -0.1041 0.8527 0.5119
vn -0.0755 0.9221 0.3795
vn -0.0000 -0.5379 0.8430
vn -0.0000 -0.3805 0.9248
vn -0.1914 -0.1939 0.9622
vn -0.1951 -0.0000 0.9808
vn -0.0000 -0.1939 0.9810
vn -0.0000 -0.0000 1.0000
vn -0.0000 0.1939 0.9810
vn -0.0000 0.3805 0.9248
vn -0.0000 0.8524 0.5230
vn -0.0000 0.9221 0.3869
vn 0.1645 -0.5379 0.8268
vn 0.1804 -0.3805 0.9070
vn 0.1041 0.8527 0.5119
vn 0.0755 0.9221 0.3795
vn 0.3226 -0.5379 0.7788
vn 0.3539 -0.3805 0.8544
vn 0.1914 -0.1939 0.9622
vn 0.1951 -0.0000 0.9808
vn 0.1914 0.1939 0.9622
vn 0.1804 0.3805 0.9070
vn 0.3754 -0.1939 0.9063
vn 0.3827 -0.0000 0.9239
vn 0.3754 0.1939 0.9063
vn 0.3539 0.3805 0.8544
vn 0.2032 0.8538 0.4793
vn 0.1481 0.9221 0.3575
vn 0.4683 -0.5379 0.7009
vn 0.5138 -0.3805 0.7689
vn 0.5961 -0.5379 0.5961
vn 0.6539 -0.3805 0.6539
vn 0.5450 -0.1939 0.8157
vn 0.5556 -0.0000 0.8315
vn 0.5450 0.1939 0.8157
vn 0.5138 0.3805 0.7689
vn 0.2929 0.8556 0.4269
vn 0.2150 0.9221 0.3217
vn 0.6937 -0.1939 0.6937
vn 0.7071 -0.0000 0.7071
vn 0.6937 0.1939 0.6937
vn 0.6539 0.3805 0.6539
vn 0.3690 0.8580 0.3573
vn 0.2736 0.9221 0.2736
vn 0.7009 -0.5379 0.4683
vn 0.7689 -0.3805 0.5138
vn 0.7788 -0.5379 0.3226
vn 0.8544 -0.3805 0.3539
vn 0.8157 -0.1939 0.5450
vn 0.8315 -0.0000 0.5556
vn 0.8157 0.1939 0.5450
vn 0.7689 0.3805 0.5138
vn 0.4282 0.8610 0.2743
vn 0.3217 0.9221 0.2150
vn 0.9239 -0.0000 0.3827
vn 0.9063 0.1939 0.3754
vn 0.8544 0.3805 0.3539
vn 0.4683 0.8646 0.1819
vn 0.3575 0.9221 0.1481
vn 0.8268 -0.5379 0.1645
vn 0.9070 -0.3805 0.1804
vn 0.9063 -0.1939 0.3754
vn 0.8430 -0.5379 -0.0000
vn 0.9248 -0.3805 -0.0000
vn 0.9622 -0.1939 0.1914
vn 0.9808 -0.0000 0.1951
vn 0.9622 0.1939 0.1914
vn 0.9070 0.3805 0.1804
vn 0.4881 0.8687 0.0847
vn 0.3795 0.9221 0.0755
vn 1.0000 -0.0000 -0.0000
vn 0.9810 0.1939 -0.0000
vn 0.9248 0.3805 -0.0000
vn 0.4876 0.8730 -0.0127
vn 0.3869 0.9221 -0.0000
vn 0.8268 -0.5379 -0.1645
vn 0.9070 -0.3805 -0.1804
vn 0.9810 -0.1939 -0.0000
vn 0.7788 -0.5379 -0.3226
vn 0.8544 -0.3805 -0.3539
vn 0.9622 -0.1939 -0.1914
vn 0.9808 -0.0000 -0.1951
vn 0.9622 0.1939 -0.1914
vn 0.9070 0.3805 -0.1804
vn 0.4678 0.8774 -0.1060
vn 0.3795 0.9221 -0.0755
vn 0.9063 0.1939 -0.3754
vn 0.8544 0.3805 -0.3539
vn 0.4308 0.8818 -0.1917
vn 0.3575 0.9221 -0.1481
vn 0.7009 -0.5379 -0.4683
vn 0.7689 -0.3805 -0.5138
vn 0.9063 -0.1939 -0.3754
vn 0.9239 -0.0000 -0.3827
vn 0.8157 -0.1939 -0.5450
vn 0.8315 -0.0000 -0.5556
vn 0.8157 0.1939 -0.5450
vn 0.7689 0.3805 -0.5138
vn 0.3793 0.8860 -0.2668
vn 0.3217 0.9221 -0.2150
vn 0.5961 -0.5379 -0.5961
vn 0.6539 -0.3805 -0.6539
vn 0.3160 0.8897 -0.3296
vn 0.2736 0.9221 -0.2736
vn 0.4683 -0.5379 -0.7009
vn 0.5138 -0.3805 -0.7689
vn 0.6937 -0.1939 -0.6937
vn 0.7071 -0.0000 -0.7071
vn 0.6937 0.1939 -0.6937
vn 0.6539 0.3805 -0.6539
vn 0.5450 -0.1939 -0.8157
vn 0.5556 -0.0000 -0.8315
vn 0.5450 0.1939 -0.8157
vn 0.5138 0.3805 -0.7689
vn 0.2439 0.8928 -0.3788
vn 0.2150 0.9221 -0.3217
vn 0.3226 -0.5379 -0.7788
vn 0.3539 -0.3805 -0.8544
vn 0.1657 0.8951 -0.4140
vn 0.1481 0.9221 -0.3575
vn 0.3754 -0.1939 -0.9063
vn 0.3827 -0.0000 -0.9239
vn 0.3754 0.1939 -0.9063
vn 0.3539 0.3805 -0.8544
vn 0.1914 -0.1939 -0.9622
vn 0.1951 -0.0000 -0.9808
vn 0.1914 0.1939 -0.9622
vn 0.1804 0.3805 -0.9070
vn 0.0838 0.8965 -0.4351
vn 0.0755 0.9221 -0.3795
vn -0.1645 -0.5379 -0.8268
vn -0.3546 0.8300 -0.4305
vn -0.4398 0.8190 -0.3684
vn -0.4404 0.7560 -0.4842
vn -0.3470 0.7659 -0.5413
vn -0.0000 0.8970 -0.4421
vn -0.0000 0.9221 -0.3869
vn -0.0000 -0.7005 -0.7136
vn -0.1392 -0.7005 -0.6999
vn -0.0000 -0.8550 -0.5186
vn -0.1012 -0.8550 -0.5086
vn -0.0000 -0.9562 -0.2928
vn -0.0571 -0.9562 -0.2872
vn -0.0000 -0.9965 -0.0841
vn -0.0164 -0.9965 -0.0825
vn -0.2731 -0.7005 -0.6593
vn -0.1985 -0.8550 -0.4791
vn -0.1120 -0.9562 -0.2705
vn -0.0322 -0.9965 -0.0777
vn -0.3965 -0.7005 -0.5934
vn -0.2881 -0.8550 -0.4312
vn -0.1627 -0.9562 -0.2435
vn -0.0467 -0.9965 -0.0699
vn -0.5046 -0.7005 -0.5046
vn -0.3667 -0.8550 -0.3667
vn -0.2070 -0.9562 -0.2070
vn -0.0595 -0.9965 -0.0595
vn -0.5934 -0.7005 -0.3965
vn -0.4312 -0.8550 -0.2881
vn -0.2435 -0.9562 -0.1627
vn -0.0699 -0.9965 -0.0467
vn -0.6593 -0.7005 -0.2731
vn -0.4791 -0.8550 -0.1985
vn -0.2705 -0.9562 -0.1120
vn -0.0777 -0.9965 -0.0322
vn -0.6999 -0.7005 -0.1392
vn -0.5086 -0.8550 -0.1012
vn -0.2872 -0.9562 -0.0571
vn -0.0825 -0.9965 -0.0164
vn -0.7136 -0.7005 -0.0000
vn -0.5186 -0.8550 -0.0000
vn -0.2928 -0.9562 -0.0000
vn -0.0841 -0.9965 -0.0000
vn -0.6999 -0.7005 0.1392
vn -0.5086 -0.8550 0.1012
vn -0.2872 -0.9562 0.0571
vn -0.0825 -0.9965 0.0164
vn -0.6593 -0.7005 0.2731
vn -0.4791 -0.8550 0.1985
vn -0.2705 -0.9562 0.1120
vn -0.0777 -0.9965 0.0322
vn -0.5934 -0.7005 0.3965
vn -0.4312 -0.8550 0.2881
vn -0.2435 -0.9562 0.1627
vn -0.0699 -0.9965 0.0467
vn -0.0595 -0.9965 0.0595
vn -0.2070 -0.9562 0.2070
vn -0.3667 -0.8550 0.3667
vn -0.5046 -0.7005 0.5046
vn -0.3965 -0.7005 0.5934
vn -0.2881 -0.8550 0.4312
vn -0.1627 -0.9562 0.2435
vn -0.0467 -0.9965 0.0699
vn -0.0322 -0.9965 0.0777
vn -0.1120 -0.9562 0.2705
vn -0.1985 -0.8550 0.4791
vn -0.2731 -0.7005 0.6593
vn -0.1392 -0.7005 0.6999
vn -0.1012 -0.8550 0.5086
vn -0.0571 -0.9562 0.2872
vn -0.0164 -0.9965 0.0825
vn -0.0000 -0.7005 0.7136
vn -0.0000 -0.8550 0.5186
vn -0.0000 -0.9562 0.2928
vn -0.0000 -0.9965 0.0841
vn 0.1392 -0.7005 0.6999
vn 0.1012 -0.8550 0.5086
vn 0.0571 -0.9562 0.2872
vn 0.0164 -0.9965 0.0825
vn 0.2731 -0.7005 0.6593
vn 0.1985 -0.8550 0.4791
vn 0.1120 -0.9562 0.2705
vn 0.0322 -0.9965 0.0777
vn 0.3965 -0.7005 0.5934
vn 0.2881 -0.8550 0.4312
vn 0.1627 -0.9562 0.2435
vn 0.0467 -0.9965 0.0699
vn 0.5046 -0.7005 0.5046
vn 0.3667 -0.8550 0.3667
vn 0.2070 -0.9562 0.2070
vn 0.0595 -0.9965 0.0595
vn 0.5934 -0.7005 0.3965
vn 0.4312 -0.8550 0.2881
vn 0.2434 -0.9562 0.1627
vn 0.0699 -0.9965 0.0467
vn 0.6593 -0.7005 0.2731
vn 0.4791 -0.8550 0.1985
vn 0.2705 -0.9562 0.1120
vn 0.0777 -0.9965 0.0322
vn 0.6999 -0.7005 0.1392
vn 0.5086 -0.8550 0.1012
vn 0.2872 -0.9562 0.0571
vn 0.0825 -0.9965 0.0164
vn 0.7136 -0.7005 -0.0000
vn 0.5186 -0.8550 -0.0000
vn 0.2928 -0.9562 -0.0000
vn 0.0841 -0.9965 -0.0000
vn 0.0825 -0.9965 -0.0164
vn 0.2872 -0.9562 -0.0571
vn 0.5086 -0.8550 -0.1012
vn 0.6999 -0.7005 -0.1392
vn 0.6593 -0.7005 -0.2731
vn 0.4791 -0.8550 -0.1985
vn 0.2705 -0.9562 -0.1120
vn 0.0777 -0.9965 -0.0322
vn 0.5934 -0.7005 -0.3965
vn 0.4312 -0.8550 -0.2881
vn 0.2434 -0.9562 -0.1627
vn 0.0699 -0.9965 -0.0467
vn 0.5046 -0.7005 -0.5046
vn 0.3667 -0.8550 -0.3667
vn 0.2070 -0.9562 -0.2070
vn 0.0595 -0.9965 -0.0595
vn 0.3965 -0.7005 -0.5934
vn 0.2881 -0.8550 -0.4312
vn 0.1627 -0.9562 -0.2434
vn 0.0467 -0.9965 -0.0699
vn 0.2731 -0.7005 -0.6593
vn 0.1985 -0.8550 -0.4791
vn 0.1120 -0.9562 -0.2705
vn 0.0322 -0.9965 -0.0777
vn 0.1392 -0.7005 -0.6999
vn 0.1012 -0.8550 -0.5086
vn 0.0571 -0.9562 -0.2872
vn 0.0164 -0.9965 -0.0825
vn 0.1599 0.5733 -0.8036
vn -0.4552 0.5733 -0.6813
vn -0.5794 0.5733 -0.5794
vn -0.6813 0.5733 -0.4552
vn -0.7570 0.5733 -0.3136
vn -0.8036 0.5733 -0.1598
vn -0.8194 0.5733 -0.0000
vn -0.8036 0.5733 0.1598
vn -0.7570 0.5733 0.3136
vn -0.6813 0.5733 0.4552
vn -0.5794 0.5733 0.5794
vn -0.4552 0.5733 0.6813
vn -0.3136 0.5733 0.7570
vn -0.1598 0.5733 0.8036
vn -0.0000 0.5733 0.8194
vn 0.1599 0.5733 0.8036
vn 0.3136 0.5733 0.7570
vn 0.4552 0.5733 0.6813
vn 0.5794 0.5733 0.5794
vn 0.6813 0.5733 0.4552
vn 0.7570 0.5733 0.3136
vn 0.8036 0.5733 0.1598
vn 0.8194 0.5733 -0.0000
vn 0.8036 0.5733 -0.1599
vn 0.7570 0.5733 -0.3136
vn 0.6813 0.5733 -0.4552
vn 0.5794 0.5733 -0.5794
vn 0.4552 0.5733 -0.6813
vn 0.3136 0.5733 -0.7570
vn -0.3136 0.5733 -0.7570
vn -0.0000 0.7968 -0.6042
vn -0.1179 0.7968 -0.5926
vn -0.2312 0.7968 -0.5582
vn -0.3357 0.7968 -0.5024
vn -0.4272 0.7968 -0.4272
vn -0.5024 0.7968 -0.3357
vn -0.5582 0.7968 -0.2312
vn -0.5926 0.7968 -0.1179
vn -0.6042 0.7968 -0.0000
vn -0.5926 0.7968 0.1179
vn -0.5582 0.7968 0.2312
vn -0.5024 0.7968 0.3357
vn -0.4272 0.7968 0.4272
vn -0.3357 0.7968 0.5024
vn -0.2312 0.7968 0.5582
vn -0.1179 0.7968 0.5926
vn -0.0000 0.7968 0.6042
vn 0.1179 0.7968 0.5926
vn 0.2312 0.7968 0.5582
vn 0.3357 0.7968 0.5024
vn 0.4272 0.7968 0.4272
vn 0.5024 0.7968 0.3357
vn 0.5582 0.7968 0.2312
vn 0.5926 0.7968 0.1179
vn 0.6042 0.7968 -0.0000
vn 0.5926 0.7968 -0.1179
vn 0.5582 0.7968 -0.2312
vn 0.5024 0.7968 -0.3357
vn 0.4272 0.7968 -0.4272
vn 0.3357 0.7968 -0.5024
vn 0.2312 0.7968 -0.5582
vn 0.1179 0.7968 -0.5926
vn -0.0875 0.8507 -0.5183
vn -0.0000 0.8522 -0.5233
vn -0.1760 0.8463 -0.5028
vn -0.2655 0.8393 -0.4744
vn -0.5161 0.8071 -0.2868
vn -0.5776 0.7948 -0.1861
vn -0.6181 0.7830 -0.0694
vn -0.6326 0.7723 0.0582
vn -0.6179 0.7630 0.1900
vn -0.5728 0.7553 0.3183
vn -0.4987 0.7494 0.4355
vn -0.3989 0.7450 0.5347
vn -0.2781 0.7420 0.6099
vn -0.1428 0.7403 0.6569
vn -0.0000 0.7398 0.6728
vn 0.1428 0.7403 0.6569
vn 0.2781 0.7420 0.6099
vn 0.3989 0.7450 0.5347
vn 0.4987 0.7494 0.4355
vn 0.5728 0.7554 0.3183
vn 0.6179 0.7630 0.1899
vn 0.6326 0.7723 0.0582
vn 0.6181 0.7830 -0.0694
vn 0.5776 0.7948 -0.1861
vn 0.5162 0.8071 -0.2868
vn 0.4398 0.8190 -0.3684
vn 0.3546 0.8300 -0.4305
vn 0.2656 0.8393 -0.4744
vn 0.1760 0.8463 -0.5028
vn 0.0875 0.8507 -0.5183
vn -0.6499 0.7396 -0.1751
vn -0.6705 0.7410 -0.0375
vn -0.7864 0.6036 -0.1315
vn -0.7765 0.5610 -0.2869
vn -0.0000 0.7911 -0.6117
vn 0.0808 0.7892 -0.6088
vn 0.4260 0.7688 0.4770
vn 0.2969 0.7754 0.5573
vn -0.5275 0.7476 -0.4035
vn 0.5327 0.7608 0.3707
vn -0.6001 0.7418 -0.2993
vn 0.6114 0.7527 0.2443
vn 0.6579 0.7457 0.1053
vn 0.6705 0.7410 -0.0374
vn -0.6579 0.7457 0.1054
vn 0.6499 0.7396 -0.1751
vn -0.6114 0.7527 0.2443
vn 0.6001 0.7418 -0.2993
vn -0.5327 0.7608 0.3707
vn 0.5276 0.7476 -0.4035
vn -0.4260 0.7688 0.4770
vn 0.4404 0.7560 -0.4842
vn -0.2969 0.7754 0.5573
vn -0.0808 0.7892 -0.6088
vn 0.3470 0.7659 -0.5414
vn -0.1524 0.7798 0.6072
vn -0.1648 0.7838 -0.5988
vn 0.2538 0.7756 -0.5780
vn -0.0000 0.7813 0.6241
vn -0.2538 0.7756 -0.5780
vn 0.1648 0.7838 -0.5988
vn 0.1524 0.7798 0.6072
vn -0.6964 0.6973 0.1698
vn -0.6004 0.7415 0.2996
vn -0.6572 0.7220 0.2162
vn -0.7709 0.6279 0.1072
vn 0.7864 0.6036 -0.1315
vn 0.7595 0.6501 0.0235
vn -0.7595 0.6501 0.0236
vn 0.7765 0.5610 -0.2869
vn 0.7320 0.5254 -0.4338
vn 0.6579 0.4986 -0.5644
vn -0.4762 0.7795 0.4069
vn 0.5620 0.4811 -0.6728
vn -0.3301 0.8087 0.4868
vn -0.0917 0.6766 -0.7306
vn -0.0000 0.6784 -0.7347
vn 0.4527 0.4720 -0.7565
vn -0.1688 0.8271 0.5361
vn -0.2231 0.4697 -0.8542
vn 0.3380 0.4691 -0.8159
vn -0.0000 0.8333 0.5528
vn -0.3380 0.4691 -0.8159
vn 0.2231 0.4697 -0.8542
vn 0.1688 0.8271 0.5361
vn -0.4527 0.4720 -0.7565
vn 0.0917 0.6766 -0.7307
vn 0.3300 0.8087 0.4868
vn -0.5620 0.4811 -0.6728
vn 0.4762 0.7795 0.4069
vn -0.6579 0.4986 -0.5644
vn 0.6004 0.7415 0.2996
vn -0.7320 0.5254 -0.4338
vn 0.6964 0.6973 0.1698
vn -0.3562 0.8583 0.3693
vn -0.1816 0.8943 0.4089
vn -0.1833 0.9220 0.3411
vn -0.3609 0.8795 0.3103
vn 0.8064 0.0977 -0.5832
vn 0.8739 0.1923 -0.4465
vn -0.5169 0.8000 0.3045
vn 0.6207 0.2716 -0.7355
vn -0.0000 0.2076 -0.9782
vn -0.1233 0.2087 -0.9702
vn -0.1256 0.2088 -0.9699
vn 0.5045 0.2415 -0.8290
vn -0.2523 0.2131 -0.9439
vn 0.3797 0.2229 -0.8978
vn -0.0000 0.9065 0.4222
vn -0.3797 0.2230 -0.8978
vn 0.2524 0.2131 -0.9439
vn 0.1816 0.8943 0.4089
vn -0.5045 0.2415 -0.8290
vn 0.1233 0.2087 -0.9702
vn 0.1256 0.2087 -0.9699
vn 0.3562 0.8583 0.3693
vn -0.6207 0.2716 -0.7355
vn 0.5169 0.8000 0.3045
vn -0.8064 0.0977 -0.5832
vn 0.6572 0.7220 0.2162
vn -0.8739 0.1924 -0.4465
vn 0.7709 0.6279 0.1072
vn -0.9054 0.2984 -0.3022
vn 0.8527 0.5221 -0.0189
vn -0.8983 0.4103 -0.1574
vn 0.8983 0.4103 -0.1574
vn -0.8526 0.5222 -0.0189
vn 0.9054 0.2984 -0.3022
vn 0.6812 0.7307 -0.0454
vn 0.7971 0.5951 -0.1019
vn 0.7647 0.5680 -0.3044
vn 0.6566 0.6993 -0.2827
vn -0.1607 -0.4891 -0.8573
vn -0.3194 -0.4622 -0.8273
vn -0.3480 -0.6266 -0.6974
vn -0.1770 -0.6697 -0.7213
vn 0.6173 -0.3467 -0.7062
vn 0.4732 -0.4154 -0.7769
vn 0.5071 -0.5560 -0.6585
vn 0.6486 -0.4598 -0.6065
vn -0.0000 0.9362 0.3514
vn -0.4732 -0.4154 -0.7769
vn -0.5071 -0.5560 -0.6586
vn 0.3194 -0.4622 -0.8273
vn 0.3480 -0.6266 -0.6973
vn 0.1833 0.9220 0.3411
vn -0.6173 -0.3467 -0.7062
vn -0.6487 -0.4598 -0.6065
vn 0.1607 -0.4891 -0.8573
vn 0.1770 -0.6697 -0.7213
vn 0.3608 0.8795 0.3103
vn -0.7451 -0.2550 -0.6163
vn -0.7673 -0.3406 -0.5433
vn -0.0000 -0.4978 -0.8673
vn -0.0000 -0.6841 -0.7293
vn 0.5374 0.8433 0.0003
vn -0.8582 -0.2021 -0.4719
vn -0.9173 -0.0487 -0.3953
vn -0.9416 0.1141 -0.3169
vn 0.8809 0.4427 -0.1674
vn -0.9295 0.2802 -0.2400
vn 0.9295 0.2802 -0.2400
vn -0.8809 0.4428 -0.1674
vn 0.9416 0.1142 -0.3169
vn -0.7971 0.5951 -0.1019
vn 0.9173 -0.0487 -0.3953
vn -0.6812 0.7307 -0.0454
vn 0.8582 -0.2021 -0.4719
vn -0.5374 0.8433 0.0003
vn 0.7450 -0.2550 -0.6163
vn 0.7673 -0.3407 -0.5434
vn -0.0000 -1.0000 -0.0000
vn -0.9196 0.0639 -0.3875
vn -0.9020 -0.1131 -0.4167
vn 0.8497 0.4111 -0.3303
vn -0.9020 0.2409 -0.3583
vn 0.9020 0.2409 -0.3583
vn -0.8496 0.4111 -0.3303
vn 0.9196 0.0639 -0.3875
vn -0.7647 0.5680 -0.3044
vn 0.9020 -0.1131 -0.4167
vn -0.6450 0.7107 -0.2808
vn 0.8496 -0.2833 -0.4448
vn -0.5052 0.8221 -0.2625
vn 0.7646 -0.4402 -0.4707
vn -0.3519 0.9022 -0.2493
vn -0.3561 0.9005 -0.2496
vn -0.1794 -0.8260 -0.5343
vn -0.0000 -0.8435 -0.5372
vn 0.6566 -0.5715 -0.4923
vn -0.1794 0.9539 -0.2408
vn -0.3561 -0.7727 -0.5255
vn 0.5159 -0.6873 -0.5114
vn -0.0000 0.9713 -0.2379
vn -0.5052 -0.6943 -0.5125
vn 0.3481 -0.7760 -0.5260
vn 0.1794 0.9539 -0.2408
vn -0.6450 -0.5829 -0.4942
vn 0.1794 -0.8261 -0.5343
vn 0.3519 0.9022 -0.2493
vn 0.3481 0.9038 -0.2490
vn -0.7647 -0.4402 -0.4706
vn 0.5159 0.8151 -0.2636
vn -0.8496 -0.2834 -0.4448
vn -0.0000 0.9796 -0.2010
vn -0.0000 1.0000 -0.0000
vn 0.0392 0.9796 -0.1971
vn -0.0000 0.9217 -0.3879
vn 0.0757 0.9217 -0.3804
vn -0.0000 0.8286 -0.5598
vn 0.1092 0.8286 -0.5490
vn -0.1620 -0.5572 -0.8144
vn -0.0000 -0.5572 -0.8304
vn -0.0000 0.7041 -0.7101
vn 0.1385 0.7041 -0.6965
vn -0.0000 0.5528 -0.8333
vn 0.1626 0.5528 -0.8173
vn 0.0769 0.9796 -0.1857
vn 0.1484 0.9217 -0.3584
vn 0.2142 0.8286 -0.5172
vn 0.3178 -0.5572 -0.7672
vn 0.4613 -0.5572 -0.6904
vn 0.2718 0.7041 -0.6561
vn 0.3189 0.5528 -0.7699
vn 0.5872 -0.5572 -0.5872
vn 0.3110 0.8286 -0.4654
vn 0.3945 0.7041 -0.5905
vn 0.4630 0.5528 -0.6929
vn 0.1117 0.9796 -0.1671
vn 0.2155 0.9217 -0.3225
vn 0.1421 0.9796 -0.1421
vn 0.2743 0.9217 -0.2743
vn 0.3958 0.8286 -0.3958
vn 0.6904 -0.5572 -0.4613
vn 0.5021 0.7041 -0.5021
vn 0.5893 0.5528 -0.5893
vn 0.4654 0.8286 -0.3110
vn 0.5905 0.7041 -0.3945
vn 0.6929 0.5528 -0.4630
vn 0.1671 0.9796 -0.1117
vn 0.3225 0.9217 -0.2155
vn 0.7672 -0.5572 -0.3178
vn 0.1857 0.9796 -0.0769
vn 0.3584 0.9217 -0.1484
vn 0.5172 0.8286 -0.2142
vn 0.8144 -0.5572 -0.1620
vn 0.6561 0.7041 -0.2718
vn 0.7699 0.5528 -0.3189
vn 0.6965 0.7041 -0.1385
vn 0.8173 0.5528 -0.1626
vn 0.1971 0.9796 -0.0392
vn 0.3804 0.9217 -0.0757
vn 0.5490 0.8286 -0.1092
vn 0.8304 -0.5572 -0.0000
vn 0.2010 0.9796 -0.0000
vn 0.3879 0.9217 -0.0000
vn 0.5598 0.8286 -0.0000
vn 0.8144 -0.5572 0.1620
vn 0.7101 0.7041 -0.0000
vn 0.8333 0.5528 -0.0000
vn 0.6965 0.7041 0.1385
vn 0.8173 0.5528 0.1626
vn 0.1971 0.9796 0.0392
vn 0.3804 0.9217 0.0757
vn 0.5490 0.8286 0.1092
vn 0.7672 -0.5572 0.3178
vn 0.1857 0.9796 0.0769
vn 0.3584 0.9217 0.1484
vn 0.5172 0.8286 0.2142
vn 0.6904 -0.5572 0.4613
vn 0.6561 0.7041 0.2718
vn 0.7699 0.5528 0.3189
vn 0.6929 0.5528 0.4630
vn 0.1671 0.9796 0.1117
vn 0.3225 0.9217 0.2155
vn 0.4654 0.8286 0.3110
vn 0.5872 -0.5572 0.5872
vn 0.5905 0.7041 0.3945
vn 0.2743 0.9217 0.2743
vn 0.3958 0.8286 0.3958
vn 0.4613 -0.5572 0.6904
vn 0.5021 0.7041 0.5021
vn 0.5893 0.5528 0.5893
vn 0.1421 0.9796 0.1421
vn 0.1117 0.9796 0.1671
vn 0.2155 0.9217 0.3225
vn 0.3110 0.8286 0.4654
vn 0.3178 -0.5572 0.7672
vn 0.3945 0.7041 0.5905
vn 0.4630 0.5528 0.6929
vn 0.1484 0.9217 0.3584
vn 0.2142 0.8286 0.5172
vn 0.1620 -0.5572 0.8144
vn 0.2718 0.7041 0.6561
vn 0.3189 0.5528 0.7699
vn 0.0769 0.9796 0.1857
vn 0.0392 0.9796 0.1971
vn 0.0757 0.9217 0.3804
vn 0.1092 0.8286 0.5490
vn -0.0000 -0.5572 0.8304
vn 0.1385 0.7041 0.6965
vn 0.1626 0.5528 0.8173
vn -0.1620 -0.5572 0.8144
vn -0.0000 0.8286 0.5598
vn -0.0000 0.7041 0.7101
vn -0.0000 0.5528 0.8333
vn -0.0000 0.9796 0.2010
vn -0.0000 0.9217 0.3879
vn -0.0392 0.9796 0.1971
vn -0.0757 0.9217 0.3804
vn -0.1092 0.8286 0.5490
vn -0.3178 -0.5572 0.7672
vn -0.1385 0.7041 0.6965
vn -0.1626 0.5528 0.8173
vn -0.2142 0.8286 0.5172
vn -0.2718 0.7041 0.6561
vn -0.3189 0.5528 0.7699
vn -0.0769 0.9796 0.1857
vn -0.1484 0.9217 0.3584
vn -0.4613 -0.5572 0.6904
vn -0.1116 0.9796 0.1671
vn -0.2155 0.9217 0.3225
vn -0.3110 0.8286 0.4654
vn -0.5872 -0.5572 0.5872
vn -0.3945 0.7041 0.5905
vn -0.4630 0.5528 0.6929
vn -0.5021 0.7041 0.5021
vn -0.5893 0.5528 0.5893
vn -0.1421 0.9796 0.1421
vn -0.2743 0.9217 0.2743
vn -0.3958 0.8286 0.3958
vn -0.6904 -0.5572 0.4613
vn -0.1671 0.9796 0.1117
vn -0.3225 0.9217 0.2155
vn -0.4654 0.8286 0.3110
vn -0.7672 -0.5572 0.3178
vn -0.5905 0.7041 0.3945
vn -0.6929 0.5528 0.4630
vn -0.7699 0.5528 0.3189
vn -0.1857 0.9796 0.0769
vn -0.3584 0.9217 0.1484
vn -0.5172 0.8286 0.2142
vn -0.8144 -0.5572 0.1620
vn -0.6561 0.7041 0.2718
vn -0.1971 0.9796 0.0392
vn -0.3804 0.9217 0.0757
vn -0.5490 0.8286 0.1092
vn -0.8304 -0.5572 -0.0000
vn -0.6965 0.7041 0.1385
vn -0.8173 0.5528 0.1626
vn -0.8333 0.5528 -0.0000
vn -0.2010 0.9796 -0.0000
vn -0.3879 0.9217 -0.0000
vn -0.5598 0.8286 -0.0000
vn -0.8144 -0.5572 -0.1620
vn -0.7101 0.7041 -0.0000
vn -0.3804 0.9217 -0.0757
vn -0.5490 0.8286 -0.1092
vn -0.7672 -0.5572 -0.3178
vn -0.6965 0.7041 -0.1385
vn -0.8173 0.5528 -0.1626
vn -0.1971 0.9796 -0.0392
vn -0.1857 0.9796 -0.0769
vn -0.3584 0.9217 -0.1484
vn -0.5172 0.8286 -0.2142
vn -0.6904 -0.5572 -0.4613
vn -0.6561 0.7041 -0.2718
vn -0.7699 0.5528 -0.3189
vn -0.3225 0.9217 -0.2155
vn -0.4654 0.8286 -0.3110
vn -0.5872 -0.5572 -0.5872
vn -0.5905 0.7041 -0.3945
vn -0.6929 0.5528 -0.4630
vn -0.1671 0.9796 -0.1117
vn -0.1421 0.9796 -0.1421
vn -0.2743 0.9217 -0.2743
vn -0.3958 0.8286 -0.3958
vn -0.4613 -0.5572 -0.6904
vn -0.5021 0.7041 -0.5021
vn -0.5893 0.5528 -0.5893
vn -0.3178 -0.5572 -0.7672
vn -0.3110 0.8286 -0.4654
vn -0.3945 0.7041 -0.5905
vn -0.4630 0.5528 -0.6929
vn -0.1116 0.9796 -0.1671
vn -0.2155 0.9217 -0.3225
vn -0.0769 0.9796 -0.1857
vn -0.1484 0.9217 -0.3584
vn -0.2142 0.8286 -0.5172
vn -0.2718 0.7041 -0.6561
vn -0.3189 0.5528 -0.7699
vn -0.1385 0.7041 -0.6965
vn -0.1626 0.5528 -0.8173
vn -0.0392 0.9796 -0.1971
vn -0.0757 0.9217 -0.3804
vn -0.1092 0.8286 -0.5490
vn 0.1620 -0.5572 -0.8144
vn 0.0213 -0.9940 -0.1071
vn -0.0000 -0.9940 -0.1092
vn -0.0000 -0.9279 -0.3728
vn 0.0727 -0.9279 -0.3657
vn -0.0000 -0.7561 -0.6544
vn 0.1277 -0.7561 -0.6419
vn 0.0418 -0.9940 -0.1009
vn 0.1427 -0.9279 -0.3445
vn 0.2504 -0.7561 -0.6046
vn 0.0607 -0.9940 -0.0908
vn 0.2071 -0.9279 -0.3100
vn 0.3636 -0.7561 -0.5442
vn 0.0772 -0.9940 -0.0772
vn 0.2636 -0.9279 -0.2636
vn 0.4628 -0.7561 -0.4628
vn 0.5442 -0.7561 -0.3636
vn 0.3100 -0.9279 -0.2071
vn 0.0908 -0.9940 -0.0607
vn 0.1009 -0.9940 -0.0418
vn 0.3445 -0.9279 -0.1427
vn 0.6046 -0.7561 -0.2504
vn 0.6419 -0.7561 -0.1277
vn 0.3657 -0.9279 -0.0727
vn 0.1071 -0.9940 -0.0213
vn 0.1092 -0.9940 -0.0000
vn 0.3728 -0.9279 -0.0000
vn 0.6544 -0.7561 -0.0000
vn 0.1071 -0.9940 0.0213
vn 0.3657 -0.9279 0.0727
vn 0.6419 -0.7561 0.1277
vn 0.1009 -0.9940 0.0418
vn 0.3445 -0.9279 0.1427
vn 0.6046 -0.7561 0.2504
vn 0.0908 -0.9940 0.0607
vn 0.3100 -0.9279 0.2071
vn 0.5442 -0.7561 0.3636
vn 0.0772 -0.9940 0.0772
vn 0.2636 -0.9279 0.2636
vn 0.4628 -0.7561 0.4628
vn 0.0607 -0.9940 0.0908
vn 0.2071 -0.9279 0.3100
vn 0.3636 -0.7561 0.5442
vn 0.0418 -0.9940 0.1009
vn 0.1427 -0.9279 0.3445
vn 0.2504 -0.7561 0.6046
vn 0.0213 -0.9940 0.1071
vn 0.0727 -0.9279 0.3657
vn 0.1277 -0.7561 0.6419
vn -0.0000 -0.9940 0.1092
vn -0.0000 -0.9279 0.3728
vn -0.0000 -0.7561 0.6544
vn -0.0213 -0.9940 0.1071
vn -0.0727 -0.9279 0.3657
vn -0.1277 -0.7561 0.6419
vn -0.2504 -0.7561 0.6046
vn -0.1427 -0.9279 0.3445
vn -0.0418 -0.9940 0.1009
vn -0.0607 -0.9940 0.0908
vn -0.2071 -0.9279 0.3100
vn -0.3636 -0.7561 0.5442
vn -0.4628 -0.7561 0.4628
vn -0.2636 -0.9279 0.2636
vn -0.0772 -0.9940 0.0772
vn -0.0908 -0.9940 0.0607
vn -0.3100 -0.9279 0.2071
vn -0.5442 -0.7561 0.3636
vn -0.1009 -0.9940 0.0418
vn -0.3445 -0.9279 0.1427
vn -0.6046 -0.7561 0.2504
vn -0.1071 -0.9940 0.0213
vn -0.3657 -0.9279 0.0727
vn -0.6419 -0.7561 0.1277
vn -0.1092 -0.9940 -0.0000
vn -0.3728 -0.9279 -0.0000
vn -0.6544 -0.7561 -0.0000
vn -0.1071 -0.9940 -0.0213
vn -0.3657 -0.9279 -0.0727
vn -0.6419 -0.7561 -0.1277
vn -0.1009 -0.9940 -0.0418
vn -0.3445 -0.9279 -0.1427
vn -0.6046 -0.7561 -0.2504
vn -0.0908 -0.9940 -0.0607
vn -0.3100 -0.9279 -0.2071
vn -0.5442 -0.7561 -0.3636
vn -0.0772 -0.9940 -0.0772
vn -0.2636 -0.9279 -0.2636
vn -0.4628 -0.7561 -0.4628
vn -0.0607 -0.9940 -0.0908
vn -0.2071 -0.9279 -0.3100
vn -0.3636 -0.7561 -0.5442
vn -0.0418 -0.9940 -0.1009
vn -0.1427 -0.9279 -0.3445
vn -0.2504 -0.7561 -0.6046
vn -0.1277 -0.7561 -0.6419
vn -0.0727 -0.9279 -0.3657
vn -0.0213 -0.9940 -0.1071
vn 0.1116 0.9796 0.1671
vn -0.1117 0.9796 0.1671
vn -0.0000 0.1382 -0.9904
vn 0.1376 0.1395 -0.9806
vn 0.1390 -0.0000 -0.9903
vn -0.0000 0.9611 -0.2764
vn 0.0371 0.9617 -0.2716
vn -0.0000 -0.9611 -0.2764
vn 0.0371 -0.9617 -0.2716
vn -0.0000 -0.1382 -0.9904
vn 0.1376 -0.1395 -0.9806
vn -0.0000 0.8602 -0.5099
vn 0.0696 0.8623 -0.5016
vn -0.0000 -0.2790 -0.9603
vn 0.1333 -0.2815 -0.9503
vn -0.0000 0.7237 -0.6902
vn 0.0949 0.7269 -0.6801
vn -0.0000 -0.4243 -0.9055
vn 0.1255 -0.4277 -0.8952
vn -0.0000 0.5741 -0.8188
vn 0.1131 0.5778 -0.8083
vn -0.0000 -0.5741 -0.8188
vn 0.1131 -0.5778 -0.8083
vn -0.0000 0.4243 -0.9055
vn 0.1255 0.4277 -0.8952
vn -0.0000 -0.7237 -0.6902
vn 0.0949 -0.7269 -0.6801
vn -0.0000 0.2790 -0.9603
vn 0.1333 0.2815 -0.9503
vn -0.0000 -0.8602 -0.5099
vn 0.0696 -0.8623 -0.5016
vn 0.2685 0.2891 -0.9189
vn 0.2777 0.1435 -0.9499
vn 0.1376 -0.8682 -0.4767
vn 0.0733 -0.9635 -0.2574
vn 0.2807 -0.0000 -0.9598
vn 0.0733 0.9635 -0.2574
vn 0.2777 -0.1435 -0.9499
vn 0.1376 0.8682 -0.4767
vn 0.2685 -0.2891 -0.9189
vn 0.1887 0.7365 -0.6496
vn 0.2520 -0.4378 -0.8630
vn 0.2261 0.5888 -0.7760
vn 0.2261 -0.5888 -0.7760
vn 0.2520 0.4378 -0.8630
vn 0.1887 -0.7365 -0.6496
vn 0.4067 -0.3016 -0.8623
vn 0.3796 -0.4543 -0.8059
vn 0.2799 0.7515 -0.5975
vn 0.3383 0.6064 -0.7196
vn 0.3383 -0.6064 -0.7196
vn 0.3796 0.4543 -0.8059
vn 0.2799 -0.7515 -0.5975
vn 0.4067 0.3016 -0.8623
vn 0.2025 -0.8774 -0.4349
vn 0.4220 0.1502 -0.8941
vn 0.1074 -0.9663 -0.2339
vn 0.4269 -0.0000 -0.9043
vn 0.1074 0.9663 -0.2339
vn 0.4220 -0.1502 -0.8941
vn 0.2025 0.8774 -0.4349
vn 0.2621 -0.8887 -0.3763
vn 0.1384 -0.9697 -0.2013
vn 0.5699 0.1594 -0.8061
vn 0.5774 -0.0000 -0.8165
vn 0.1384 0.9697 -0.2013
vn 0.5699 -0.1594 -0.8061
vn 0.2621 0.8887 -0.3763
vn 0.5469 -0.3186 -0.7742
vn 0.3660 0.7704 -0.5221
vn 0.5068 -0.4763 -0.7186
vn 0.4472 0.6292 -0.6357
vn 0.4472 -0.6292 -0.6357
vn 0.5068 0.4763 -0.7186
vn 0.3660 -0.7704 -0.5221
vn 0.5469 0.3186 -0.7742
vn 0.4430 0.7907 -0.4225
vn 0.5482 0.6546 -0.5206
vn 0.6282 -0.5015 -0.5949
vn 0.5482 -0.6546 -0.5206
vn 0.6282 0.5015 -0.5949
vn 0.4430 -0.7907 -0.4225
vn 0.6839 0.3385 -0.6463
vn 0.3138 -0.9005 -0.3012
vn 0.7165 0.1703 -0.6765
vn 0.1649 -0.9732 -0.1603
vn 0.7273 -0.0000 -0.6864
vn 0.1649 0.9732 -0.1603
vn 0.7165 -0.1703 -0.6765
vn 0.3138 0.9005 -0.3012
vn 0.6839 -0.3385 -0.6463
vn 0.8490 0.1815 -0.4963
vn 0.8634 -0.0000 -0.5045
vn 0.1856 0.9762 -0.1119
vn 0.1856 -0.9762 -0.1119
vn 0.8490 -0.1815 -0.4963
vn 0.3545 0.9109 -0.2110
vn 0.8057 -0.3585 -0.4716
vn 0.5055 0.8094 -0.2989
vn 0.7335 -0.5262 -0.4303
vn 0.6329 0.6787 -0.3726
vn 0.6329 -0.6787 -0.3726
vn 0.7335 0.5262 -0.4303
vn 0.5055 -0.8094 -0.2989
vn 0.8057 0.3585 -0.4716
vn 0.3545 -0.9109 -0.2110
vn 0.8073 -0.5446 -0.2274
vn 0.6907 -0.6963 -0.1953
vn 0.6907 0.6963 -0.1953
vn 0.8073 0.5446 -0.2274
vn 0.5469 -0.8226 -0.1553
vn 0.8929 0.3738 -0.2508
vn 0.3809 -0.9182 -0.1089
vn 0.9453 0.1901 -0.2651
vn 0.1988 -0.9783 -0.0576
vn 0.9629 -0.0000 -0.2699
vn 0.1988 0.9783 -0.0576
vn 0.9453 -0.1901 -0.2651
vn 0.3809 0.9182 -0.1089
vn 0.8929 -0.3738 -0.2508
vn 0.5469 0.8226 -0.1553
vn 0.2034 -0.9791 -0.0000
vn 0.9811 -0.1934 -0.0000
vn 0.2034 0.9791 -0.0000
vn 0.3901 0.9208 -0.0000
vn 0.9251 -0.3796 -0.0000
vn 0.5615 0.8275 -0.0000
vn 0.8341 -0.5516 -0.0000
vn 0.7114 0.7028 -0.0000
vn 0.7114 -0.7028 -0.0000
vn 0.8341 0.5516 -0.0000
vn 0.5615 -0.8275 -0.0000
vn 0.9251 0.3796 -0.0000
vn 0.3901 -0.9208 -0.0000
vn 0.9811 0.1934 -0.0000
vn 0.6907 -0.6963 0.1953
vn 0.5469 -0.8226 0.1553
vn 0.8073 0.5446 0.2274
vn 0.8929 0.3738 0.2508
vn 0.3809 -0.9182 0.1089
vn 0.9453 0.1901 0.2651
vn 0.1988 -0.9783 0.0576
vn 0.9629 -0.0000 0.2699
vn 0.1988 0.9783 0.0576
vn 0.9453 -0.1901 0.2651
vn 0.3809 0.9182 0.1089
vn 0.8929 -0.3738 0.2508
vn 0.5469 0.8226 0.1553
vn 0.8073 -0.5446 0.2274
vn 0.6907 0.6963 0.1953
vn 0.1856 0.9762 0.1119
vn 0.3545 0.9109 0.2110
vn 0.8490 -0.1815 0.4963
vn 0.8057 -0.3585 0.4716
vn 0.5055 0.8094 0.2989
vn 0.7335 -0.5262 0.4303
vn 0.6329 0.6787 0.3726
vn 0.6329 -0.6787 0.3726
vn 0.7335 0.5262 0.4303
vn 0.5055 -0.8094 0.2989
vn 0.8057 0.3585 0.4716
vn 0.3545 -0.9109 0.2110
vn 0.8490 0.1815 0.4963
vn 0.1856 -0.9762 0.1119
vn 0.8634 -0.0000 0.5045
vn 0.6282 0.5015 0.5949
vn 0.6839 0.3385 0.6463
vn 0.4430 -0.7907 0.4225
vn 0.3138 -0.9005 0.3012
vn 0.7165 0.1703 0.6765
vn 0.1649 -0.9732 0.1603
vn 0.7273 -0.0000 0.6864
vn 0.1649 0.9732 0.1603
vn 0.7165 -0.1703 0.6765
vn 0.3138 0.9005 0.3012
vn 0.6839 -0.3385 0.6463
vn 0.4430 0.7907 0.4225
vn 0.6282 -0.5015 0.5949
vn 0.5482 0.6546 0.5206
vn 0.5482 -0.6546 0.5206
vn 0.5699 -0.1594 0.8061
vn 0.5469 -0.3186 0.7742
vn 0.2621 0.8887 0.3763
vn 0.3660 0.7704 0.5221
vn 0.5068 -0.4763 0.7186
vn 0.4472 0.6292 0.6357
vn 0.4472 -0.6292 0.6357
vn 0.5068 0.4763 0.7186
vn 0.3660 -0.7704 0.5221
vn 0.5469 0.3186 0.7742
vn 0.2621 -0.8887 0.3763
vn 0.5699 0.1594 0.8061
vn 0.1384 -0.9697 0.2013
vn 0.5774 -0.0000 0.8165
vn 0.1384 0.9697 0.2013
vn 0.2799 -0.7515 0.5975
vn 0.2025 -0.8774 0.4349
vn 0.4067 0.3016 0.8623
vn 0.4220 0.1502 0.8941
vn 0.1074 -0.9663 0.2339
vn 0.4269 -0.0000 0.9043
vn 0.1074 0.9663 0.2339
vn 0.4220 -0.1502 0.8941
vn 0.2025 0.8774 0.4349
vn 0.4067 -0.3016 0.8623
vn 0.2799 0.7515 0.5975
vn 0.3796 -0.4543 0.8059
vn 0.3383 0.6064 0.7196
vn 0.3383 -0.6064 0.7196
vn 0.3796 0.4543 0.8059
vn 0.1376 0.8682 0.4767
vn 0.1887 0.7365 0.6496
vn 0.2685 -0.2891 0.9189
vn 0.2520 -0.4378 0.8630
vn 0.2261 0.5888 0.7760
vn 0.2261 -0.5888 0.7760
vn 0.2520 0.4378 0.8630
vn 0.1887 -0.7365 0.6496
vn 0.2685 0.2891 0.9189
vn 0.1376 -0.8682 0.4767
vn 0.2777 0.1435 0.9499
vn 0.0733 -0.9635 0.2574
vn 0.2807 -0.0000 0.9598
vn 0.0733 0.9635 0.2574
vn 0.2777 -0.1435 0.9499
vn 0.1333 0.2815 0.9503
vn 0.1376 0.1395 0.9806
vn 0.0696 -0.8623 0.5016
vn 0.0371 -0.9617 0.2716
vn 0.1390 -0.0000 0.9903
vn 0.0371 0.9617 0.2716
vn 0.1376 -0.1395 0.9806
vn 0.0696 0.8623 0.5016
vn 0.1333 -0.2815 0.9503
vn 0.0949 0.7269 0.6801
vn 0.1255 -0.4277 0.8952
vn 0.1131 0.5778 0.8083
vn 0.1131 -0.5778 0.8083
vn 0.1255 0.4277 0.8952
vn 0.0949 -0.7269 0.6801
vn -0.0000 -0.2790 0.9603
vn -0.0000 -0.4243 0.9055
vn -0.0000 0.7237 0.6902
vn -0.0000 0.5741 0.8188
vn -0.0000 -0.5741 0.8188
vn -0.0000 0.4243 0.9055
vn -0.0000 -0.7237 0.6902
vn -0.0000 0.2790 0.9603
vn -0.0000 -0.8602 0.5099
vn -0.0000 0.1382 0.9904
vn -0.0000 -0.9611 0.2764
vn -0.0000 0.9611 0.2764
vn -0.0000 -0.1382 0.9904
vn -0.0000 0.8602 0.5099
vn -0.0696 -0.8623 0.5016
vn -0.0371 -0.9617 0.2716
vn -0.1376 0.1395 0.9806
vn -0.1390 -0.0000 0.9903
vn -0.0371 0.9617 0.2716
vn -0.1376 -0.1395 0.9806
vn -0.0696 0.8623 0.5016
vn -0.1333 -0.2815 0.9503
vn -0.0949 0.7269 0.6801
vn -0.1255 -0.4277 0.8952
vn -0.1131 0.5778 0.8083
vn -0.1131 -0.5778 0.8083
vn -0.1255 0.4277 0.8952
vn -0.0949 -0.7269 0.6801
vn -0.1333 0.2815 0.9503
vn -0.2520 -0.4378 0.8630
vn -0.2261 -0.5888 0.7760
vn -0.2261 0.5888 0.7760
vn -0.2520 0.4378 0.8630
vn -0.1887 -0.7365 0.6496
vn -0.2685 0.2891 0.9189
vn -0.1376 -0.8682 0.4767
vn -0.2777 0.1435 0.9499
vn -0.0733 -0.9635 0.2574
vn -0.2807 -0.0000 0.9598
vn -0.0733 0.9635 0.2574
vn -0.2777 -0.1435 0.9499
vn -0.1376 0.8682 0.4767
vn -0.2685 -0.2891 0.9189
vn -0.1887 0.7365 0.6496
vn -0.1074 0.9663 0.2339
vn -0.1074 -0.9663 0.2339
vn -0.4269 -0.0000 0.9043
vn -0.4220 -0.1502 0.8941
vn -0.2025 0.8774 0.4349
vn -0.4067 -0.3016 0.8623
vn -0.2799 0.7515 0.5975
vn -0.3796 -0.4543 0.8059
vn -0.3383 0.6064 0.7196
vn -0.3383 -0.6064 0.7196
vn -0.3796 0.4543 0.8059
vn -0.2799 -0.7515 0.5975
vn -0.4067 0.3016 0.8623
vn -0.2025 -0.8774 0.4349
vn -0.4220 0.1502 0.8941
vn -0.4472 0.6292 0.6357
vn -0.5068 0.4763 0.7186
vn -0.4472 -0.6292 0.6357
vn -0.3660 -0.7704 0.5221
vn -0.5469 0.3186 0.7742
vn -0.2621 -0.8887 0.3763
vn -0.5699 0.1594 0.8061
vn -0.1384 -0.9697 0.2013
vn -0.5774 -0.0000 0.8165
vn -0.1384 0.9697 0.2013
vn -0.5699 -0.1594 0.8061
vn -0.2621 0.8887 0.3763
vn -0.5469 -0.3186 0.7742
vn -0.3660 0.7704 0.5221
vn -0.5068 -0.4763 0.7186
vn -0.7273 -0.0000 0.6864
vn -0.7165 -0.1703 0.6765
vn -0.1649 0.9732 0.1603
vn -0.3138 0.9005 0.3012
vn -0.6839 -0.3385 0.6463
vn -0.4430 0.7907 0.4225
vn -0.6282 -0.5015 0.5949
vn -0.5482 0.6546 0.5206
vn -0.5482 -0.6546 0.5206
vn -0.6282 0.5015 0.5949
vn -0.4430 -0.7907 0.4225
vn -0.6839 0.3385 0.6463
vn -0.3138 -0.9005 0.3012
vn -0.7165 0.1703 0.6765
vn -0.1649 -0.9732 0.1603
vn -0.6329 -0.6787 0.3726
vn -0.5055 -0.8094 0.2989
vn -0.7335 0.5262 0.4303
vn -0.8057 0.3585 0.4716
vn -0.3545 -0.9109 0.2110
vn -0.8490 0.1815 0.4963
vn -0.1856 -0.9762 0.1119
vn -0.8634 -0.0000 0.5045
vn -0.1856 0.9762 0.1119
vn -0.8490 -0.1815 0.4963
vn -0.3545 0.9109 0.2110
vn -0.8057 -0.3585 0.4716
vn -0.5055 0.8094 0.2989
vn -0.7335 -0.5262 0.4303
vn -0.6329 0.6787 0.3726
vn -0.1988 0.9783 0.0576
vn -0.3809 0.9182 0.1089
vn -0.9453 -0.1901 0.2651
vn -0.8929 -0.3738 0.2508
vn -0.5469 0.8226 0.1553
vn -0.8073 -0.5446 0.2274
vn -0.6907 0.6963 0.1953
vn -0.6907 -0.6963 0.1953
vn -0.8073 0.5446 0.2274
vn -0.5469 -0.8226 0.1553
vn -0.8929 0.3738 0.2508
vn -0.3809 -0.9182 0.1089
vn -0.9453 0.1901 0.2651
vn -0.1988 -0.9783 0.0576
vn -0.9629 -0.0000 0.2699
vn -0.8341 0.5516 -0.0000
vn -0.9251 0.3796 -0.0000
vn -0.5615 -0.8275 -0.0000
vn -0.3901 -0.9208 -0.0000
vn -0.9811 0.1934 -0.0000
vn -0.2034 -0.9791 -0.0000
vn -0.2034 0.9791 -0.0000
vn -0.9811 -0.1934 -0.0000
vn -0.3901 0.9208 -0.0000
vn -0.9251 -0.3796 -0.0000
vn -0.5615 0.8275 -0.0000
vn -0.8341 -0.5516 -0.0000
vn -0.7114 0.7028 -0.0000
vn -0.7114 -0.7028 -0.0000
vn -0.9453 -0.1901 -0.2651
vn -0.8929 -0.3738 -0.2508
vn -0.3809 0.9182 -0.1089
vn -0.5469 0.8226 -0.1553
vn -0.8073 -0.5446 -0.2274
vn -0.6907 0.6963 -0.1953
vn -0.6907 -0.6963 -0.1953
vn -0.8073 0.5446 -0.2274
vn -0.5469 -0.8226 -0.1553
vn -0.8929 0.3738 -0.2508
vn -0.3809 -0.9182 -0.1089
vn -0.9453 0.1901 -0.2651
vn -0.1988 -0.9783 -0.0576
vn -0.9629 -0.0000 -0.2699
vn -0.1988 0.9783 -0.0576
vn -0.5055 -0.8094 -0.2989
vn -0.3545 -0.9109 -0.2110
vn -0.8057 0.3585 -0.4716
vn -0.8490 0.1815 -0.4963
vn -0.1856 -0.9762 -0.1119
vn -0.8634 -0.0000 -0.5045
vn -0.1856 0.9762 -0.1119
vn -0.8490 -0.1815 -0.4963
vn -0.3545 0.9109 -0.2110
vn -0.8057 -0.3585 -0.4716
vn -0.5055 0.8094 -0.2989
vn -0.7335 -0.5262 -0.4303
vn -0.6329 0.6787 -0.3726
vn -0.6329 -0.6787 -0.3726
vn -0.7335 0.5262 -0.4303
vn -0.6839 -0.3385 -0.6463
vn -0.6282 -0.5015 -0.5949
vn -0.4430 0.7907 -0.4225
vn -0.5482 0.6546 -0.5206
vn -0.5482 -0.6546 -0.5206
vn -0.6282 0.5015 -0.5949
vn -0.4430 -0.7907 -0.4225
vn -0.6839 0.3385 -0.6463
vn -0.3138 -0.9005 -0.3012
vn -0.7165 0.1703 -0.6765
vn -0.1649 -0.9732 -0.1603
vn -0.7273 -0.0000 -0.6864
vn -0.1649 0.9732 -0.1603
vn -0.7165 -0.1703 -0.6765
vn -0.3138 0.9005 -0.3012
vn -0.2621 -0.8887 -0.3763
vn -0.1384 -0.9697 -0.2013
vn -0.5699 0.1594 -0.8061
vn -0.5774 -0.0000 -0.8165
vn -0.1384 0.9697 -0.2013
vn -0.5699 -0.1594 -0.8061
vn -0.2621 0.8887 -0.3763
vn -0.5469 -0.3186 -0.7742
vn -0.3660 0.7704 -0.5221
vn -0.5068 -0.4763 -0.7186
vn -0.4472 0.6292 -0.6357
vn -0.4472 -0.6292 -0.6357
vn -0.5068 0.4763 -0.7186
vn -0.3660 -0.7704 -0.5221
vn -0.5469 0.3186 -0.7742
vn -0.2799 0.7515 -0.5975
vn -0.3383 0.6064 -0.7196
vn -0.3796 -0.4543 -0.8059
vn -0.3383 -0.6064 -0.7196
vn -0.3796 0.4543 -0.8059
vn -0.2799 -0.7515 -0.5975
vn -0.4067 0.3016 -0.8623
vn -0.2025 -0.8774 -0.4349
vn -0.4220 0.1502 -0.8941
vn -0.1074 -0.9663 -0.2339
vn -0.4269 -0.0000 -0.9043
vn -0.1074 0.9663 -0.2339
vn -0.4220 -0.1502 -0.8941
vn -0.2025 0.8774 -0.4349
vn -0.4067 -0.3016 -0.8623
vn -0.2777 0.1435 -0.9499
vn -0.2807 -0.0000 -0.9598
vn -0.0733 0.9635 -0.2574
vn -0.0733 -0.9635 -0.2574
vn -0.2777 -0.1435 -0.9499
vn -0.1376 0.8682 -0.4767
vn -0.2685 -0.2891 -0.9189
vn -0.1887 0.7365 -0.6496
vn -0.2520 -0.4378 -0.8630
vn -0.2261 0.5888 -0.7760
vn -0.2261 -0.5888 -0.7760
vn -0.2520 0.4378 -0.8630
vn -0.1887 -0.7365 -0.6496
vn -0.2685 0.2891 -0.9189
vn -0.1376 -0.8682 -0.4767
vn -0.1255 -0.4277 -0.8952
vn -0.1131 -0.5778 -0.8083
vn -0.1131 0.5778 -0.8083
vn -0.1255 0.4277 -0.8952
vn -0.0949 -0.7269 -0.6801
vn -0.1333 0.2815 -0.9503
vn -0.0696 -0.8623 -0.5016
vn -0.1376 0.1395 -0.9806
vn -0.0371 -0.9617 -0.2716
vn -0.1390 -0.0000 -0.9903
vn -0.0371 0.9617 -0.2716
vn -0.1376 -0.1395 -0.9806
vn -0.0696 0.8623 -0.5016
vn -0.1333 -0.2815 -0.9503
vn -0.0949 0.7269 -0.6801
vt 0.489910 0.312500
vt 0.490154 0.312500
vt 0.688062 0.312500
vt 0.660974 0.312500
vt 0.781250 0.138672
vt 0.781250 0.151731
vt 0.750000 0.151731
vt 0.750000 0.138672
vt 0.750000 0.076172
vt 0.718750 0.138672
vt 0.718750 0.076172
vt 0.750000 0.013672
vt 0.718750 0.013672
vt 0.750000 0.437500
vt 0.750000 0.500000
vt 0.718750 0.500000
vt 0.718750 0.437500
vt 0.750000 0.375000
vt 0.718750 0.375000
vt 0.687500 0.437500
vt 0.687500 0.375000
vt 0.750000 0.342478
vt 0.718750 0.342478
vt 0.687500 0.138672
vt 0.687500 0.151731
vt 0.656250 0.151731
vt 0.656250 0.138672
vt 0.687500 0.076172
vt 0.687500 0.013672
vt 0.687500 0.500000
vt 0.656250 0.076172
vt 0.656250 0.013672
vt 0.656250 0.500000
vt 0.656250 0.437500
vt 0.656250 0.375000
vt 0.489457 0.312500
vt 0.660974 0.312500
vt 0.633859 0.312500
vt 0.625000 0.151731
vt 0.625000 0.138672
vt 0.488815 0.312500
vt 0.606718 0.312500
vt 0.625000 0.151731
vt 0.593750 0.151731
vt 0.593750 0.138672
vt 0.625000 0.076172
vt 0.625000 0.013672
vt 0.625000 0.500000
vt 0.625000 0.437500
vt 0.625000 0.375000
vt 0.593750 0.076172
vt 0.593750 0.013672
vt 0.593750 0.500000
vt 0.593750 0.437500
vt 0.593750 0.375000
vt 0.488009 0.312500
vt 0.606718 0.312500
vt 0.579555 0.312500
vt 0.562500 0.151731
vt 0.562500 0.138672
vt 0.487069 0.312500
vt 0.552374 0.312500
vt 0.531250 0.151731
vt 0.531250 0.138672
vt 0.562500 0.076172
vt 0.562500 0.013672
vt 0.562500 0.500000
vt 0.562500 0.437500
vt 0.562500 0.375000
vt 0.531250 0.076172
vt 0.531250 0.013672
vt 0.531250 0.500000
vt 0.531250 0.437500
vt 0.531250 0.375000
vt 0.486032 0.312500
vt 0.552374 0.312500
vt 0.525180 0.312500
vt 0.500000 0.151731
vt 0.500000 0.138672
vt 0.468750 0.151731
vt 0.468750 0.138672
vt 0.500000 0.076172
vt 0.500000 0.013672
vt 0.500000 0.500000
vt 0.500000 0.437500
vt 0.500000 0.375000
vt 0.484934 0.312500
vt 0.497977 0.312500
vt 0.468750 0.500000
vt 0.468750 0.437500
vt 0.468750 0.375000
vt 0.483816 0.312500
vt 0.470773 0.312500
vt 0.437500 0.151731
vt 0.437500 0.138672
vt 0.468750 0.076172
vt 0.468750 0.013672
vt 0.437500 0.151731
vt 0.406250 0.151731
vt 0.406250 0.138672
vt 0.437500 0.076172
vt 0.437500 0.013672
vt 0.437500 0.500000
vt 0.437500 0.437500
vt 0.437500 0.375000
vt 0.482718 0.312500
vt 0.443570 0.312500
vt 0.406250 0.500000
vt 0.406250 0.437500
vt 0.406250 0.375000
vt 0.481681 0.312500
vt 0.416376 0.312500
vt 0.375000 0.151731
vt 0.375000 0.138672
vt 0.406250 0.076172
vt 0.406250 0.013672
vt 0.375000 0.151731
vt 0.343750 0.151731
vt 0.343750 0.138672
vt 0.375000 0.076172
vt 0.375000 0.013672
vt 0.375000 0.500000
vt 0.375000 0.437500
vt 0.375000 0.375000
vt 0.480741 0.312500
vt 0.389195 0.312500
vt 0.343750 0.437500
vt 0.343750 0.375000
vt 0.479935 0.312500
vt 0.362032 0.312500
vt 0.343750 0.151731
vt 0.312500 0.151731
vt 0.312500 0.138672
vt 0.343750 0.076172
vt 0.343750 0.013672
vt 0.343750 0.500000
vt 0.312500 0.151731
vt 0.281250 0.151731
vt 0.281250 0.138672
vt 0.312500 0.076172
vt 0.312500 0.013672
vt 0.312500 0.500000
vt 0.312500 0.437500
vt 0.312500 0.375000
vt 0.479293 0.312500
vt 0.362032 0.312500
vt 0.334891 0.312500
vt 0.281250 0.437500
vt 0.281250 0.375000
vt 0.478840 0.312500
vt 0.334891 0.312500
vt 0.307776 0.312500
vt 0.250000 0.151731
vt 0.250000 0.138672
vt 0.281250 0.076172
vt 0.281250 0.013672
vt 0.281250 0.500000
vt 0.250000 0.076172
vt 0.250000 0.013672
vt 0.250000 0.500000
vt 0.250000 0.437500
vt 0.250000 0.375000
vt 0.478596 0.312500
vt 0.307776 0.312500
vt 0.280688 0.312500
vt 0.250000 0.151731
vt 0.218750 0.151731
vt 0.218750 0.138672
vt 0.478573 0.312500
vt 0.253630 0.312500
vt 0.187500 0.151731
vt 0.187500 0.138672
vt 0.218750 0.076172
vt 0.218750 0.013672
vt 0.218750 0.500000
vt 0.218750 0.437500
vt 0.218750 0.375000
vt 0.187500 0.076172
vt 0.187500 0.013672
vt 0.187500 0.500000
vt 0.187500 0.437500
vt 0.187500 0.375000
vt 0.478774 0.312500
vt 0.226602 0.312500
vt 0.156250 0.151731
vt 0.156250 0.138672
vt 0.125000 0.151731
vt 0.125000 0.138672
vt 0.156250 0.076172
vt 0.156250 0.013672
vt 0.156250 0.500000
vt 0.156250 0.437500
vt 0.156250 0.375000
vt 0.479193 0.312500
vt 0.226602 0.312500
vt 0.199604 0.312500
vt 0.125000 0.076172
vt 0.125000 0.013672
vt 0.125000 0.500000
vt 0.125000 0.437500
vt 0.125000 0.375000
vt 0.479818 0.312500
vt 0.199604 0.312500
vt 0.172633 0.312500
vt 0.125000 0.151731
vt 0.093750 0.151731
vt 0.093750 0.138672
vt 0.062500 0.151731
vt 0.062500 0.138672
vt 0.093750 0.076172
vt 0.093750 0.013672
vt 0.093750 0.500000
vt 0.093750 0.437500
vt 0.093750 0.375000
vt 0.480624 0.312500
vt 0.172633 0.312500
vt 0.145686 0.312500
vt 0.062500 0.500000
vt 0.062500 0.437500
vt 0.062500 0.375000
vt 0.481581 0.312500
vt 0.145686 0.312500
vt 0.118760 0.312500
vt 0.031250 0.151731
vt 0.031250 0.138672
vt 0.062500 0.076172
vt 0.062500 0.013672
vt 0.000000 0.151731
vt 0.000000 0.138672
vt 0.031250 0.076172
vt 0.031250 0.013672
vt 0.031250 0.500000
vt 0.031250 0.437500
vt 0.031250 0.375000
vt 0.482652 0.312500
vt 0.118760 0.312500
vt 0.091849 0.312500
vt 0.000000 0.500000
vt 0.000000 0.437500
vt 0.000000 0.375000
vt 0.483793 0.312500
vt 0.091849 0.312500
vt 0.064947 0.312500
vt 1.000000 0.138672
vt 1.000000 0.151731
vt 0.968750 0.151731
vt 0.968750 0.138672
vt 0.000000 0.076172
vt 0.000000 0.013672
vt 0.937500 0.151731
vt 0.937500 0.138672
vt 1.000000 0.076172
vt 0.968750 0.076172
vt 1.000000 0.013672
vt 0.968750 0.013672
vt 1.000000 0.437500
vt 1.000000 0.500000
vt 0.968750 0.500000
vt 0.968750 0.437500
vt 1.000000 0.375000
vt 0.968750 0.375000
vt 0.484957 0.312500
vt 0.064947 0.312500
vt 0.903803 0.312500
vt 0.937500 0.437500
vt 0.937500 0.375000
vt 0.486098 0.312500
vt 0.876901 0.312500
vt 0.937500 0.151731
vt 0.906250 0.151731
vt 0.906250 0.138672
vt 0.937500 0.076172
vt 0.937500 0.013672
vt 0.937500 0.500000
vt 0.906250 0.076172
vt 0.906250 0.013672
vt 0.906250 0.500000
vt 0.906250 0.437500
vt 0.906250 0.375000
vt 0.487168 0.312500
vt 0.876901 0.312500
vt 0.849990 0.312500
vt 0.906250 0.151731
vt 0.875000 0.151731
vt 0.875000 0.138672
vt 0.488126 0.312500
vt 0.823064 0.312500
vt 0.875000 0.151731
vt 0.843750 0.151731
vt 0.843750 0.138672
vt 0.875000 0.076172
vt 0.875000 0.013672
vt 0.875000 0.500000
vt 0.875000 0.437500
vt 0.875000 0.375000
vt 0.843750 0.076172
vt 0.843750 0.013672
vt 0.843750 0.500000
vt 0.843750 0.437500
vt 0.843750 0.375000
vt 0.488932 0.312500
vt 0.823064 0.312500
vt 0.796117 0.312500
vt 0.812500 0.151731
vt 0.812500 0.138672
vt 0.489556 0.312500
vt 0.796117 0.312500
vt 0.769146 0.312500
vt 0.812500 0.076172
vt 0.812500 0.013672
vt 0.812500 0.500000
vt 0.812500 0.437500
vt 0.812500 0.375000
vt 0.781250 0.076172
vt 0.781250 0.013672
vt 0.781250 0.500000
vt 0.781250 0.437500
vt 0.781250 0.375000
vt 0.489976 0.312500
vt 0.769146 0.312500
vt 0.742148 0.312500
vt 0.718750 0.151731
vt 0.718750 0.151731
vt 0.488362 0.312500
vt 0.487639 0.312500
vt 0.490177 0.312500
vt 0.742148 0.312500
vt 0.715120 0.312500
vt 0.750000 0.172419
vt 0.718750 0.172419
vt 0.750000 0.201172
vt 0.718750 0.201172
vt 0.726929 0.201172
vt 0.699158 0.201172
vt 0.710407 0.201172
vt 0.685248 0.201172
vt 0.687500 0.172419
vt 0.687500 0.201172
vt 0.671037 0.201172
vt 0.659422 0.201172
vt 0.656250 0.172419
vt 0.656250 0.201172
vt 0.642661 0.201172
vt 0.633120 0.201172
vt 0.625000 0.172419
vt 0.625000 0.201172
vt 0.614099 0.201172
vt 0.606472 0.201172
vt 0.593750 0.172419
vt 0.593750 0.201172
vt 0.585399 0.201172
vt 0.579571 0.201172
vt 0.562500 0.172419
vt 0.562500 0.201172
vt 0.556600 0.201172
vt 0.552491 0.201172
vt 0.531250 0.172419
vt 0.531250 0.201172
vt 0.527736 0.201172
vt 0.525290 0.201172
vt 0.500000 0.172419
vt 0.500000 0.201172
vt 0.498833 0.201172
vt 0.498021 0.201172
vt 0.468750 0.172419
vt 0.468750 0.201172
vt 0.469917 0.201172
vt 0.470729 0.201172
vt 0.437500 0.172419
vt 0.437500 0.201172
vt 0.441014 0.201172
vt 0.443460 0.201172
vt 0.406250 0.172419
vt 0.406250 0.201172
vt 0.412150 0.201172
vt 0.416259 0.201172
vt 0.389179 0.201172
vt 0.383351 0.201172
vt 0.375000 0.201172
vt 0.375000 0.172419
vt 0.343750 0.172419
vt 0.343750 0.201172
vt 0.354651 0.201172
vt 0.362278 0.201172
vt 0.335630 0.201172
vt 0.326089 0.201172
vt 0.312500 0.201172
vt 0.312500 0.172419
vt 0.281250 0.172419
vt 0.281250 0.201172
vt 0.297714 0.201172
vt 0.309328 0.201172
vt 0.250000 0.172419
vt 0.250000 0.201172
vt 0.269593 0.201172
vt 0.283502 0.201172
vt 0.218750 0.172419
vt 0.218750 0.201172
vt 0.241821 0.201172
vt 0.258343 0.201172
vt 0.187500 0.172419
vt 0.187500 0.201172
vt 0.214545 0.201172
vt 0.234145 0.201172
vt 0.156250 0.172419
vt 0.156250 0.201172
vt 0.188005 0.201172
vt 0.211412 0.201172
vt 0.125000 0.172419
vt 0.125000 0.201172
vt 0.162649 0.201172
vt 0.191102 0.201172
vt 0.093750 0.172419
vt 0.093750 0.201172
vt 0.139452 0.201172
vt 0.175325 0.201172
vt 0.062500 0.172419
vt 0.062500 0.201172
vt 0.121157 0.201172
vt 0.169823 0.201172
vt 0.031250 0.172419
vt 0.031250 0.201172
vt 0.119868 0.201172
vt 0.195460 0.201172
vt 0.000165 0.172419
vt 0.000454 0.201172
vt 0.249933 0.201172
vt 0.337948 0.201172
vt 0.630802 0.201172
vt 0.718816 0.201172
vt 0.954663 0.201172
vt 0.014086 0.201172
vt 0.999546 0.201172
vt 0.969204 0.201172
vt 0.968915 0.172419
vt 0.999835 0.172419
vt 0.968585 0.172419
vt 0.937500 0.172419
vt 0.968296 0.201172
vt 0.937500 0.201172
vt 0.848882 0.201172
vt 0.773289 0.201172
vt 0.906250 0.172419
vt 0.906250 0.201172
vt 0.847593 0.201172
vt 0.798926 0.201172
vt 0.875000 0.172419
vt 0.875000 0.201172
vt 0.829298 0.201172
vt 0.793424 0.201172
vt 0.843750 0.172419
vt 0.843750 0.201172
vt 0.806101 0.201172
vt 0.777648 0.201172
vt 0.812500 0.172419
vt 0.812500 0.201172
vt 0.780745 0.201172
vt 0.757337 0.201172
vt 0.781250 0.172419
vt 0.781250 0.201172
vt 0.754205 0.201172
vt 0.734605 0.201172
vt 0.781250 0.342478
vt 0.750000 0.342478
vt 0.656250 0.342478
vt 0.625000 0.342478
vt 0.593750 0.342478
vt 0.562500 0.342478
vt 0.531250 0.342478
vt 0.500000 0.342478
vt 0.500000 0.342478
vt 0.468750 0.342478
vt 0.437500 0.342478
vt 0.437500 0.342478
vt 0.406250 0.342478
vt 0.406250 0.342478
vt 0.375000 0.342478
vt 0.343750 0.342478
vt 0.312500 0.342478
vt 0.281250 0.342478
vt 0.281250 0.342478
vt 0.250000 0.342478
vt 0.218750 0.342478
vt 0.187500 0.342478
vt 0.156250 0.342478
vt 0.156250 0.342478
vt 0.125000 0.342478
vt 0.093750 0.342478
vt 0.093750 0.342478
vt 0.062500 0.342478
vt 0.031250 0.342478
vt 0.031250 0.342478
vt 0.000000 0.342478
vt 1.000000 0.342478
vt 0.968750 0.342478
vt 0.937500 0.342478
vt 0.937500 0.342478
vt 0.906250 0.342478
vt 0.875000 0.342478
vt 0.843750 0.342478
vt 0.843750 0.342478
vt 0.812500 0.342478
vt 0.812500 0.342478
vt 0.781250 0.342478
vt 0.687500 0.342478
vt 0.715120 0.312500
vt 0.750000 0.312500
vt 0.718750 0.312500
vt 0.687500 0.312500
vt 0.656250 0.312500
vt 0.625000 0.312500
vt 0.593750 0.312500
vt 0.562500 0.312500
vt 0.552374 0.312500
vt 0.531250 0.312500
vt 0.500000 0.312500
vt 0.468750 0.312500
vt 0.437500 0.312500
vt 0.406250 0.312500
vt 0.375000 0.312500
vt 0.343750 0.312500
vt 0.334891 0.312500
vt 0.312500 0.312500
vt 0.281250 0.312500
vt 0.250000 0.312500
vt 0.218750 0.312500
vt 0.226602 0.312500
vt 0.187500 0.312500
vt 0.156250 0.312500
vt 0.199604 0.312500
vt 0.226602 0.312500
vt 0.199604 0.312500
vt 0.125000 0.312500
vt 0.093750 0.312500
vt 0.118760 0.312500
vt 0.145686 0.312500
vt 0.062500 0.312500
vt 0.118760 0.312500
vt 0.031250 0.312500
vt 0.064947 0.312500
vt 0.091849 0.312500
vt 0.000265 0.312500
vt 0.903803 0.312500
vt 0.064947 0.312500
vt 0.008217 0.312500
vt 0.960532 0.312500
vt 0.969015 0.312500
vt 0.999735 0.312500
vt 0.876901 0.312500
vt 0.968485 0.312500
vt 0.937500 0.312500
vt 0.849990 0.312500
vt 0.876901 0.312500
vt 0.906250 0.312500
vt 0.823064 0.312500
vt 0.875000 0.312500
vt 0.796117 0.312500
vt 0.823064 0.312500
vt 0.843750 0.312500
vt 0.769146 0.312500
vt 0.796117 0.312500
vt 0.812500 0.312500
vt 0.742148 0.312500
vt 0.769146 0.312500
vt 0.781250 0.312500
vt 0.742148 0.312500
vt 0.489560 0.312500
vt 0.489580 0.312500
vt 0.490154 0.312500
vt 0.489343 0.312500
vt 0.488938 0.312500
vt 0.489457 0.312500
vt 0.488815 0.312500
vt 0.488009 0.312500
vt 0.486795 0.312500
vt 0.487069 0.312500
vt 0.485863 0.312500
vt 0.486032 0.312500
vt 0.484877 0.312500
vt 0.483873 0.312500
vt 0.482887 0.312500
vt 0.481955 0.312500
vt 0.481681 0.312500
vt 0.481111 0.312500
vt 0.480741 0.312500
vt 0.480388 0.312500
vt 0.479812 0.312500
vt 0.479293 0.312500
vt 0.479407 0.312500
vt 0.479190 0.312500
vt 0.479171 0.312500
vt 0.479352 0.312500
vt 0.479730 0.312500
vt 0.480291 0.312500
vt 0.479818 0.312500
vt 0.481014 0.312500
vt 0.480624 0.312500
vt 0.481872 0.312500
vt 0.481581 0.312500
vt 0.482832 0.312500
vt 0.482652 0.312500
vt 0.483853 0.312500
vt 0.484897 0.312500
vt 0.485918 0.312500
vt 0.486878 0.312500
vt 0.487736 0.312500
vt 0.488459 0.312500
vt 0.489020 0.312500
vt 0.489398 0.312500
vt 0.489976 0.312500
vt 0.750000 0.562500
vt 0.718750 0.562500
vt 0.750000 0.937500
vt 0.734375 1.000000
vt 0.718750 0.937500
vt 0.750000 0.875000
vt 0.718750 0.875000
vt 0.750000 0.812500
vt 0.718750 0.812500
vt 0.781250 0.348724
vt 0.750000 0.348724
vt 0.750000 0.750000
vt 0.718750 0.750000
vt 0.750000 0.687500
vt 0.718750 0.687500
vt 0.750000 0.625000
vt 0.718750 0.625000
vt 0.687500 0.625000
vt 0.687500 0.562500
vt 0.703125 1.000000
vt 0.687500 0.937500
vt 0.687500 0.875000
vt 0.687500 0.812500
vt 0.687500 0.348724
vt 0.656250 0.348724
vt 0.687500 0.750000
vt 0.687500 0.687500
vt 0.625000 0.348724
vt 0.656250 0.812500
vt 0.656250 0.750000
vt 0.656250 0.687500
vt 0.656250 0.625000
vt 0.656250 0.562500
vt 0.671875 1.000000
vt 0.656250 0.937500
vt 0.656250 0.875000
vt 0.625000 0.562500
vt 0.640625 1.000000
vt 0.625000 0.937500
vt 0.625000 0.875000
vt 0.625000 0.812500
vt 0.593750 0.348724
vt 0.625000 0.750000
vt 0.625000 0.687500
vt 0.625000 0.625000
vt 0.593750 0.812500
vt 0.593750 0.750000
vt 0.593750 0.687500
vt 0.593750 0.625000
vt 0.593750 0.562500
vt 0.609375 1.000000
vt 0.593750 0.937500
vt 0.593750 0.875000
vt 0.562500 0.348724
vt 0.562500 0.562500
vt 0.578125 1.000000
vt 0.562500 0.937500
vt 0.562500 0.875000
vt 0.562500 0.812500
vt 0.531250 0.348724
vt 0.562500 0.750000
vt 0.562500 0.687500
vt 0.562500 0.625000
vt 0.531250 0.750000
vt 0.531250 0.687500
vt 0.531250 0.625000
vt 0.531250 0.562500
vt 0.546875 1.000000
vt 0.531250 0.937500
vt 0.531250 0.875000
vt 0.531250 0.812500
vt 0.500000 0.348724
vt 0.515625 1.000000
vt 0.500000 0.937500
vt 0.500000 0.875000
vt 0.500000 0.812500
vt 0.500000 0.348724
vt 0.468750 0.348724
vt 0.500000 0.750000
vt 0.500000 0.687500
vt 0.500000 0.625000
vt 0.500000 0.562500
vt 0.468750 0.750000
vt 0.468750 0.687500
vt 0.468750 0.625000
vt 0.468750 0.562500
vt 0.484375 1.000000
vt 0.468750 0.937500
vt 0.468750 0.875000
vt 0.468750 0.812500
vt 0.468750 0.348724
vt 0.437500 0.348724
vt 0.437500 0.937500
vt 0.437500 0.875000
vt 0.437500 0.812500
vt 0.406250 0.348724
vt 0.437500 0.750000
vt 0.437500 0.687500
vt 0.437500 0.625000
vt 0.437500 0.562500
vt 0.453125 1.000000
vt 0.406250 0.687500
vt 0.406250 0.625000
vt 0.406250 0.562500
vt 0.421875 1.000000
vt 0.406250 0.937500
vt 0.406250 0.875000
vt 0.406250 0.812500
vt 0.375000 0.348724
vt 0.406250 0.750000
vt 0.375000 0.875000
vt 0.375000 0.812500
vt 0.343750 0.348724
vt 0.375000 0.750000
vt 0.375000 0.687500
vt 0.375000 0.625000
vt 0.375000 0.562500
vt 0.390625 1.000000
vt 0.375000 0.937500
vt 0.343750 0.625000
vt 0.343750 0.562500
vt 0.359375 1.000000
vt 0.343750 0.937500
vt 0.343750 0.875000
vt 0.343750 0.812500
vt 0.312500 0.348724
vt 0.343750 0.750000
vt 0.343750 0.687500
vt 0.312500 0.875000
vt 0.312500 0.812500
vt 0.281250 0.348724
vt 0.312500 0.750000
vt 0.312500 0.687500
vt 0.312500 0.625000
vt 0.312500 0.562500
vt 0.328125 1.000000
vt 0.312500 0.937500
vt 0.281250 0.625000
vt 0.281250 0.562500
vt 0.296875 1.000000
vt 0.281250 0.937500
vt 0.281250 0.875000
vt 0.281250 0.812500
vt 0.250000 0.348724
vt 0.281250 0.750000
vt 0.281250 0.687500
vt 0.218750 0.348724
vt 0.250000 0.812500
vt 0.250000 0.750000
vt 0.250000 0.687500
vt 0.250000 0.625000
vt 0.250000 0.562500
vt 0.265625 1.000000
vt 0.250000 0.937500
vt 0.250000 0.875000
vt 0.218750 0.562500
vt 0.234375 1.000000
vt 0.218750 0.937500
vt 0.218750 0.875000
vt 0.218750 0.812500
vt 0.187500 0.348724
vt 0.218750 0.750000
vt 0.218750 0.687500
vt 0.218750 0.625000
vt 0.187500 0.812500
vt 0.187500 0.750000
vt 0.187500 0.687500
vt 0.187500 0.625000
vt 0.187500 0.562500
vt 0.203125 1.000000
vt 0.187500 0.937500
vt 0.187500 0.875000
vt 0.187500 0.348724
vt 0.156250 0.348724
vt 0.156250 0.562500
vt 0.171875 1.000000
vt 0.156250 0.937500
vt 0.156250 0.875000
vt 0.156250 0.812500
vt 0.125000 0.348724
vt 0.156250 0.750000
vt 0.156250 0.687500
vt 0.156250 0.625000
vt 0.125000 0.750000
vt 0.125000 0.687500
vt 0.125000 0.625000
vt 0.125000 0.562500
vt 0.140625 1.000000
vt 0.125000 0.937500
vt 0.125000 0.875000
vt 0.125000 0.812500
vt 0.093750 0.348724
vt 0.093750 0.937500
vt 0.093750 0.875000
vt 0.093750 0.812500
vt 0.093750 0.348724
vt 0.062500 0.348724
vt 0.093750 0.750000
vt 0.093750 0.687500
vt 0.093750 0.625000
vt 0.093750 0.562500
vt 0.109375 1.000000
vt 0.062500 0.687500
vt 0.062500 0.625000
vt 0.062500 0.562500
vt 0.078125 1.000000
vt 0.062500 0.937500
vt 0.062500 0.875000
vt 0.062500 0.812500
vt 0.031250 0.348724
vt 0.062500 0.750000
vt 0.031250 0.937500
vt 0.031250 0.875000
vt 0.031250 0.812500
vt 0.031250 0.348724
vt 0.000000 0.348724
vt 0.031250 0.750000
vt 0.031250 0.687500
vt 0.031250 0.625000
vt 0.031250 0.562500
vt 0.046875 1.000000
vt 0.000000 0.687500
vt 0.000000 0.625000
vt 0.000000 0.562500
vt 0.015625 1.000000
vt 0.000000 0.937500
vt 0.000000 0.875000
vt 0.000000 0.812500
vt 1.000000 0.348724
vt 0.968750 0.348724
vt 0.000000 0.750000
vt 1.000000 0.812500
vt 1.000000 0.875000
vt 0.968750 0.875000
vt 0.968750 0.812500
vt 0.937500 0.348724
vt 1.000000 0.750000
vt 0.968750 0.750000
vt 1.000000 0.687500
vt 0.968750 0.687500
vt 1.000000 0.625000
vt 0.968750 0.625000
vt 1.000000 0.562500
vt 0.968750 0.562500
vt 1.000000 0.937500
vt 0.984375 1.000000
vt 0.968750 0.937500
vt 0.937500 0.625000
vt 0.937500 0.562500
vt 0.953125 1.000000
vt 0.937500 0.937500
vt 0.937500 0.875000
vt 0.937500 0.812500
vt 0.906250 0.348724
vt 0.937500 0.750000
vt 0.937500 0.687500
vt 0.906250 0.875000
vt 0.906250 0.812500
vt 0.875000 0.348724
vt 0.906250 0.750000
vt 0.906250 0.687500
vt 0.906250 0.625000
vt 0.906250 0.562500
vt 0.921875 1.000000
vt 0.906250 0.937500
vt 0.875000 0.625000
vt 0.875000 0.562500
vt 0.890625 1.000000
vt 0.875000 0.937500
vt 0.875000 0.875000
vt 0.875000 0.812500
vt 0.843750 0.348724
vt 0.875000 0.750000
vt 0.875000 0.687500
vt 0.843750 0.348724
vt 0.812500 0.348724
vt 0.843750 0.812500
vt 0.843750 0.750000
vt 0.843750 0.687500
vt 0.843750 0.625000
vt 0.843750 0.562500
vt 0.859375 1.000000
vt 0.843750 0.937500
vt 0.843750 0.875000
vt 0.812500 0.562500
vt 0.828125 1.000000
vt 0.812500 0.937500
vt 0.812500 0.875000
vt 0.812500 0.812500
vt 0.781250 0.348724
vt 0.812500 0.750000
vt 0.812500 0.687500
vt 0.812500 0.625000
vt 0.781250 0.750000
vt 0.781250 0.687500
vt 0.781250 0.625000
vt 0.781250 0.562500
vt 0.796875 1.000000
vt 0.781250 0.937500
vt 0.781250 0.875000
vt 0.781250 0.812500
vt 0.765625 1.000000
vt 0.718750 0.348724
vt 0.687500 0.348724
vt 0.694149 0.312500
vt 0.720992 0.312500
vt 0.737212 0.312500
vt 0.707863 0.312500
vt 0.750000 0.328333
vt 0.718750 0.328333
vt 0.666849 0.312500
vt 0.678335 0.312500
vt 0.687500 0.328333
vt 0.639217 0.312500
vt 0.648675 0.312500
vt 0.656250 0.328333
vt 0.611343 0.312500
vt 0.618918 0.312500
vt 0.625000 0.328333
vt 0.593750 0.328333
vt 0.589087 0.312500
vt 0.583292 0.312500
vt 0.555114 0.312500
vt 0.559204 0.312500
vt 0.562500 0.328333
vt 0.531250 0.328333
vt 0.529286 0.312500
vt 0.526851 0.312500
vt 0.498539 0.312500
vt 0.499348 0.312500
vt 0.500000 0.328333
vt 0.470211 0.312500
vt 0.469402 0.312500
vt 0.468750 0.328333
vt 0.441899 0.312500
vt 0.439464 0.312500
vt 0.437500 0.328333
vt 0.413636 0.312500
vt 0.409546 0.312500
vt 0.406250 0.328333
vt 0.385458 0.312500
vt 0.379663 0.312500
vt 0.375000 0.328333
vt 0.357407 0.312500
vt 0.349833 0.312500
vt 0.343750 0.328333
vt 0.329533 0.312500
vt 0.320075 0.312500
vt 0.312500 0.328333
vt 0.301901 0.312500
vt 0.290415 0.312500
vt 0.281250 0.328333
vt 0.274601 0.312500
vt 0.260887 0.312500
vt 0.250000 0.328333
vt 0.247758 0.312500
vt 0.231538 0.312500
vt 0.218750 0.328333
vt 0.187500 0.328333
vt 0.202437 0.312500
vt 0.221570 0.312500
vt 0.196365 0.312500
vt 0.173696 0.312500
vt 0.156250 0.328333
vt 0.125000 0.328333
vt 0.145512 0.312500
vt 0.172764 0.312500
vt 0.152133 0.312500
vt 0.118297 0.312500
vt 0.093750 0.328333
vt 0.138316 0.312500
vt 0.093148 0.312500
vt 0.062500 0.328333
vt 0.147387 0.312500
vt 0.074960 0.312500
vt 0.031250 0.328333
vt 0.287913 0.312500
vt 0.161243 0.312500
vt 0.000215 0.328333
vt 0.680837 0.312500
vt 0.807507 0.312500
vt 0.000000 0.312500
vt 0.968750 0.312500
vt 1.000000 0.312500
vt 0.821363 0.312500
vt 0.893790 0.312500
vt 0.968535 0.328333
vt 0.937500 0.328333
vt 0.830434 0.312500
vt 0.875601 0.312500
vt 0.906250 0.328333
vt 0.816617 0.312500
vt 0.850453 0.312500
vt 0.875000 0.328333
vt 0.795986 0.312500
vt 0.823237 0.312500
vt 0.843750 0.328333
vt 0.772385 0.312500
vt 0.795054 0.312500
vt 0.812500 0.328333
vt 0.781250 0.328333
vt 0.766313 0.312500
vt 0.747180 0.312500
vt 0.734375 0.000000
vt 0.750000 0.062500
vt 0.718750 0.062500
vt 0.750000 0.312500
vt 0.750000 0.250000
vt 0.718750 0.250000
vt 0.750000 0.187500
vt 0.718750 0.187500
vt 0.750000 0.125000
vt 0.718750 0.125000
vt 0.687500 0.125000
vt 0.687500 0.062500
vt 0.703125 0.000000
vt 0.687500 0.250000
vt 0.687500 0.187500
vt 0.656250 0.250000
vt 0.656250 0.187500
vt 0.656250 0.125000
vt 0.656250 0.062500
vt 0.671875 0.000000
vt 0.625000 0.125000
vt 0.625000 0.062500
vt 0.640625 0.000000
vt 0.625000 0.250000
vt 0.625000 0.187500
vt 0.593750 0.250000
vt 0.593750 0.187500
vt 0.593750 0.125000
vt 0.593750 0.062500
vt 0.609375 0.000000
vt 0.578125 0.000000
vt 0.562500 0.062500
vt 0.562500 0.312500
vt 0.562500 0.250000
vt 0.562500 0.187500
vt 0.562500 0.125000
vt 0.531250 0.250000
vt 0.531250 0.187500
vt 0.531250 0.125000
vt 0.531250 0.062500
vt 0.546875 0.000000
vt 0.515625 0.000000
vt 0.500000 0.062500
vt 0.500000 0.312500
vt 0.500000 0.250000
vt 0.500000 0.187500
vt 0.500000 0.125000
vt 0.468750 0.250000
vt 0.468750 0.187500
vt 0.468750 0.125000
vt 0.468750 0.062500
vt 0.484375 0.000000
vt 0.468750 0.312500
vt 0.437500 0.312500
vt 0.437500 0.250000
vt 0.437500 0.187500
vt 0.437500 0.125000
vt 0.437500 0.062500
vt 0.453125 0.000000
vt 0.406250 0.187500
vt 0.406250 0.125000
vt 0.406250 0.062500
vt 0.421875 0.000000
vt 0.406250 0.250000
vt 0.375000 0.250000
vt 0.375000 0.187500
vt 0.375000 0.125000
vt 0.375000 0.062500
vt 0.390625 0.000000
vt 0.343750 0.187500
vt 0.343750 0.125000
vt 0.343750 0.062500
vt 0.359375 0.000000
vt 0.343750 0.250000
vt 0.312500 0.250000
vt 0.312500 0.187500
vt 0.312500 0.125000
vt 0.312500 0.062500
vt 0.328125 0.000000
vt 0.281250 0.125000
vt 0.281250 0.062500
vt 0.296875 0.000000
vt 0.281250 0.250000
vt 0.281250 0.187500
vt 0.250000 0.250000
vt 0.250000 0.187500
vt 0.250000 0.125000
vt 0.250000 0.062500
vt 0.265625 0.000000
vt 0.218750 0.125000
vt 0.218750 0.062500
vt 0.234375 0.000000
vt 0.218750 0.250000
vt 0.218750 0.187500
vt 0.187500 0.250000
vt 0.187500 0.187500
vt 0.187500 0.125000
vt 0.187500 0.062500
vt 0.203125 0.000000
vt 0.171875 0.000000
vt 0.156250 0.062500
vt 0.156250 0.250000
vt 0.156250 0.187500
vt 0.156250 0.125000
vt 0.125000 0.250000
vt 0.125000 0.187500
vt 0.125000 0.125000
vt 0.125000 0.062500
vt 0.140625 0.000000
vt 0.093750 0.250000
vt 0.093750 0.187500
vt 0.093750 0.125000
vt 0.093750 0.062500
vt 0.109375 0.000000
vt 0.062500 0.250000
vt 0.062500 0.187500
vt 0.062500 0.125000
vt 0.062500 0.062500
vt 0.078125 0.000000
vt 0.062500 0.312500
vt 0.031250 0.312500
vt 0.031250 0.250000
vt 0.031250 0.187500
vt 0.031250 0.125000
vt 0.031250 0.062500
vt 0.046875 0.000000
vt 0.000000 0.187500
vt 0.000000 0.125000
vt 0.000000 0.062500
vt 0.015625 0.000000
vt 0.000000 0.250000
vt 1.000000 0.250000
vt 0.968750 0.250000
vt 1.000000 0.187500
vt 0.968750 0.187500
vt 1.000000 0.125000
vt 0.968750 0.125000
vt 1.000000 0.062500
vt 0.968750 0.062500
vt 0.984375 0.000000
vt 0.937500 0.187500
vt 0.937500 0.125000
vt 0.937500 0.062500
vt 0.953125 0.000000
vt 0.937500 0.250000
vt 0.906250 0.250000
vt 0.906250 0.187500
vt 0.906250 0.125000
vt 0.906250 0.062500
vt 0.921875 0.000000
vt 0.875000 0.125000
vt 0.875000 0.062500
vt 0.890625 0.000000
vt 0.875000 0.250000
vt 0.875000 0.187500
vt 0.843750 0.250000
vt 0.843750 0.187500
vt 0.843750 0.125000
vt 0.843750 0.062500
vt 0.859375 0.000000
vt 0.828125 0.000000
vt 0.812500 0.062500
vt 0.812500 0.250000
vt 0.812500 0.187500
vt 0.812500 0.125000
vt 0.781250 0.312500
vt 0.781250 0.250000
vt 0.781250 0.187500
vt 0.781250 0.125000
vt 0.781250 0.062500
vt 0.796875 0.000000
vt 0.765625 0.000000
s 1
usemtl Material
f 451/1/1 449/2/2 354/3/3 360/4/4
f 185/5/5 349/6/6 194/7/7 191/8/8
f 1/9/9 191/8/8 5/10/10 6/11/11
f 2/12/12 1/9/9 6/11/11 7/13/13
f 3/14/14 2/15/12 7/16/13 8/17/15
f 192/18/16 3/14/14 8/17/15 9/19/17
f 9/19/17 8/17/15 14/20/18 15/21/19
f 357/22/20 192/18/16 9/19/17 353/23/21
f 11/24/22 204/25/23 209/26/24 17/27/25
f 6/11/11 5/10/10 11/24/22 12/28/26
f 7/13/13 6/11/11 12/28/26 13/29/27
f 8/17/15 7/16/13 13/30/27 14/20/18
f 12/28/26 11/24/22 17/27/25 18/31/28
f 13/29/27 12/28/26 18/31/28 19/32/29
f 14/20/18 13/30/27 19/33/29 20/34/30
f 15/21/19 14/20/18 20/34/30 21/35/31
f 452/36/32 451/1/1 360/37/4 363/38/33
f 17/27/25 209/26/24 214/39/34 23/40/35
f 453/41/36 452/36/32 363/38/33 366/42/37
f 23/40/35 214/43/34 219/44/38 29/45/39
f 18/31/28 17/27/25 23/40/35 24/46/40
f 19/32/29 18/31/28 24/46/40 25/47/41
f 20/34/30 19/33/29 25/48/41 26/49/42
f 21/35/31 20/34/30 26/49/42 27/50/43
f 24/46/40 23/40/35 29/45/39 30/51/44
f 25/47/41 24/46/40 30/51/44 31/52/45
f 26/49/42 25/48/41 31/53/45 32/54/46
f 27/50/43 26/49/42 32/54/46 33/55/47
f 454/56/48 453/41/36 366/57/37 369/58/49
f 29/45/39 219/44/38 224/59/50 35/60/51
f 455/61/52 454/56/48 369/58/49 372/62/53
f 35/60/51 224/59/50 229/63/54 41/64/55
f 30/51/44 29/45/39 35/60/51 36/65/56
f 31/52/45 30/51/44 36/65/56 37/66/57
f 32/54/46 31/53/45 37/67/57 38/68/58
f 33/55/47 32/54/46 38/68/58 39/69/59
f 37/66/57 36/65/56 42/70/60 43/71/61
f 38/68/58 37/67/57 43/72/61 44/73/62
f 39/69/59 38/68/58 44/73/62 45/74/63
f 456/75/64 455/61/52 372/76/53 375/77/65
f 41/64/55 229/63/54 234/78/66 47/79/67
f 36/65/56 35/60/51 41/64/55 42/70/60
f 47/79/67 234/78/66 239/80/68 53/81/69
f 42/70/60 41/64/55 47/79/67 48/82/70
f 43/71/61 42/70/60 48/82/70 49/83/71
f 44/73/62 43/72/61 49/84/71 50/85/72
f 45/74/63 44/73/62 50/85/72 51/86/73
f 457/87/74 456/75/64 375/77/65 378/88/75
f 50/85/72 49/84/71 55/89/76 56/90/77
f 51/86/73 50/85/72 56/90/77 57/91/78
f 458/92/79 457/87/74 378/88/75 381/93/80
f 53/81/69 239/80/68 244/94/81 59/95/82
f 48/82/70 47/79/67 53/81/69 54/96/83
f 49/83/71 48/82/70 54/96/83 55/97/76
f 59/95/82 244/98/81 249/99/84 65/100/85
f 54/96/83 53/81/69 59/95/82 60/101/86
f 55/97/76 54/96/83 60/101/86 61/102/87
f 56/90/77 55/89/76 61/103/87 62/104/88
f 57/91/78 56/90/77 62/104/88 63/105/89
f 459/106/90 458/92/79 381/93/80 384/107/91
f 62/104/88 61/103/87 67/108/92 68/109/93
f 63/105/89 62/104/88 68/109/93 69/110/94
f 460/111/95 459/106/90 384/107/91 387/112/96
f 65/100/85 249/99/84 254/113/97 71/114/98
f 60/101/86 59/95/82 65/100/85 66/115/99
f 61/102/87 60/101/86 66/115/99 67/116/92
f 71/114/98 254/117/97 259/118/100 77/119/101
f 66/115/99 65/100/85 71/114/98 72/120/102
f 67/116/92 66/115/99 72/120/102 73/121/103
f 68/109/93 67/108/92 73/122/103 74/123/104
f 69/110/94 68/109/93 74/123/104 75/124/105
f 461/125/106 460/111/95 387/112/96 390/126/107
f 75/124/105 74/123/104 80/127/108 81/128/109
f 462/129/110 461/125/106 390/126/107 393/130/111
f 77/119/101 259/131/100 264/132/112 83/133/113
f 72/120/102 71/114/98 77/119/101 78/134/114
f 73/121/103 72/120/102 78/134/114 79/135/115
f 74/123/104 73/122/103 79/136/115 80/127/108
f 83/133/113 264/137/112 269/138/116 89/139/117
f 78/134/114 77/119/101 83/133/113 84/140/118
f 79/135/115 78/134/114 84/140/118 85/141/119
f 80/127/108 79/136/115 85/142/119 86/143/120
f 81/128/109 80/127/108 86/143/120 87/144/121
f 463/145/122 462/129/110 393/146/111 396/147/123
f 87/144/121 86/143/120 92/148/124 93/149/125
f 464/150/126 463/145/122 396/151/123 399/152/127
f 89/139/117 269/138/116 274/153/128 95/154/129
f 84/140/118 83/133/113 89/139/117 90/155/130
f 85/141/119 84/140/118 90/155/130 91/156/131
f 86/143/120 85/142/119 91/157/131 92/148/124
f 90/155/130 89/139/117 95/154/129 96/158/132
f 91/156/131 90/155/130 96/158/132 97/159/133
f 92/148/124 91/157/131 97/160/133 98/161/134
f 93/149/125 92/148/124 98/161/134 99/162/135
f 465/163/136 464/150/126 399/164/127 402/165/137
f 95/154/129 274/166/128 279/167/138 101/168/139
f 466/169/140 465/163/136 402/165/137 405/170/141
f 101/168/139 279/167/138 284/171/142 107/172/143
f 96/158/132 95/154/129 101/168/139 102/173/144
f 97/159/133 96/158/132 102/173/144 103/174/145
f 98/161/134 97/160/133 103/175/145 104/176/146
f 99/162/135 98/161/134 104/176/146 105/177/147
f 103/174/145 102/173/144 108/178/148 109/179/149
f 104/176/146 103/175/145 109/180/149 110/181/150
f 105/177/147 104/176/146 110/181/150 111/182/151
f 467/183/152 466/169/140 405/170/141 408/184/153
f 107/172/143 284/171/142 289/185/154 113/186/155
f 102/173/144 101/168/139 107/172/143 108/178/148
f 113/186/155 289/185/154 294/187/156 119/188/157
f 108/178/148 107/172/143 113/186/155 114/189/158
f 109/179/149 108/178/148 114/189/158 115/190/159
f 110/181/150 109/180/149 115/191/159 116/192/160
f 111/182/151 110/181/150 116/192/160 117/193/161
f 468/194/162 467/183/152 408/195/153 411/196/163
f 115/190/159 114/189/158 120/197/164 121/198/165
f 116/192/160 115/191/159 121/199/165 122/200/166
f 117/193/161 116/192/160 122/200/166 123/201/167
f 469/202/168 468/194/162 411/203/163 414/204/169
f 119/188/157 294/205/156 299/206/170 125/207/171
f 114/189/158 113/186/155 119/188/157 120/197/164
f 125/207/171 299/206/170 304/208/172 131/209/173
f 120/197/164 119/188/157 125/207/171 126/210/174
f 121/198/165 120/197/164 126/210/174 127/211/175
f 122/200/166 121/199/165 127/212/175 128/213/176
f 123/201/167 122/200/166 128/213/176 129/214/177
f 470/215/178 469/202/168 414/216/169 417/217/179
f 128/213/176 127/212/175 133/218/180 134/219/181
f 129/214/177 128/213/176 134/219/181 135/220/182
f 471/221/183 470/215/178 417/222/179 420/223/184
f 131/209/173 304/208/172 309/224/185 137/225/186
f 126/210/174 125/207/171 131/209/173 132/226/187
f 127/211/175 126/210/174 132/226/187 133/227/180
f 137/225/186 309/224/185 314/228/188 143/229/189
f 132/226/187 131/209/173 137/225/186 138/230/190
f 133/227/180 132/226/187 138/230/190 139/231/191
f 134/219/181 133/218/180 139/232/191 140/233/192
f 135/220/182 134/219/181 140/233/192 141/234/193
f 472/235/194 471/221/183 420/236/184 423/237/195
f 140/233/192 139/232/191 145/238/196 146/239/197
f 141/234/193 140/233/192 146/239/197 147/240/198
f 473/241/199 472/235/194 423/242/195 426/243/200
f 143/244/189 314/245/188 319/246/201 149/247/202
f 138/230/190 137/225/186 143/229/189 144/248/203
f 139/231/191 138/230/190 144/248/203 145/249/196
f 149/247/202 319/246/201 324/250/204 155/251/205
f 144/252/203 143/244/189 149/247/202 150/253/206
f 145/254/196 144/252/203 150/253/206 151/255/207
f 146/256/197 145/257/196 151/258/207 152/259/208
f 147/260/198 146/256/197 152/259/208 153/261/209
f 474/262/210 473/241/199 426/263/200 429/264/211
f 153/261/209 152/259/208 158/265/212 159/266/213
f 475/267/214 474/262/210 429/264/211 432/268/215
f 155/251/205 324/269/204 329/270/216 161/271/217
f 150/253/206 149/247/202 155/251/205 156/272/218
f 151/255/207 150/253/206 156/272/218 157/273/219
f 152/259/208 151/258/207 157/274/219 158/265/212
f 156/272/218 155/251/205 161/271/217 162/275/220
f 157/273/219 156/272/218 162/275/220 163/276/221
f 158/265/212 157/274/219 163/277/221 164/278/222
f 159/266/213 158/265/212 164/278/222 165/279/223
f 476/280/224 475/267/214 432/281/215 435/282/225
f 161/271/217 329/283/216 334/284/226 167/285/227
f 477/286/228 476/280/224 435/282/225 438/287/229
f 167/285/227 334/288/226 339/289/230 173/290/231
f 162/275/220 161/271/217 167/285/227 168/291/232
f 163/276/221 162/275/220 168/291/232 169/292/233
f 164/278/222 163/277/221 169/293/233 170/294/234
f 165/279/223 164/278/222 170/294/234 171/295/235
f 168/291/232 167/285/227 173/290/231 174/296/236
f 169/292/233 168/291/232 174/296/236 175/297/237
f 170/294/234 169/293/233 175/298/237 176/299/238
f 171/295/235 170/294/234 176/299/238 177/300/239
f 478/301/240 477/286/228 438/302/229 441/303/241
f 173/290/231 339/289/230 344/304/242 179/305/243
f 479/306/244 478/301/240 441/307/241 444/308/245
f 179/305/243 344/304/242 349/6/6 185/5/5
f 174/296/236 173/290/231 179/305/243 180/309/246
f 175/297/237 174/296/236 180/309/246 181/310/247
f 176/299/238 175/298/237 181/311/247 182/312/248
f 177/300/239 176/299/238 182/312/248 183/313/249
f 181/310/247 180/309/246 186/314/250 187/315/251
f 182/312/248 181/311/247 187/316/251 188/317/252
f 183/313/249 182/312/248 188/317/252 189/318/253
f 480/319/254 479/306/244 444/320/245 447/321/255
f 180/309/246 179/305/243 185/5/5 186/314/250
f 5/10/10 199/322/256 204/25/23 11/24/22
f 186/314/250 185/5/5 191/8/8 1/9/9
f 191/8/8 194/7/7 199/323/256 5/10/10
f 187/315/251 186/314/250 1/9/9 2/12/12
f 28/324/257 34/325/258 486/325/259 485/324/260
f 188/317/252 187/316/251 2/15/12 3/14/14
f 189/318/253 188/317/252 3/14/14 192/18/16
f 450/326/261 480/319/254 447/327/255 356/328/262
f 199/323/256 194/7/7 197/329/263 202/330/264
f 202/330/264 197/329/263 196/331/265 201/332/266
f 201/332/266 196/331/265 195/333/267 200/334/268
f 200/334/268 195/333/267 193/335/269 198/336/270
f 204/25/23 199/322/256 202/330/264 207/337/271
f 207/337/271 202/330/264 201/332/266 206/338/272
f 206/338/272 201/332/266 200/334/268 205/339/273
f 205/339/273 200/334/268 198/336/270 203/340/274
f 209/26/24 204/25/23 207/337/271 212/341/275
f 212/341/275 207/337/271 206/338/272 211/342/276
f 211/342/276 206/338/272 205/339/273 210/343/277
f 210/343/277 205/339/273 203/340/274 208/344/278
f 214/39/34 209/26/24 212/341/275 217/345/279
f 217/345/279 212/341/275 211/342/276 216/346/280
f 216/346/280 211/342/276 210/343/277 215/347/281
f 215/347/281 210/343/277 208/344/278 213/348/282
f 219/44/38 214/43/34 217/345/279 222/349/283
f 222/349/283 217/345/279 216/346/280 221/350/284
f 221/350/284 216/346/280 215/347/281 220/351/285
f 220/351/285 215/347/281 213/348/282 218/352/286
f 224/59/50 219/44/38 222/349/283 227/353/287
f 227/353/287 222/349/283 221/350/284 226/354/288
f 226/354/288 221/350/284 220/351/285 225/355/289
f 225/355/289 220/351/285 218/352/286 223/356/290
f 229/63/54 224/59/50 227/353/287 232/357/291
f 232/357/291 227/353/287 226/354/288 231/358/292
f 231/358/292 226/354/288 225/355/289 230/359/293
f 230/359/293 225/355/289 223/356/290 228/360/294
f 234/78/66 229/63/54 232/357/291 237/361/295
f 237/361/295 232/357/291 231/358/292 236/362/296
f 236/362/296 231/358/292 230/359/293 235/363/297
f 235/363/297 230/359/293 228/360/294 233/364/298
f 239/80/68 234/78/66 237/361/295 242/365/299
f 242/365/299 237/361/295 236/362/296 241/366/300
f 241/366/300 236/362/296 235/363/297 240/367/301
f 240/367/301 235/363/297 233/364/298 238/368/302
f 244/94/81 239/80/68 242/365/299 247/369/303
f 247/369/303 242/365/299 241/366/300 246/370/304
f 246/370/304 241/366/300 240/367/301 245/371/305
f 245/371/305 240/367/301 238/368/302 243/372/306
f 249/99/84 244/98/81 247/369/303 252/373/307
f 252/373/307 247/369/303 246/370/304 251/374/308
f 251/374/308 246/370/304 245/371/305 250/375/309
f 250/375/309 245/371/305 243/372/306 248/376/310
f 248/376/310 253/377/311 255/378/312 250/375/309
f 250/375/309 255/378/312 256/379/313 251/374/308
f 251/374/308 256/379/313 257/380/314 252/373/307
f 252/373/307 257/380/314 254/113/97 249/99/84
f 259/118/100 254/117/97 257/380/314 262/381/315
f 262/381/315 257/380/314 256/379/313 261/382/316
f 261/382/316 256/379/313 255/378/312 260/383/317
f 260/383/317 255/378/312 253/377/311 258/384/318
f 258/384/318 263/385/319 265/386/320 260/383/317
f 260/383/317 265/386/320 266/387/321 261/382/316
f 261/382/316 266/387/321 267/388/322 262/381/315
f 262/381/315 267/388/322 264/132/112 259/131/100
f 269/138/116 264/137/112 267/388/322 272/389/323
f 272/389/323 267/388/322 266/387/321 271/390/324
f 271/390/324 266/387/321 265/386/320 270/391/325
f 270/391/325 265/386/320 263/385/319 268/392/326
f 274/153/128 269/138/116 272/389/323 277/393/327
f 277/393/327 272/389/323 271/390/324 276/394/328
f 276/394/328 271/390/324 270/391/325 275/395/329
f 275/395/329 270/391/325 268/392/326 273/396/330
f 279/167/138 274/166/128 277/393/327 282/397/331
f 282/397/331 277/393/327 276/394/328 281/398/332
f 281/398/332 276/394/328 275/395/329 280/399/333
f 280/399/333 275/395/329 273/396/330 278/400/334
f 284/171/142 279/167/138 282/397/331 287/401/335
f 287/401/335 282/397/331 281/398/332 286/402/336
f 286/402/336 281/398/332 280/399/333 285/403/337
f 285/403/337 280/399/333 278/400/334 283/404/338
f 289/185/154 284/171/142 287/401/335 292/405/339
f 292/405/339 287/401/335 286/402/336 291/406/340
f 291/406/340 286/402/336 285/403/337 290/407/341
f 290/407/341 285/403/337 283/404/338 288/408/342
f 294/187/156 289/185/154 292/405/339 297/409/343
f 297/409/343 292/405/339 291/406/340 296/410/344
f 296/410/344 291/406/340 290/407/341 295/411/345
f 295/411/345 290/407/341 288/408/342 293/412/346
f 299/206/170 294/205/156 297/409/343 302/413/347
f 302/413/347 297/409/343 296/410/344 301/414/348
f 301/414/348 296/410/344 295/411/345 300/415/349
f 300/415/349 295/411/345 293/412/346 298/416/350
f 304/208/172 299/206/170 302/413/347 307/417/351
f 307/417/351 302/413/347 301/414/348 306/418/352
f 306/418/352 301/414/348 300/415/349 305/419/353
f 305/419/353 300/415/349 298/416/350 303/420/354
f 309/224/185 304/208/172 307/417/351 312/421/355
f 312/421/355 307/417/351 306/418/352 311/422/356
f 311/422/356 306/418/352 305/419/353 310/423/357
f 310/423/357 305/419/353 303/420/354 308/424/358
f 314/228/188 309/224/185 312/421/355 317/425/359
f 317/425/359 312/421/355 311/422/356 316/426/360
f 316/426/360 311/422/356 310/423/357 315/427/361
f 315/427/361 310/423/357 308/424/358 313/428/362
f 313/428/362 318/429/363 320/430/364 315/427/361
f 315/427/361 320/430/364 321/431/365 316/432/360
f 316/433/360 321/434/365 322/435/366 317/436/359
f 317/436/359 322/435/366 319/246/201 314/245/188
f 324/250/204 319/246/201 322/437/366 327/438/367
f 327/438/367 322/437/366 321/439/365 326/440/368
f 326/440/368 321/439/365 320/430/364 325/441/369
f 325/441/369 320/430/364 318/429/363 323/442/370
f 329/270/216 324/269/204 327/438/367 332/443/371
f 332/443/371 327/438/367 326/440/368 331/444/372
f 331/444/372 326/440/368 325/441/369 330/445/373
f 330/445/373 325/441/369 323/442/370 328/446/374
f 334/284/226 329/283/216 332/443/371 337/447/375
f 337/447/375 332/443/371 331/444/372 336/448/376
f 336/448/376 331/444/372 330/445/373 335/449/377
f 335/449/377 330/445/373 328/446/374 333/450/378
f 339/289/230 334/288/226 337/447/375 342/451/379
f 342/451/379 337/447/375 336/448/376 341/452/380
f 341/452/380 336/448/376 335/449/377 340/453/381
f 340/453/381 335/449/377 333/450/378 338/454/382
f 344/304/242 339/289/230 342/451/379 347/455/383
f 347/455/383 342/451/379 341/452/380 346/456/384
f 346/456/384 341/452/380 340/453/381 345/457/385
f 345/457/385 340/453/381 338/454/382 343/458/386
f 349/6/6 344/304/242 347/455/383 352/459/387
f 352/459/387 347/455/383 346/456/384 351/460/388
f 351/460/388 346/456/384 345/457/385 350/461/389
f 350/461/389 345/457/385 343/458/386 348/462/390
f 194/7/7 349/6/6 352/459/387 197/329/263
f 197/329/263 352/459/387 351/460/388 196/331/265
f 196/331/265 351/460/388 350/461/389 195/333/267
f 195/333/267 350/461/389 348/462/390 193/335/269
f 198/336/270 193/335/269 348/462/390 343/458/386 338/454/382 333/450/378 328/446/374 323/442/370 318/429/363 313/428/362 308/424/358 303/420/354 298/416/350 293/412/346 288/408/342 283/404/338 278/400/334 273/396/330 268/392/326 263/385/319 258/384/318 253/377/311 248/376/310 243/372/306 238/368/302 233/364/298 228/360/294 223/356/290 218/352/286 213/348/282 208/344/278 203/340/274
f 446/463/391 189/318/253 192/18/16 357/464/20
f 449/2/2 450/326/261 356/328/262 354/3/3
f 362/465/392 21/35/31 27/50/43 365/466/393
f 365/466/393 27/50/43 33/55/47 368/467/394
f 368/467/394 33/55/47 39/69/59 371/468/395
f 371/468/395 39/69/59 45/74/63 374/469/396
f 374/469/396 45/74/63 51/86/73 377/470/397
f 377/471/397 51/86/73 57/91/78 380/472/398
f 380/472/398 57/91/78 63/105/89 383/473/399
f 383/474/399 63/105/89 69/110/94 386/475/400
f 386/476/400 69/110/94 75/124/105 389/477/401
f 389/477/401 75/124/105 81/128/109 392/478/402
f 392/478/402 81/128/109 87/144/121 395/479/403
f 395/479/403 87/144/121 93/149/125 398/480/404
f 398/481/404 93/149/125 99/162/135 401/482/405
f 401/482/405 99/162/135 105/177/147 404/483/406
f 404/483/406 105/177/147 111/182/151 407/484/407
f 407/484/407 111/182/151 117/193/161 410/485/408
f 410/486/408 117/193/161 123/201/167 413/487/409
f 413/487/409 123/201/167 129/214/177 416/488/410
f 416/489/410 129/214/177 135/220/182 419/490/411
f 419/490/411 135/220/182 141/234/193 422/491/412
f 422/492/412 141/234/193 147/240/198 425/493/413
f 425/494/413 147/260/198 153/261/209 428/495/414
f 428/495/414 153/261/209 159/266/213 431/496/415
f 431/497/415 159/266/213 165/279/223 434/498/416
f 434/498/416 165/279/223 171/295/235 437/499/417
f 437/499/417 171/295/235 177/300/239 440/500/418
f 440/501/418 177/300/239 183/313/249 443/502/419
f 443/503/419 183/313/249 189/318/253 446/504/391
f 359/505/420 15/21/19 21/35/31 362/465/392
f 354/3/3 356/506/262 358/507/421 355/508/422
f 355/508/422 358/507/421 357/22/20 353/23/21
f 360/4/4 354/3/3 355/508/422 361/509/423
f 361/509/423 355/508/422 353/23/21 359/505/420
f 363/38/33 360/37/4 361/509/423 364/510/424
f 364/510/424 361/509/423 359/505/420 362/465/392
f 366/42/37 363/38/33 364/510/424 367/511/425
f 367/511/425 364/510/424 362/465/392 365/466/393
f 369/58/49 366/57/37 367/511/425 370/512/426
f 370/512/426 367/511/425 365/466/393 368/467/394
f 372/62/53 369/58/49 370/512/426 373/513/427
f 373/513/427 370/512/426 368/467/394 371/468/395
f 375/77/65 372/514/53 373/513/427 376/515/428
f 376/515/428 373/513/427 371/468/395 374/469/396
f 374/469/396 377/470/397 379/516/429 376/515/428
f 376/515/428 379/516/429 378/88/75 375/77/65
f 381/93/80 378/88/75 379/516/429 382/517/430
f 382/517/430 379/516/429 377/471/397 380/472/398
f 384/107/91 381/93/80 382/517/430 385/518/431
f 385/518/431 382/517/430 380/472/398 383/473/399
f 387/112/96 384/107/91 385/518/431 388/519/432
f 388/519/432 385/518/431 383/474/399 386/475/400
f 390/126/107 387/112/96 388/519/432 391/520/433
f 391/520/433 388/519/432 386/476/400 389/477/401
f 393/130/111 390/126/107 391/520/433 394/521/434
f 394/521/434 391/520/433 389/477/401 392/478/402
f 396/522/123 393/146/111 394/521/434 397/523/435
f 397/523/435 394/521/434 392/478/402 395/479/403
f 399/152/127 396/151/123 397/523/435 400/524/436
f 400/524/436 397/523/435 395/479/403 398/480/404
f 402/165/137 399/164/127 400/524/436 403/525/437
f 403/525/437 400/524/436 398/481/404 401/482/405
f 405/170/141 402/165/137 403/525/437 406/526/438
f 406/526/438 403/525/437 401/482/405 404/483/406
f 408/527/153 405/170/141 406/526/438 409/528/439
f 409/528/439 406/526/438 404/483/406 407/484/407
f 407/484/407 410/485/408 412/529/440 409/528/439
f 409/528/439 412/529/440 411/530/163 408/531/153
f 414/204/169 411/532/163 412/529/440 415/533/441
f 415/533/441 412/529/440 410/486/408 413/487/409
f 413/487/409 416/488/410 418/534/442 415/533/441
f 415/533/441 418/534/442 417/217/179 414/216/169
f 420/535/184 417/536/179 418/534/442 421/537/443
f 421/537/443 418/534/442 416/489/410 419/490/411
f 423/237/195 420/538/184 421/537/443 424/539/444
f 424/539/444 421/537/443 419/490/411 422/491/412
f 426/540/200 423/541/195 424/539/444 427/542/445
f 427/542/445 424/539/444 422/492/412 425/493/413
f 429/543/211 426/544/200 427/545/445 430/546/446
f 430/547/446 427/548/445 425/494/413 428/495/414
f 432/549/215 429/543/211 430/550/446 433/551/447
f 433/551/447 430/550/446 428/495/414 431/496/415
f 435/552/225 432/553/215 433/551/447 436/554/448
f 436/554/448 433/551/447 431/497/415 434/498/416
f 438/555/229 435/552/225 436/554/448 439/556/449
f 439/556/449 436/554/448 434/498/416 437/499/417
f 441/557/241 438/558/229 439/556/449 442/559/450
f 442/559/450 439/556/449 437/499/417 440/500/418
f 444/560/245 441/561/241 442/559/450 445/562/451
f 445/562/451 442/559/450 440/501/418 443/502/419
f 447/563/255 444/564/245 445/562/451 448/565/452
f 448/565/452 445/562/451 443/503/419 446/504/391
f 446/463/391 357/464/20 358/507/421 448/565/452
f 448/565/452 358/507/421 356/506/262 447/566/255
f 353/23/21 9/19/17 15/21/19 359/505/420
f 10/567/453 4/568/454 450/326/261 449/569/2
f 16/570/455 10/567/453 449/569/2 451/1/1
f 22/571/456 16/570/455 451/1/1 452/572/32
f 28/324/257 22/571/456 452/572/32 453/573/36
f 34/325/258 28/324/257 453/573/36 454/574/48
f 40/575/457 34/325/258 454/574/48 455/576/52
f 46/577/458 40/575/457 455/576/52 456/578/64
f 52/579/459 46/577/458 456/578/64 457/87/74
f 58/580/460 52/579/459 457/87/74 458/92/79
f 64/581/461 58/580/460 458/92/79 459/106/90
f 70/582/462 64/581/461 459/106/90 460/583/95
f 76/584/463 70/582/462 460/583/95 461/585/106
f 82/586/464 76/584/463 461/585/106 462/129/110
f 88/587/465 82/586/464 462/129/110 463/588/122
f 94/589/466 88/587/465 463/588/122 464/150/126
f 100/590/467 94/589/466 464/150/126 465/163/136
f 106/591/468 100/590/467 465/163/136 466/169/140
f 112/592/469 106/591/468 466/169/140 467/183/152
f 118/593/470 112/592/469 467/183/152 468/194/162
f 124/594/471 118/593/470 468/194/162 469/595/168
f 130/596/472 124/594/471 469/595/168 470/597/178
f 136/598/473 130/596/472 470/597/178 471/599/183
f 142/600/474 136/598/473 471/599/183 472/601/194
f 148/602/475 142/600/474 472/601/194 473/241/199
f 154/603/476 148/602/475 473/241/199 474/262/210
f 160/604/477 154/603/476 474/262/210 475/267/214
f 166/605/478 160/604/477 475/267/214 476/280/224
f 172/606/479 166/605/478 476/280/224 477/286/228
f 178/607/480 172/606/479 477/286/228 478/301/240
f 184/608/481 178/607/480 478/301/240 479/306/244
f 190/609/482 184/608/481 479/306/244 480/610/254
f 4/568/454 190/609/482 480/610/254 450/326/261
f 489/579/483 490/580/484 522/580/485 521/579/486
f 190/609/482 4/568/454 482/568/487 512/609/488
f 112/592/469 118/593/470 500/593/489 499/592/490
f 34/325/258 40/575/457 487/575/491 486/325/259
f 118/593/470 124/594/471 501/594/492 500/593/489
f 40/575/457 46/577/458 488/577/493 487/575/491
f 124/594/471 130/596/472 502/596/494 501/594/492
f 46/577/458 52/579/459 489/579/483 488/577/493
f 130/596/472 136/598/473 503/598/495 502/596/494
f 52/579/459 58/580/460 490/580/484 489/579/483
f 136/598/473 142/600/474 504/600/496 503/598/495
f 58/580/460 64/581/461 491/581/497 490/580/484
f 142/600/474 148/602/475 505/602/498 504/600/496
f 64/581/461 70/582/462 492/582/499 491/581/497
f 148/602/475 154/603/476 506/603/500 505/602/498
f 70/582/462 76/584/463 493/584/501 492/582/499
f 154/603/476 160/604/477 507/604/502 506/603/500
f 76/584/463 82/586/464 494/586/503 493/584/501
f 160/604/477 166/605/478 508/605/504 507/604/502
f 82/586/464 88/587/465 495/587/505 494/586/503
f 4/568/454 10/567/453 481/567/506 482/568/487
f 166/605/478 172/606/479 509/606/507 508/605/504
f 88/587/465 94/589/466 496/589/508 495/587/505
f 10/567/453 16/570/455 483/570/509 481/567/506
f 172/606/479 178/607/480 510/607/510 509/606/507
f 94/589/466 100/590/467 497/590/511 496/589/508
f 16/570/455 22/571/456 484/571/512 483/570/509
f 178/607/480 184/608/481 511/608/513 510/607/510
f 100/590/467 106/591/468 498/591/514 497/590/511
f 22/571/456 28/324/257 485/324/260 484/571/512
f 184/608/481 190/609/482 512/609/488 511/608/513
f 106/591/468 112/592/469 499/592/490 498/591/514
f 524/582/515 525/584/516 557/584/517 556/582/518
f 503/598/495 504/600/496 536/600/519 535/598/520
f 490/580/484 491/581/497 523/581/521 522/580/485
f 504/600/496 505/602/498 537/602/522 536/600/519
f 491/581/497 492/582/499 524/582/515 523/581/521
f 505/602/498 506/603/500 538/603/523 537/602/522
f 492/582/499 493/584/501 525/584/516 524/582/515
f 506/603/500 507/604/502 539/604/524 538/603/523
f 493/584/501 494/586/503 526/586/525 525/584/516
f 507/604/502 508/605/504 540/605/526 539/604/524
f 494/586/503 495/587/505 527/587/527 526/586/525
f 482/568/487 481/567/506 513/567/528 514/568/529
f 508/605/504 509/606/507 541/606/530 540/605/526
f 495/587/505 496/589/508 528/589/531 527/587/527
f 481/567/506 483/570/509 515/570/532 513/567/528
f 509/606/507 510/607/510 542/607/533 541/606/530
f 496/589/508 497/590/511 529/590/534 528/589/531
f 483/570/509 484/571/512 516/571/535 515/570/532
f 510/607/510 511/608/513 543/608/536 542/607/533
f 497/590/511 498/591/514 530/591/537 529/590/534
f 484/571/512 485/324/260 517/324/538 516/571/535
f 511/608/513 512/609/488 544/609/539 543/608/536
f 498/591/514 499/592/490 531/592/540 530/591/537
f 485/324/260 486/325/259 518/325/541 517/324/538
f 512/609/488 482/568/487 514/568/529 544/609/539
f 499/592/490 500/593/489 532/593/542 531/592/540
f 486/325/259 487/575/491 519/575/543 518/325/541
f 500/593/489 501/594/492 533/594/544 532/593/542
f 487/575/491 488/577/493 520/577/545 519/575/543
f 501/594/492 502/596/494 534/596/546 533/594/544
f 488/577/493 489/579/483 521/579/486 520/577/545
f 502/596/494 503/598/495 535/598/520 534/596/546
f 559/587/547 560/589/548 592/589/549 591/587/550
f 538/603/523 539/604/524 571/604/551 570/603/552
f 525/584/516 526/586/525 558/586/553 557/584/517
f 539/604/524 540/605/526 572/605/554 571/604/551
f 526/586/525 527/587/527 559/587/547 558/586/553
f 514/568/555 513/567/556 545/567/557 546/568/555
f 540/605/526 541/606/530 573/606/558 572/605/554
f 527/587/527 528/589/531 560/589/548 559/587/547
f 513/567/556 515/570/532 547/570/559 545/567/557
f 541/606/530 542/607/533 574/607/560 573/606/558
f 528/589/531 529/590/534 561/590/561 560/589/548
f 515/570/532 516/571/535 548/571/562 547/570/559
f 542/607/533 543/608/536 575/608/563 574/607/560
f 529/590/534 530/591/537 562/591/564 561/590/561
f 516/571/535 517/324/538 549/324/565 548/571/562
f 543/608/536 544/609/566 576/609/567 575/608/563
f 530/591/537 531/592/540 563/592/568 562/591/564
f 517/324/538 518/325/541 550/325/569 549/324/565
f 544/609/566 514/568/555 546/568/555 576/609/567
f 531/592/540 532/593/542 564/593/570 563/592/568
f 518/325/541 519/575/543 551/575/571 550/325/569
f 532/593/542 533/594/544 565/594/572 564/593/570
f 519/575/543 520/577/545 552/577/573 551/575/571
f 533/594/544 534/596/546 566/596/574 565/594/572
f 520/577/545 521/579/486 553/579/575 552/577/573
f 534/596/546 535/598/520 567/598/576 566/596/574
f 521/579/486 522/580/485 554/580/577 553/579/575
f 535/598/520 536/600/519 568/600/578 567/598/576
f 522/580/485 523/581/521 555/581/579 554/580/577
f 536/600/519 537/602/522 569/602/580 568/600/578
f 523/581/521 524/582/515 556/582/518 555/581/579
f 537/602/522 538/603/523 570/603/552 569/602/580
f 597/594/581 598/596/582 630/596/583 629/594/584
f 545/567/585 547/570/586 579/570/587 577/567/588
f 573/606/589 574/607/590 606/607/591 605/606/592
f 560/589/548 561/590/561 593/590/593 592/589/549
f 547/570/586 548/571/594 580/571/595 579/570/587
f 574/607/590 575/608/596 607/608/597 606/607/591
f 561/590/561 562/591/564 594/591/598 593/590/593
f 548/571/594 549/324/599 581/324/600 580/571/595
f 575/608/596 576/609/601 608/609/602 607/608/597
f 562/591/564 563/592/568 595/592/603 594/591/598
f 549/324/599 550/325/604 582/325/605 581/324/600
f 576/609/601 546/568/606 578/568/607 608/609/602
f 563/592/568 564/593/570 596/593/608 595/592/603
f 550/325/604 551/575/571 583/575/609 582/325/605
f 564/593/570 565/594/572 597/594/581 596/593/608
f 551/575/571 552/577/573 584/577/610 583/575/609
f 565/594/572 566/596/574 598/596/582 597/594/581
f 552/577/573 553/579/575 585/579/611 584/577/610
f 566/596/574 567/598/576 599/598/612 598/596/582
f 553/579/575 554/580/577 586/580/613 585/579/611
f 567/598/576 568/600/578 600/600/614 599/598/612
f 554/580/577 555/581/579 587/581/615 586/580/613
f 568/600/578 569/602/580 601/602/616 600/600/614
f 555/581/579 556/582/518 588/582/617 587/581/615
f 569/602/580 570/603/552 602/603/618 601/602/616
f 556/582/518 557/584/517 589/584/619 588/582/617
f 570/603/552 571/604/551 603/604/620 602/603/618
f 557/584/517 558/586/553 590/586/621 589/584/619
f 571/604/551 572/605/622 604/605/623 603/604/620
f 558/586/553 559/587/547 591/587/550 590/586/621
f 546/568/606 545/567/585 577/567/588 578/568/607
f 572/605/622 573/606/589 605/606/592 604/605/623
f 609/567/624 611/570/624 612/571/624 613/324/624 614/325/624 615/575/624 616/577/624 617/579/624 618/580/624 619/581/624 620/582/624 621/584/624 622/586/624 623/587/624 624/589/624 625/590/624 626/591/624 627/592/624 628/593/624 629/594/624 630/596/624 631/598/624 632/600/624 633/602/624 634/603/624 635/604/624 636/605/624 637/606/624 638/607/624 639/608/624 640/609/624 610/568/624
f 584/577/610 585/579/611 617/579/625 616/577/626
f 598/596/582 599/598/612 631/598/627 630/596/583
f 585/579/611 586/580/613 618/580/628 617/579/625
f 599/598/612 600/600/614 632/600/629 631/598/627
f 586/580/613 587/581/615 619/581/630 618/580/628
f 600/600/614 601/602/616 633/602/631 632/600/629
f 587/581/615 588/582/617 620/582/632 619/581/630
f 601/602/616 602/603/618 634/603/633 633/602/631
f 588/582/617 589/584/619 621/584/634 620/582/632
f 602/603/618 603/604/620 635/604/635 634/603/633
f 589/584/619 590/586/621 622/586/636 621/584/634
f 603/604/620 604/605/623 636/605/637 635/604/635
f 590/586/621 591/587/638 623/587/639 622/586/636
f 578/568/607 577/567/588 609/567/640 610/568/641
f 604/605/623 605/606/592 637/606/642 636/605/637
f 591/587/638 592/589/643 624/589/643 623/587/639
f 577/567/588 579/570/587 611/570/644 609/567/640
f 605/606/592 606/607/591 638/607/645 637/606/642
f 592/589/643 593/590/646 625/590/646 624/589/643
f 579/570/587 580/571/595 612/571/647 611/570/644
f 606/607/591 607/608/597 639/608/648 638/607/645
f 593/590/646 594/591/649 626/591/649 625/590/646
f 580/571/595 581/324/600 613/324/650 612/571/647
f 607/608/597 608/609/602 640/609/651 639/608/648
f 594/591/649 595/592/652 627/592/653 626/591/649
f 581/324/600 582/325/605 614/325/654 613/324/650
f 608/609/602 578/568/607 610/568/641 640/609/651
f 595/592/652 596/593/608 628/593/655 627/592/653
f 582/325/605 583/575/609 615/575/656 614/325/654
f 596/593/608 597/594/581 629/594/584 628/593/655
f 583/575/609 584/577/610 616/577/626 615/575/656
usemtl Material.006
f 644/15/12 643/611/14 652/612/252 653/16/251
f 957/613/657 696/614/658 646/615/659
f 645/14/9 644/15/12 653/16/251 654/17/250
f 958/616/660 957/613/657 646/615/659 647/617/661
f 961/18/8 645/14/9 654/17/250 655/19/5
f 641/618/662 958/616/660 647/617/661 648/619/663
f 1087/620/664 956/318/10 961/18/8 963/621/665
f 959/622/666 641/618/662 648/619/663 649/623/667
f 642/624/668 959/622/666 649/623/667 650/625/669
f 960/626/16 642/624/668 650/625/669 651/627/253
f 643/611/14 960/626/16 651/627/253 652/612/252
f 652/612/252 651/627/253 661/628/249 662/629/248
f 653/16/251 652/612/252 662/629/248 663/30/247
f 646/615/659 696/630/658 656/631/670
f 654/17/250 653/16/251 663/30/247 664/20/246
f 647/617/661 646/615/659 656/631/670 657/632/671
f 655/19/5 654/17/250 664/20/246 665/21/243
f 648/619/663 647/617/661 657/632/671 658/633/672
f 971/634/673 665/21/243 675/35/231 975/635/674
f 649/623/667 648/619/663 658/633/672 659/636/675
f 650/625/669 649/623/667 659/636/675 660/637/676
f 651/627/253 650/625/669 660/637/676 661/628/249
f 975/635/674 675/35/231 685/50/227 979/638/677
f 659/636/675 658/633/672 668/639/678 669/640/679
f 660/637/676 659/636/675 669/640/679 670/641/680
f 661/628/249 660/637/676 670/641/680 671/642/239
f 662/629/248 661/628/249 671/642/239 672/643/238
f 663/30/247 662/629/248 672/643/238 673/33/237
f 656/631/670 696/644/658 666/645/681
f 664/20/246 663/30/247 673/33/237 674/34/236
f 657/632/671 656/631/670 666/645/681 667/646/682
f 665/21/243 664/20/246 674/34/236 675/35/231
f 658/633/672 657/632/671 667/646/682 668/639/678
f 673/33/237 672/643/238 682/647/234 683/48/233
f 666/645/681 696/648/658 676/649/683
f 674/34/236 673/33/237 683/48/233 684/49/232
f 667/646/682 666/645/681 676/649/683 677/650/684
f 675/35/231 674/34/236 684/49/232 685/50/227
f 668/639/678 667/646/682 677/650/684 678/651/685
f 979/638/677 685/50/227 695/55/217 983/652/686
f 669/640/679 668/639/678 678/651/685 679/653/687
f 670/641/680 669/640/679 679/653/687 680/654/688
f 671/642/239 670/641/680 680/654/688 681/655/235
f 672/643/238 671/642/239 681/655/235 682/647/234
f 679/653/687 678/651/685 688/656/689 689/657/690
f 680/654/688 679/653/687 689/657/690 690/658/691
f 681/655/235 680/654/688 690/658/691 691/659/223
f 682/647/234 681/655/235 691/659/223 692/660/222
f 683/48/233 682/647/234 692/660/222 693/53/221
f 676/649/683 696/661/658 686/662/692
f 684/49/232 683/48/233 693/53/221 694/54/220
f 677/650/684 676/649/683 686/662/692 687/663/693
f 685/50/227 684/49/232 694/54/220 695/55/217
f 678/651/685 677/650/684 687/663/693 688/656/689
f 983/652/686 695/55/217 706/69/205 987/664/694
f 693/53/221 692/660/222 703/665/212 704/67/219
f 686/662/692 696/666/658 697/667/695
f 694/54/220 693/53/221 704/67/219 705/68/218
f 687/663/693 686/662/692 697/667/695 698/668/696
f 695/55/217 694/54/220 705/68/218 706/69/205
f 688/656/689 687/663/693 698/668/696 699/669/697
f 987/664/694 706/69/205 716/74/202 991/670/698
f 689/657/690 688/656/689 699/669/697 700/671/699
f 690/658/691 689/657/690 700/671/699 701/672/700
f 691/659/223 690/658/691 701/672/700 702/673/213
f 692/660/222 691/659/223 702/673/213 703/665/212
f 701/672/700 700/671/699 710/674/701 711/675/702
f 702/673/213 701/672/700 711/675/702 712/676/209
f 703/665/212 702/673/213 712/676/209 713/677/208
f 704/67/219 703/665/212 713/677/208 714/72/207
f 697/667/695 696/678/658 707/679/703
f 705/68/218 704/67/219 714/72/207 715/73/206
f 698/668/696 697/667/695 707/679/703 708/680/704
f 706/69/205 705/68/218 715/73/206 716/74/202
f 699/669/697 698/668/696 708/680/704 709/681/705
f 991/670/698 716/74/202 726/86/189 995/682/706
f 700/671/699 699/669/697 709/681/705 710/674/701
f 707/679/703 696/683/658 717/684/707
f 715/73/206 714/72/207 724/84/196 725/85/203
f 708/680/704 707/679/703 717/684/707 718/685/708
f 716/74/202 715/73/206 725/85/203 726/86/189
f 709/681/705 708/680/704 718/685/708 719/686/709
f 995/687/706 726/86/189 736/91/186 999/688/710
f 710/674/701 709/681/705 719/686/709 720/689/711
f 711/675/702 710/674/701 720/689/711 721/690/712
f 712/676/209 711/675/702 721/690/712 722/691/198
f 713/677/208 712/676/209 722/691/198 723/692/197
f 714/72/207 713/677/208 723/692/197 724/84/196
f 721/690/712 720/689/711 730/693/713 731/694/714
f 722/691/198 721/690/712 731/694/714 732/695/193
f 723/692/197 722/691/198 732/695/193 733/696/192
f 724/84/196 723/692/197 733/696/192 734/89/191
f 717/684/707 696/697/658 727/698/715
f 725/85/203 724/84/196 734/89/191 735/90/190
f 718/685/708 717/684/707 727/698/715 728/699/716
f 726/86/189 725/85/203 735/90/190 736/91/186
f 719/686/709 718/685/708 728/699/716 729/700/717
f 999/701/710 736/91/186 746/105/173 1003/702/718
f 720/689/711 719/686/709 729/700/717 730/693/713
f 735/90/190 734/89/191 744/103/180 745/104/187
f 728/699/716 727/698/715 737/703/719 738/704/720
f 736/91/186 735/90/190 745/104/187 746/105/173
f 729/700/717 728/699/716 738/704/720 739/705/721
f 1003/702/718 746/105/173 756/110/171 1007/706/722
f 730/693/713 729/700/717 739/705/721 740/707/723
f 731/694/714 730/693/713 740/707/723 741/708/724
f 732/695/193 731/694/714 741/708/724 742/709/182
f 733/696/192 732/695/193 742/709/182 743/710/181
f 734/89/191 733/696/192 743/710/181 744/103/180
f 727/698/715 696/711/658 737/703/719
f 742/709/182 741/708/724 751/712/725 752/713/177
f 743/710/181 742/709/182 752/713/177 753/714/176
f 744/103/180 743/710/181 753/714/176 754/108/175
f 737/703/719 696/715/658 747/716/726
f 745/104/187 744/103/180 754/108/175 755/109/174
f 738/704/720 737/703/719 747/716/726 748/717/727
f 746/105/173 745/104/187 755/109/174 756/110/171
f 739/705/721 738/704/720 748/717/727 749/718/728
f 1007/706/722 756/110/171 766/124/157 1011/719/729
f 740/707/723 739/705/721 749/718/728 750/720/730
f 741/708/724 740/707/723 750/720/730 751/712/725
f 756/110/171 755/109/174 765/123/164 766/124/157
f 749/718/728 748/717/727 758/721/731 759/722/732
f 1011/719/729 766/124/157 776/128/155 1015/723/733
f 750/720/730 749/718/728 759/722/732 760/724/734
f 751/712/725 750/720/730 760/724/734 761/725/735
f 752/713/177 751/712/725 761/725/735 762/726/167
f 753/714/176 752/713/177 762/726/167 763/727/166
f 754/108/175 753/714/176 763/727/166 764/122/165
f 747/716/726 696/728/658 757/729/736
f 755/109/174 754/108/175 764/122/165 765/123/164
f 748/717/727 747/716/726 757/729/736 758/721/731
f 763/727/166 762/726/167 772/730/161 773/731/160
f 764/122/165 763/727/166 773/731/160 774/136/159
f 757/729/736 696/732/658 767/733/737
f 765/123/164 764/122/165 774/136/159 775/127/158
f 758/721/731 757/729/736 767/733/737 768/734/738
f 766/124/157 765/123/164 775/127/158 776/128/155
f 759/722/732 758/721/731 768/734/738 769/735/739
f 1015/723/733 776/128/155 786/144/143 1019/736/740
f 760/724/734 759/722/732 769/735/739 770/737/741
f 761/725/735 760/724/734 770/737/741 771/738/742
f 762/726/167 761/725/735 771/738/742 772/730/161
f 769/735/739 768/734/738 778/739/743 779/740/744
f 1019/736/740 786/144/143 796/149/139 1023/741/745
f 770/737/741 769/735/739 779/740/744 780/742/746
f 771/738/742 770/737/741 780/742/746 781/743/747
f 772/730/161 771/738/742 781/743/747 782/744/151
f 773/731/160 772/730/161 782/744/151 783/745/150
f 774/136/159 773/731/160 783/745/150 784/142/149
f 767/733/737 696/746/658 777/747/748
f 775/127/158 774/136/159 784/142/149 785/143/148
f 768/734/738 767/733/737 777/747/748 778/739/743
f 776/128/155 775/127/158 785/143/148 786/144/143
f 783/745/150 782/744/151 792/748/147 793/749/146
f 784/142/149 783/745/150 793/749/146 794/157/145
f 777/747/748 696/750/658 787/751/749
f 785/143/148 784/142/149 794/157/145 795/148/144
f 778/739/743 777/747/748 787/751/749 788/752/750
f 786/144/143 785/143/148 795/148/144 796/149/139
f 779/740/744 778/739/743 788/752/750 789/753/751
f 1023/741/745 796/149/139 806/162/129 1027/754/752
f 780/742/746 779/740/744 789/753/751 790/755/753
f 781/743/747 780/742/746 790/755/753 791/756/754
f 782/744/151 781/743/747 791/756/754 792/748/147
f 1027/754/752 806/162/129 816/177/117 1031/757/755
f 790/755/753 789/753/751 799/758/756 800/759/757
f 791/756/754 790/755/753 800/759/757 801/760/758
f 792/748/147 791/756/754 801/760/758 802/761/135
f 793/749/146 792/748/147 802/761/135 803/762/134
f 794/157/145 793/749/146 803/762/134 804/160/133
f 787/751/749 696/763/658 797/764/759
f 795/148/144 794/157/145 804/160/133 805/161/132
f 788/752/750 787/751/749 797/764/759 798/765/760
f 796/149/139 795/148/144 805/161/132 806/162/129
f 789/753/751 788/752/750 798/765/760 799/758/756
f 804/160/133 803/762/134 813/766/124 814/175/131
f 797/764/759 696/767/658 807/768/761
f 805/161/132 804/160/133 814/175/131 815/176/130
f 798/765/760 797/764/759 807/768/761 808/769/762
f 806/162/129 805/161/132 815/176/130 816/177/117
f 799/758/756 798/765/760 808/769/762 809/770/763
f 1031/757/755 816/177/117 826/182/113 1035/771/764
f 800/759/757 799/758/756 809/770/763 810/772/765
f 801/760/758 800/759/757 810/772/765 811/773/766
f 802/761/135 801/760/758 811/773/766 812/774/125
f 803/762/134 802/761/135 812/774/125 813/766/124
f 810/772/765 809/770/763 819/775/767 820/776/768
f 811/773/766 810/772/765 820/776/768 821/777/769
f 812/774/125 811/773/766 821/777/769 822/778/121
f 813/766/124 812/774/125 822/778/121 823/779/120
f 814/175/131 813/766/124 823/779/120 824/180/119
f 807/768/761 696/780/658 817/781/770
f 815/176/130 814/175/131 824/180/119 825/181/118
f 808/769/762 807/768/761 817/781/770 818/782/771
f 816/177/117 815/176/130 825/181/118 826/182/113
f 809/770/763 808/769/762 818/782/771 819/775/767
f 1035/783/764 826/182/113 836/193/101 1039/784/772
f 824/180/119 823/779/120 833/785/108 834/191/115
f 817/781/770 696/786/658 827/787/773
f 825/181/118 824/180/119 834/191/115 835/192/114
f 818/782/771 817/781/770 827/787/773 828/788/774
f 826/182/113 825/181/118 835/192/114 836/193/101
f 819/775/767 818/782/771 828/788/774 829/789/775
f 1039/784/772 836/193/101 846/201/98 1043/790/776
f 820/776/768 819/775/767 829/789/775 830/791/777
f 821/777/769 820/776/768 830/791/777 831/792/778
f 822/778/121 821/777/769 831/792/778 832/793/109
f 823/779/120 822/778/121 832/793/109 833/785/108
f 831/792/778 830/791/777 840/794/779 841/795/780
f 832/793/109 831/792/778 841/795/780 842/796/105
f 833/785/108 832/793/109 842/796/105 843/797/104
f 834/191/115 833/785/108 843/797/104 844/199/103
f 827/787/773 696/798/658 837/799/781
f 835/192/114 834/191/115 844/199/103 845/200/102
f 828/788/774 827/787/773 837/799/781 838/800/782
f 836/193/101 835/192/114 845/200/102 846/201/98
f 829/789/775 828/788/774 838/800/782 839/801/783
f 1043/790/776 846/201/98 856/214/85 1047/802/784
f 830/791/777 829/789/775 839/801/783 840/794/779
f 845/200/102 844/199/103 854/212/92 855/213/99
f 838/800/782 837/799/781 847/803/785 848/804/786
f 846/201/98 845/200/102 855/213/99 856/214/85
f 839/801/783 838/800/782 848/804/786 849/805/787
f 1047/806/784 856/214/85 866/220/82 1051/807/788
f 840/794/779 839/801/783 849/805/787 850/808/789
f 841/795/780 840/794/779 850/808/789 851/809/790
f 842/796/105 841/795/780 851/809/790 852/810/94
f 843/797/104 842/796/105 852/810/94 853/811/93
f 844/199/103 843/797/104 853/811/93 854/212/92
f 837/799/781 696/812/658 847/803/785
f 852/810/94 851/809/790 861/813/791 862/814/89
f 853/811/93 852/810/94 862/814/89 863/815/88
f 854/212/92 853/811/93 863/815/88 864/218/87
f 847/803/785 696/816/658 857/817/792
f 855/213/99 854/212/92 864/218/87 865/219/86
f 848/804/786 847/803/785 857/817/792 858/818/793
f 856/214/85 855/213/99 865/219/86 866/220/82
f 849/805/787 848/804/786 858/818/793 859/819/794
f 1051/807/788 866/220/82 876/234/69 1055/820/795
f 850/808/789 849/805/787 859/819/794 860/821/796
f 851/809/790 850/808/789 860/821/796 861/813/791
f 858/818/793 857/817/792 867/822/797 868/823/798
f 866/220/82 865/219/86 875/233/83 876/234/69
f 859/819/794 858/818/793 868/823/798 869/824/799
f 1055/825/795 876/234/69 886/240/67 1059/826/800
f 860/821/796 859/819/794 869/824/799 870/827/801
f 861/813/791 860/821/796 870/827/801 871/828/802
f 862/814/89 861/813/791 871/828/802 872/829/78
f 863/815/88 862/814/89 872/829/78 873/830/77
f 864/218/87 863/815/88 873/830/77 874/232/76
f 857/817/792 696/831/658 867/822/797
f 865/219/86 864/218/87 874/232/76 875/233/83
f 872/829/78 871/828/802 881/832/803 882/833/73
f 873/830/77 872/829/78 882/833/73 883/834/72
f 874/232/76 873/830/77 883/834/72 884/238/71
f 867/822/797 696/835/658 877/836/804
f 875/233/83 874/232/76 884/238/71 885/239/70
f 868/823/798 867/822/797 877/836/804 878/837/805
f 876/234/69 875/233/83 885/239/70 886/240/67
f 869/824/799 868/823/798 878/837/805 879/838/806
f 1059/839/800 886/260/67 896/261/55 1063/840/807
f 870/827/801 869/824/799 879/838/806 880/841/808
f 871/828/802 870/827/801 880/841/808 881/832/803
f 886/260/67 885/256/70 895/259/60 896/261/55
f 879/842/806 878/843/805 888/844/809 889/845/810
f 1063/840/807 896/261/55 906/266/51 1067/846/811
f 880/847/808 879/842/806 889/845/810 890/848/812
f 881/849/803 880/847/808 890/848/812 891/850/813
f 882/851/73 881/849/803 891/850/813 892/852/63
f 883/853/72 882/851/73 892/852/63 893/854/62
f 884/257/71 883/853/72 893/854/62 894/258/61
f 877/855/804 696/856/658 887/857/814
f 885/256/70 884/257/71 894/258/61 895/259/60
f 878/843/805 877/855/804 887/857/814 888/844/809
f 893/854/62 892/852/63 902/858/59 903/859/58
f 894/258/61 893/854/62 903/859/58 904/274/57
f 887/857/814 696/860/658 897/861/815
f 895/259/60 894/258/61 904/274/57 905/265/56
f 888/844/809 887/857/814 897/861/815 898/862/816
f 896/261/55 895/259/60 905/265/56 906/266/51
f 889/845/810 888/844/809 898/862/816 899/863/817
f 1067/846/811 906/266/51 916/279/39 1071/864/818
f 890/848/812 889/845/810 899/863/817 900/865/819
f 891/850/813 890/848/812 900/865/819 901/866/820
f 892/852/63 891/850/813 901/866/820 902/858/59
f 899/863/817 898/862/816 908/867/821 909/868/822
f 1071/864/818 916/279/39 926/295/35 1075/869/823
f 900/865/819 899/863/817 909/868/822 910/870/824
f 901/866/820 900/865/819 910/870/824 911/871/825
f 902/858/59 901/866/820 911/871/825 912/872/47
f 903/859/58 902/858/59 912/872/47 913/873/46
f 904/274/57 903/859/58 913/873/46 914/277/45
f 897/861/815 696/874/658 907/875/826
f 905/265/56 904/274/57 914/277/45 915/278/44
f 898/862/816 897/861/815 907/875/826 908/867/821
f 906/266/51 905/265/56 915/278/44 916/279/39
f 913/873/46 912/872/47 922/876/43 923/877/42
f 914/277/45 913/873/46 923/877/42 924/293/41
f 907/875/826 696/878/658 917/879/827
f 915/278/44 914/277/45 924/293/41 925/294/40
f 908/867/821 907/875/826 917/879/827 918/880/828
f 916/279/39 915/278/44 925/294/40 926/295/35
f 909/868/822 908/867/821 918/880/828 919/881/829
f 1075/869/823 926/295/35 936/300/25 1079/882/830
f 910/870/824 909/868/822 919/881/829 920/883/831
f 911/871/825 910/870/824 920/883/831 921/884/832
f 912/872/47 911/871/825 921/884/832 922/876/43
f 1079/885/830 936/300/25 946/313/22 1083/886/833
f 920/883/831 919/881/829 929/887/834 930/888/835
f 921/884/832 920/883/831 930/888/835 931/889/836
f 922/876/43 921/884/832 931/889/836 932/890/31
f 923/877/42 922/876/43 932/890/31 933/891/30
f 924/293/41 923/877/42 933/891/30 934/298/29
f 917/879/827 696/892/658 927/893/837
f 925/294/40 924/293/41 934/298/29 935/299/28
f 918/880/828 917/879/827 927/893/837 928/894/838
f 926/295/35 925/294/40 935/299/28 936/300/25
f 919/881/829 918/880/828 928/894/838 929/887/834
f 934/298/29 933/891/30 943/895/18 944/311/27
f 927/893/837 696/896/658 937/897/839
f 935/299/28 934/298/29 944/311/27 945/312/26
f 928/894/838 927/893/837 937/897/839 938/898/840
f 936/300/25 935/299/28 945/312/26 946/313/22
f 929/887/834 928/894/838 938/898/840 939/899/841
f 1083/886/833 946/313/22 956/318/10 1087/900/664
f 930/888/835 929/887/834 939/899/841 940/901/842
f 931/889/836 930/888/835 940/901/842 941/902/843
f 932/890/31 931/889/836 941/902/843 942/903/19
f 933/891/30 932/890/31 942/903/19 943/895/18
f 941/902/843 940/901/842 950/904/844 951/905/845
f 942/903/19 941/902/843 951/905/845 952/906/17
f 943/895/18 942/903/19 952/906/17 953/907/15
f 944/311/27 943/895/18 953/907/15 954/316/13
f 937/897/839 696/908/658 947/909/846
f 945/312/26 944/311/27 954/316/13 955/317/11
f 938/898/840 937/897/839 947/909/846 948/910/847
f 946/313/22 945/312/26 955/317/11 956/318/10
f 939/899/841 938/898/840 948/910/847 949/911/848
f 940/901/842 939/899/841 949/911/848 950/904/844
f 947/909/846 696/912/658 957/613/657
f 955/317/11 954/316/13 644/15/12 645/14/9
f 948/910/847 947/909/846 957/613/657 958/616/660
f 956/318/10 955/317/11 645/14/9 961/18/8
f 949/911/848 948/910/847 958/616/660 641/618/662
f 967/913/849 655/19/5 665/21/243 971/914/673
f 950/904/844 949/911/848 641/618/662 959/622/666
f 951/905/845 950/904/844 959/622/666 642/624/668
f 952/906/17 951/905/845 642/624/668 960/626/16
f 953/907/15 952/906/17 960/626/16 643/611/14
f 963/621/665 961/18/8 655/19/5 967/913/849
f 954/316/13 953/907/15 643/611/14 644/15/12
f 966/915/850 962/916/851 964/917/852 968/918/853
f 968/918/853 964/917/852 965/919/854 969/920/855
f 969/920/855 965/919/854 963/621/665 967/913/849
f 970/921/856 966/915/850 968/918/853 972/922/857
f 972/922/857 968/918/853 969/920/855 973/923/858
f 973/923/858 969/920/855 967/913/849 971/914/673
f 974/924/859 970/921/856 972/922/857 976/925/860
f 976/925/860 972/922/857 973/923/858 977/926/861
f 977/926/861 973/923/858 971/634/673 975/635/674
f 978/927/862 974/924/859 976/925/860 980/928/863
f 980/928/863 976/925/860 977/926/861 981/929/864
f 981/929/864 977/926/861 975/635/674 979/638/677
f 979/638/677 983/652/686 985/930/865 981/929/864
f 981/929/864 985/930/865 984/931/866 980/928/863
f 980/928/863 984/931/866 982/932/867 978/927/862
f 986/933/868 982/932/867 984/931/866 988/934/869
f 988/934/869 984/931/866 985/930/865 989/935/870
f 989/935/870 985/930/865 983/652/686 987/664/694
f 987/664/694 991/670/698 993/936/871 989/935/870
f 989/935/870 993/936/871 992/937/872 988/934/869
f 988/934/869 992/937/872 990/938/873 986/933/868
f 994/939/874 990/938/873 992/937/872 996/940/875
f 996/940/875 992/937/872 993/936/871 997/941/876
f 997/941/876 993/936/871 991/670/698 995/682/706
f 998/942/877 994/939/874 996/940/875 1000/943/878
f 1000/943/878 996/940/875 997/941/876 1001/944/879
f 1001/944/879 997/941/876 995/687/706 999/688/710
f 1002/945/880 998/942/877 1000/943/878 1004/946/881
f 1004/946/881 1000/943/878 1001/944/879 1005/947/882
f 1005/947/882 1001/944/879 999/701/710 1003/702/718
f 1006/948/883 1002/945/880 1004/946/881 1008/949/884
f 1008/949/884 1004/946/881 1005/947/882 1009/950/885
f 1009/950/885 1005/947/882 1003/702/718 1007/706/722
f 1010/951/886 1006/948/883 1008/949/884 1012/952/887
f 1012/952/887 1008/949/884 1009/950/885 1013/953/888
f 1013/953/888 1009/950/885 1007/706/722 1011/719/729
f 1014/954/889 1010/951/886 1012/952/887 1016/955/890
f 1016/955/890 1012/952/887 1013/953/888 1017/956/891
f 1017/956/891 1013/953/888 1011/719/729 1015/723/733
f 1018/957/892 1014/954/889 1016/955/890 1020/958/893
f 1020/958/893 1016/955/890 1017/956/891 1021/959/894
f 1021/959/894 1017/956/891 1015/723/733 1019/736/740
f 1022/960/895 1018/957/892 1020/958/893 1024/961/896
f 1024/961/896 1020/958/893 1021/959/894 1025/962/897
f 1025/962/897 1021/959/894 1019/736/740 1023/741/745
f 1026/963/898 1022/960/895 1024/961/896 1028/964/899
f 1028/964/899 1024/961/896 1025/962/897 1029/965/900
f 1029/965/900 1025/962/897 1023/741/745 1027/754/752
f 1030/966/901 1026/963/898 1028/964/899 1032/967/902
f 1032/967/902 1028/964/899 1029/965/900 1033/968/903
f 1033/968/903 1029/965/900 1027/754/752 1031/757/755
f 1031/757/755 1035/771/764 1037/969/904 1033/968/903
f 1033/968/903 1037/969/904 1036/970/905 1032/967/902
f 1032/967/902 1036/970/905 1034/971/906 1030/966/901
f 1038/972/907 1034/971/906 1036/970/905 1040/973/908
f 1040/973/908 1036/970/905 1037/969/904 1041/974/909
f 1041/974/909 1037/969/904 1035/783/764 1039/784/772
f 1039/784/772 1043/790/776 1045/975/910 1041/974/909
f 1041/974/909 1045/975/910 1044/976/911 1040/973/908
f 1040/973/908 1044/976/911 1042/977/912 1038/972/907
f 1046/978/913 1042/977/912 1044/976/911 1048/979/914
f 1048/979/914 1044/976/911 1045/975/910 1049/980/915
f 1049/980/915 1045/975/910 1043/790/776 1047/802/784
f 1050/981/916 1046/978/913 1048/979/914 1052/982/917
f 1052/982/917 1048/979/914 1049/980/915 1053/983/918
f 1053/983/918 1049/980/915 1047/806/784 1051/807/788
f 1054/984/919 1050/981/916 1052/982/917 1056/985/920
f 1056/985/920 1052/982/917 1053/983/918 1057/986/921
f 1057/986/921 1053/983/918 1051/807/788 1055/820/795
f 1058/987/922 1054/984/919 1056/985/920 1060/988/923
f 1060/988/923 1056/985/920 1057/986/921 1061/989/924
f 1061/989/924 1057/986/921 1055/825/795 1059/826/800
f 1062/990/925 1058/987/922 1060/988/923 1064/991/926
f 1064/991/926 1060/988/923 1061/992/924 1065/993/927
f 1065/993/927 1061/994/924 1059/839/800 1063/840/807
f 1066/995/928 1062/990/925 1064/991/926 1068/996/929
f 1068/996/929 1064/991/926 1065/997/927 1069/998/930
f 1069/998/930 1065/997/927 1063/840/807 1067/846/811
f 1070/999/931 1066/995/928 1068/996/929 1072/1000/932
f 1072/1000/932 1068/996/929 1069/998/930 1073/1001/933
f 1073/1001/933 1069/998/930 1067/846/811 1071/864/818
f 1074/1002/934 1070/999/931 1072/1000/932 1076/1003/935
f 1076/1003/935 1072/1000/932 1073/1001/933 1077/1004/936
f 1077/1004/936 1073/1001/933 1071/864/818 1075/869/823
f 1078/1005/937 1074/1002/934 1076/1003/935 1080/1006/938
f 1080/1006/938 1076/1003/935 1077/1004/936 1081/1007/939
f 1081/1007/939 1077/1004/936 1075/869/823 1079/882/830
f 1082/1008/940 1078/1005/937 1080/1006/938 1084/1009/941
f 1084/1009/941 1080/1006/938 1081/1007/939 1085/1010/942
f 1085/1010/942 1081/1007/939 1079/885/830 1083/886/833
f 1083/886/833 1087/900/664 1089/1011/943 1085/1010/942
f 1085/1010/942 1089/1011/943 1088/1012/944 1084/1009/941
f 1084/1009/941 1088/1012/944 1086/1013/945 1082/1008/940
f 962/916/851 1086/1013/945 1088/1012/944 964/917/852
f 964/917/852 1088/1012/944 1089/1011/943 965/919/854
f 965/919/854 1089/1011/943 1087/620/664 963/621/665
f 966/915/850 970/921/856 974/924/859 978/927/862 982/932/867 986/933/868 990/938/873 994/939/874 998/942/877 1002/945/880 1006/948/883 1010/951/886 1014/954/889 1018/957/892 1022/960/895 1026/963/898 1030/966/901 1034/971/906 1038/972/907 1042/977/912 1046/978/913 1050/981/916 1054/984/919 1058/987/922 1062/990/925 1066/995/928 1070/999/931 1074/1002/934 1078/1005/937 1082/1008/940 1086/1013/945 962/916/851
usemtl Material.005
f 1093/15/12 1092/611/14 1101/612/252 1102/16/251
f 1406/613/657 1145/614/658 1095/615/659
f 1094/14/9 1093/15/12 1102/16/251 1103/17/250
f 1407/616/660 1406/613/657 1095/615/659 1096/617/661
f 1410/18/8 1094/14/9 1103/17/250 1104/19/5
f 1090/618/662 1407/616/660 1096/617/661 1097/619/663
f 1536/620/664 1405/318/10 1410/18/8 1412/621/665
f 1408/622/666 1090/618/662 1097/619/663 1098/623/667
f 1091/624/668 1408/622/666 1098/623/667 1099/625/669
f 1409/626/16 1091/624/668 1099/625/669 1100/627/253
f 1092/611/14 1409/626/16 1100/627/253 1101/612/252
f 1101/612/252 1100/627/253 1110/628/249 1111/629/248
f 1102/16/251 1101/612/252 1111/629/248 1112/30/247
f 1095/615/659 1145/630/658 1105/631/670
f 1103/17/250 1102/16/251 1112/30/247 1113/20/246
f 1096/617/661 1095/615/659 1105/631/670 1106/632/671
f 1104/19/5 1103/17/250 1113/20/246 1114/21/243
f 1097/619/663 1096/617/661 1106/632/671 1107/633/672
f 1420/634/673 1114/21/243 1124/35/231 1424/635/674
f 1098/623/667 1097/619/663 1107/633/672 1108/636/675
f 1099/625/669 1098/623/667 1108/636/675 1109/637/676
f 1100/627/253 1099/625/669 1109/637/676 1110/628/249
f 1424/635/674 1124/35/231 1134/50/227 1428/638/677
f 1108/636/675 1107/633/672 1117/639/678 1118/640/679
f 1109/637/676 1108/636/675 1118/640/679 1119/641/680
f 1110/628/249 1109/637/676 1119/641/680 1120/642/239
f 1111/629/248 1110/628/249 1120/642/239 1121/643/238
f 1112/30/247 1111/629/248 1121/643/238 1122/33/237
f 1105/631/670 1145/644/658 1115/645/681
f 1113/20/246 1112/30/247 1122/33/237 1123/34/236
f 1106/632/671 1105/631/670 1115/645/681 1116/646/682
f 1114/21/243 1113/20/246 1123/34/236 1124/35/231
f 1107/633/672 1106/632/671 1116/646/682 1117/639/678
f 1122/33/237 1121/643/238 1131/647/234 1132/48/233
f 1115/645/681 1145/648/658 1125/649/683
f 1123/34/236 1122/33/237 1132/48/233 1133/49/232
f 1116/646/682 1115/645/681 1125/649/683 1126/650/684
f 1124/35/231 1123/34/236 1133/49/232 1134/50/227
f 1117/639/678 1116/646/682 1126/650/684 1127/651/685
f 1428/638/677 1134/50/227 1144/55/217 1432/652/686
f 1118/640/679 1117/639/678 1127/651/685 1128/653/687
f 1119/641/680 1118/640/679 1128/653/687 1129/654/688
f 1120/642/239 1119/641/680 1129/654/688 1130/655/235
f 1121/643/238 1120/642/239 1130/655/235 1131/647/234
f 1128/653/687 1127/651/685 1137/656/689 1138/657/690
f 1129/654/688 1128/653/687 1138/657/690 1139/658/691
f 1130/655/235 1129/654/688 1139/658/691 1140/659/223
f 1131/647/234 1130/655/235 1140/659/223 1141/660/222
f 1132/48/233 1131/647/234 1141/660/222 1142/53/221
f 1125/649/683 1145/661/658 1135/662/692
f 1133/49/232 1132/48/233 1142/53/221 1143/54/220
f 1126/650/684 1125/649/683 1135/662/692 1136/663/693
f 1134/50/227 1133/49/232 1143/54/220 1144/55/217
f 1127/651/685 1126/650/684 1136/663/693 1137/656/689
f 1432/652/686 1144/55/217 1155/69/205 1436/664/694
f 1142/53/221 1141/660/222 1152/665/212 1153/67/219
f 1135/662/692 1145/666/658 1146/667/695
f 1143/54/220 1142/53/221 1153/67/219 1154/68/218
f 1136/663/693 1135/662/692 1146/667/695 1147/668/696
f 1144/55/217 1143/54/220 1154/68/218 1155/69/205
f 1137/656/689 1136/663/693 1147/668/696 1148/669/697
f 1436/664/694 1155/69/205 1165/74/202 1440/670/698
f 1138/657/690 1137/656/689 1148/669/697 1149/671/699
f 1139/658/691 1138/657/690 1149/671/699 1150/672/700
f 1140/659/223 1139/658/691 1150/672/700 1151/673/213
f 1141/660/222 1140/659/223 1151/673/213 1152/665/212
f 1150/672/700 1149/671/699 1159/674/701 1160/675/702
f 1151/673/213 1150/672/700 1160/675/702 1161/676/209
f 1152/665/212 1151/673/213 1161/676/209 1162/677/208
f 1153/67/219 1152/665/212 1162/677/208 1163/72/207
f 1146/667/695 1145/678/658 1156/679/703
f 1154/68/218 1153/67/219 1163/72/207 1164/73/206
f 1147/668/696 1146/667/695 1156/679/703 1157/680/704
f 1155/69/205 1154/68/218 1164/73/206 1165/74/202
f 1148/669/697 1147/668/696 1157/680/704 1158/681/705
f 1440/670/698 1165/74/202 1175/86/189 1444/682/706
f 1149/671/699 1148/669/697 1158/681/705 1159/674/701
f 1156/679/703 1145/683/658 1166/684/707
f 1164/73/206 1163/72/207 1173/84/196 1174/85/203
f 1157/680/704 1156/679/703 1166/684/707 1167/685/708
f 1165/74/202 1164/73/206 1174/85/203 1175/86/189
f 1158/681/705 1157/680/704 1167/685/708 1168/686/709
f 1444/687/706 1175/86/189 1185/91/186 1448/688/710
f 1159/674/701 1158/681/705 1168/686/709 1169/689/711
f 1160/675/702 1159/674/701 1169/689/711 1170/690/712
f 1161/676/209 1160/675/702 1170/690/712 1171/691/198
f 1162/677/208 1161/676/209 1171/691/198 1172/692/197
f 1163/72/207 1162/677/208 1172/692/197 1173/84/196
f 1170/690/712 1169/689/711 1179/693/713 1180/694/714
f 1171/691/198 1170/690/712 1180/694/714 1181/695/193
f 1172/692/197 1171/691/198 1181/695/193 1182/696/192
f 1173/84/196 1172/692/197 1182/696/192 1183/89/191
f 1166/684/707 1145/697/658 1176/698/715
f 1174/85/203 1173/84/196 1183/89/191 1184/90/190
f 1167/685/708 1166/684/707 1176/698/715 1177/699/716
f 1175/86/189 1174/85/203 1184/90/190 1185/91/186
f 1168/686/709 1167/685/708 1177/699/716 1178/700/717
f 1448/701/710 1185/91/186 1195/105/173 1452/702/718
f 1169/689/711 1168/686/709 1178/700/717 1179/693/713
f 1184/90/190 1183/89/191 1193/103/180 1194/104/187
f 1177/699/716 1176/698/715 1186/703/719 1187/704/720
f 1185/91/186 1184/90/190 1194/104/187 1195/105/173
f 1178/700/717 1177/699/716 1187/704/720 1188/705/721
f 1452/702/718 1195/105/173 1205/110/171 1456/706/722
f 1179/693/713 1178/700/717 1188/705/721 1189/707/723
f 1180/694/714 1179/693/713 1189/707/723 1190/708/724
f 1181/695/193 1180/694/714 1190/708/724 1191/709/182
f 1182/696/192 1181/695/193 1191/709/182 1192/710/181
f 1183/89/191 1182/696/192 1192/710/181 1193/103/180
f 1176/698/715 1145/711/658 1186/703/719
f 1191/709/182 1190/708/724 1200/712/725 1201/713/177
f 1192/710/181 1191/709/182 1201/713/177 1202/714/176
f 1193/103/180 1192/710/181 1202/714/176 1203/108/175
f 1186/703/719 1145/715/658 1196/716/726
f 1194/104/187 1193/103/180 1203/108/175 1204/109/174
f 1187/704/720 1186/703/719 1196/716/726 1197/717/727
f 1195/105/173 1194/104/187 1204/109/174 1205/110/171
f 1188/705/721 1187/704/720 1197/717/727 1198/718/728
f 1456/706/722 1205/110/171 1215/124/157 1460/719/729
f 1189/707/723 1188/705/721 1198/718/728 1199/720/730
f 1190/708/724 1189/707/723 1199/720/730 1200/712/725
f 1205/110/171 1204/109/174 1214/123/164 1215/124/157
f 1198/718/728 1197/717/727 1207/721/731 1208/722/732
f 1460/719/729 1215/124/157 1225/128/155 1464/723/733
f 1199/720/730 1198/718/728 1208/722/732 1209/724/734
f 1200/712/725 1199/720/730 1209/724/734 1210/725/735
f 1201/713/177 1200/712/725 1210/725/735 1211/726/167
f 1202/714/176 1201/713/177 1211/726/167 1212/727/166
f 1203/108/175 1202/714/176 1212/727/166 1213/122/165
f 1196/716/726 1145/728/658 1206/729/736
f 1204/109/174 1203/108/175 1213/122/165 1214/123/164
f 1197/717/727 1196/716/726 1206/729/736 1207/721/731
f 1212/727/166 1211/726/167 1221/730/161 1222/731/160
f 1213/122/165 1212/727/166 1222/731/160 1223/136/159
f 1206/729/736 1145/732/658 1216/733/946
f 1214/123/164 1213/122/165 1223/136/159 1224/127/158
f 1207/721/731 1206/729/736 1216/733/946 1217/734/738
f 1215/124/157 1214/123/164 1224/127/158 1225/128/155
f 1208/722/732 1207/721/731 1217/734/738 1218/735/739
f 1464/723/733 1225/128/155 1235/144/143 1468/736/740
f 1209/724/734 1208/722/732 1218/735/739 1219/737/741
f 1210/725/735 1209/724/734 1219/737/741 1220/738/742
f 1211/726/167 1210/725/735 1220/738/742 1221/730/161
f 1218/735/739 1217/734/738 1227/739/743 1228/740/744
f 1468/736/740 1235/144/143 1245/149/139 1472/741/745
f 1219/737/741 1218/735/739 1228/740/744 1229/742/746
f 1220/738/742 1219/737/741 1229/742/746 1230/743/747
f 1221/730/161 1220/738/742 1230/743/747 1231/744/151
f 1222/731/160 1221/730/161 1231/744/151 1232/745/150
f 1223/136/159 1222/731/160 1232/745/150 1233/142/149
f 1216/733/946 1145/746/658 1226/747/748
f 1224/127/158 1223/136/159 1233/142/149 1234/143/148
f 1217/734/738 1216/733/946 1226/747/748 1227/739/743
f 1225/128/155 1224/127/158 1234/143/148 1235/144/143
f 1232/745/150 1231/744/151 1241/748/147 1242/749/146
f 1233/142/149 1232/745/150 1242/749/146 1243/157/145
f 1226/747/748 1145/750/658 1236/751/749
f 1234/143/148 1233/142/149 1243/157/145 1244/148/144
f 1227/739/743 1226/747/748 1236/751/749 1237/752/750
f 1235/144/143 1234/143/148 1244/148/144 1245/149/139
f 1228/740/744 1227/739/743 1237/752/750 1238/753/751
f 1472/741/745 1245/149/139 1255/162/129 1476/754/752
f 1229/742/746 1228/740/744 1238/753/751 1239/755/753
f 1230/743/747 1229/742/746 1239/755/753 1240/756/754
f 1231/744/151 1230/743/747 1240/756/754 1241/748/147
f 1476/754/752 1255/162/129 1265/177/117 1480/757/755
f 1239/755/753 1238/753/751 1248/758/756 1249/759/757
f 1240/756/754 1239/755/753 1249/759/757 1250/760/758
f 1241/748/147 1240/756/754 1250/760/758 1251/761/135
f 1242/749/146 1241/748/147 1251/761/135 1252/762/134
f 1243/157/145 1242/749/146 1252/762/134 1253/160/133
f 1236/751/749 1145/763/658 1246/764/759
f 1244/148/144 1243/157/145 1253/160/133 1254/161/132
f 1237/752/750 1236/751/749 1246/764/759 1247/765/760
f 1245/149/139 1244/148/144 1254/161/132 1255/162/129
f 1238/753/751 1237/752/750 1247/765/760 1248/758/756
f 1253/160/133 1252/762/134 1262/766/124 1263/175/131
f 1246/764/759 1145/767/658 1256/768/761
f 1254/161/132 1253/160/133 1263/175/131 1264/176/130
f 1247/765/760 1246/764/759 1256/768/761 1257/769/762
f 1255/162/129 1254/161/132 1264/176/130 1265/177/117
f 1248/758/756 1247/765/760 1257/769/762 1258/770/763
f 1480/757/755 1265/177/117 1275/182/113 1484/771/764
f 1249/759/757 1248/758/756 1258/770/763 1259/772/765
f 1250/760/758 1249/759/757 1259/772/765 1260/773/766
f 1251/761/135 1250/760/758 1260/773/766 1261/774/125
f 1252/762/134 1251/761/135 1261/774/125 1262/766/124
f 1259/772/765 1258/770/763 1268/775/767 1269/776/768
f 1260/773/766 1259/772/765 1269/776/768 1270/777/769
f 1261/774/125 1260/773/766 1270/777/769 1271/778/121
f 1262/766/124 1261/774/125 1271/778/121 1272/779/120
f 1263/175/131 1262/766/124 1272/779/120 1273/180/119
f 1256/768/761 1145/780/658 1266/781/770
f 1264/176/130 1263/175/131 1273/180/119 1274/181/118
f 1257/769/762 1256/768/761 1266/781/770 1267/782/771
f 1265/177/117 1264/176/130 1274/181/118 1275/182/113
f 1258/770/763 1257/769/762 1267/782/771 1268/775/767
f 1484/783/764 1275/182/113 1285/193/101 1488/784/772
f 1273/180/119 1272/779/120 1282/785/108 1283/191/115
f 1266/781/770 1145/786/658 1276/787/947
f 1274/181/118 1273/180/119 1283/191/115 1284/192/114
f 1267/782/771 1266/781/770 1276/787/947 1277/788/774
f 1275/182/113 1274/181/118 1284/192/114 1285/193/101
f 1268/775/767 1267/782/771 1277/788/774 1278/789/775
f 1488/784/772 1285/193/101 1295/201/98 1492/790/776
f 1269/776/768 1268/775/767 1278/789/775 1279/791/777
f 1270/777/769 1269/776/768 1279/791/777 1280/792/778
f 1271/778/121 1270/777/769 1280/792/778 1281/793/109
f 1272/779/120 1271/778/121 1281/793/109 1282/785/108
f 1280/792/778 1279/791/777 1289/794/779 1290/795/780
f 1281/793/109 1280/792/778 1290/795/780 1291/796/105
f 1282/785/108 1281/793/109 1291/796/105 1292/797/104
f 1283/191/115 1282/785/108 1292/797/104 1293/199/103
f 1276/787/947 1145/798/658 1286/799/781
f 1284/192/114 1283/191/115 1293/199/103 1294/200/102
f 1277/788/774 1276/787/947 1286/799/781 1287/800/782
f 1285/193/101 1284/192/114 1294/200/102 1295/201/98
f 1278/789/775 1277/788/774 1287/800/782 1288/801/783
f 1492/790/776 1295/201/98 1305/214/85 1496/802/784
f 1279/791/777 1278/789/775 1288/801/783 1289/794/779
f 1294/200/102 1293/199/103 1303/212/92 1304/213/99
f 1287/800/782 1286/799/781 1296/803/785 1297/804/786
f 1295/201/98 1294/200/102 1304/213/99 1305/214/85
f 1288/801/783 1287/800/782 1297/804/786 1298/805/787
f 1496/806/784 1305/214/85 1315/220/82 1500/807/788
f 1289/794/779 1288/801/783 1298/805/787 1299/808/789
f 1290/795/780 1289/794/779 1299/808/789 1300/809/790
f 1291/796/105 1290/795/780 1300/809/790 1301/810/94
f 1292/797/104 1291/796/105 1301/810/94 1302/811/93
f 1293/199/103 1292/797/104 1302/811/93 1303/212/92
f 1286/799/781 1145/812/658 1296/803/785
f 1301/810/94 1300/809/790 1310/813/791 1311/814/89
f 1302/811/93 1301/810/94 1311/814/89 1312/815/88
f 1303/212/92 1302/811/93 1312/815/88 1313/218/87
f 1296/803/785 1145/816/658 1306/817/792
f 1304/213/99 1303/212/92 1313/218/87 1314/219/86
f 1297/804/786 1296/803/785 1306/817/792 1307/818/793
f 1305/214/85 1304/213/99 1314/219/86 1315/220/82
f 1298/805/787 1297/804/786 1307/818/793 1308/819/794
f 1500/807/788 1315/220/82 1325/234/69 1504/820/795
f 1299/808/789 1298/805/787 1308/819/794 1309/821/796
f 1300/809/790 1299/808/789 1309/821/796 1310/813/791
f 1307/818/793 1306/817/792 1316/822/797 1317/823/798
f 1315/220/82 1314/219/86 1324/233/83 1325/234/69
f 1308/819/794 1307/818/793 1317/823/798 1318/824/799
f 1504/825/795 1325/234/69 1335/240/67 1508/826/800
f 1309/821/796 1308/819/794 1318/824/799 1319/827/801
f 1310/813/791 1309/821/796 1319/827/801 1320/828/802
f 1311/814/89 1310/813/791 1320/828/802 1321/829/78
f 1312/815/88 1311/814/89 1321/829/78 1322/830/77
f 1313/218/87 1312/815/88 1322/830/77 1323/232/76
f 1306/817/792 1145/831/658 1316/822/797
f 1314/219/86 1313/218/87 1323/232/76 1324/233/83
f 1321/829/78 1320/828/802 1330/832/803 1331/833/73
f 1322/830/77 1321/829/78 1331/833/73 1332/834/72
f 1323/232/76 1322/830/77 1332/834/72 1333/238/71
f 1316/822/797 1145/835/658 1326/836/804
f 1324/233/83 1323/232/76 1333/238/71 1334/239/70
f 1317/823/798 1316/822/797 1326/836/804 1327/837/805
f 1325/234/69 1324/233/83 1334/239/70 1335/240/67
f 1318/824/799 1317/823/798 1327/837/805 1328/838/806
f 1508/839/800 1335/260/67 1345/261/55 1512/840/807
f 1319/827/801 1318/824/799 1328/838/806 1329/841/808
f 1320/828/802 1319/827/801 1329/841/808 1330/832/803
f 1335/260/67 1334/256/70 1344/259/60 1345/261/55
f 1328/842/806 1327/843/805 1337/844/809 1338/845/810
f 1512/840/807 1345/261/55 1355/266/51 1516/846/811
f 1329/847/808 1328/842/806 1338/845/810 1339/848/812
f 1330/849/803 1329/847/808 1339/848/812 1340/850/813
f 1331/851/73 1330/849/803 1340/850/813 1341/852/63
f 1332/853/72 1331/851/73 1341/852/63 1342/854/62
f 1333/257/71 1332/853/72 1342/854/62 1343/258/61
f 1326/855/804 1145/856/658 1336/857/814
f 1334/256/70 1333/257/71 1343/258/61 1344/259/60
f 1327/843/805 1326/855/804 1336/857/814 1337/844/809
f 1342/854/62 1341/852/63 1351/858/59 1352/859/58
f 1343/258/61 1342/854/62 1352/859/58 1353/274/57
f 1336/857/814 1145/860/658 1346/861/815
f 1344/259/60 1343/258/61 1353/274/57 1354/265/56
f 1337/844/809 1336/857/814 1346/861/815 1347/862/816
f 1345/261/55 1344/259/60 1354/265/56 1355/266/51
f 1338/845/810 1337/844/809 1347/862/816 1348/863/817
f 1516/846/811 1355/266/51 1365/279/39 1520/864/818
f 1339/848/812 1338/845/810 1348/863/817 1349/865/819
f 1340/850/813 1339/848/812 1349/865/819 1350/866/820
f 1341/852/63 1340/850/813 1350/866/820 1351/858/59
f 1348/863/817 1347/862/816 1357/867/821 1358/868/822
f 1520/864/818 1365/279/39 1375/295/35 1524/869/823
f 1349/865/819 1348/863/817 1358/868/822 1359/870/824
f 1350/866/820 1349/865/819 1359/870/824 1360/871/825
f 1351/858/59 1350/866/820 1360/871/825 1361/872/47
f 1352/859/58 1351/858/59 1361/872/47 1362/873/46
f 1353/274/57 1352/859/58 1362/873/46 1363/277/45
f 1346/861/815 1145/874/658 1356/875/826
f 1354/265/56 1353/274/57 1363/277/45 1364/278/44
f 1347/862/816 1346/861/815 1356/875/826 1357/867/821
f 1355/266/51 1354/265/56 1364/278/44 1365/279/39
f 1362/873/46 1361/872/47 1371/876/43 1372/877/42
f 1363/277/45 1362/873/46 1372/877/42 1373/293/41
f 1356/875/826 1145/878/658 1366/879/827
f 1364/278/44 1363/277/45 1373/293/41 1374/294/40
f 1357/867/821 1356/875/826 1366/879/827 1367/880/828
f 1365/279/39 1364/278/44 1374/294/40 1375/295/35
f 1358/868/822 1357/867/821 1367/880/828 1368/881/829
f 1524/869/823 1375/295/35 1385/300/25 1528/882/830
f 1359/870/824 1358/868/822 1368/881/829 1369/883/831
f 1360/871/825 1359/870/824 1369/883/831 1370/884/832
f 1361/872/47 1360/871/825 1370/884/832 1371/876/43
f 1528/885/830 1385/300/25 1395/313/22 1532/886/833
f 1369/883/831 1368/881/829 1378/887/834 1379/888/835
f 1370/884/832 1369/883/831 1379/888/835 1380/889/836
f 1371/876/43 1370/884/832 1380/889/836 1381/890/31
f 1372/877/42 1371/876/43 1381/890/31 1382/891/30
f 1373/293/41 1372/877/42 1382/891/30 1383/298/29
f 1366/879/827 1145/892/658 1376/893/837
f 1374/294/40 1373/293/41 1383/298/29 1384/299/28
f 1367/880/828 1366/879/827 1376/893/837 1377/894/838
f 1375/295/35 1374/294/40 1384/299/28 1385/300/25
f 1368/881/829 1367/880/828 1377/894/838 1378/887/834
f 1383/298/29 1382/891/30 1392/895/18 1393/311/27
f 1376/893/837 1145/896/658 1386/897/839
f 1384/299/28 1383/298/29 1393/311/27 1394/312/26
f 1377/894/838 1376/893/837 1386/897/839 1387/898/840
f 1385/300/25 1384/299/28 1394/312/26 1395/313/22
f 1378/887/834 1377/894/838 1387/898/840 1388/899/841
f 1532/886/833 1395/313/22 1405/318/10 1536/900/664
f 1379/888/835 1378/887/834 1388/899/841 1389/901/842
f 1380/889/836 1379/888/835 1389/901/842 1390/902/843
f 1381/890/31 1380/889/836 1390/902/843 1391/903/19
f 1382/891/30 1381/890/31 1391/903/19 1392/895/18
f 1390/902/843 1389/901/842 1399/904/844 1400/905/845
f 1391/903/19 1390/902/843 1400/905/845 1401/906/17
f 1392/895/18 1391/903/19 1401/906/17 1402/907/15
f 1393/311/27 1392/895/18 1402/907/15 1403/316/13
f 1386/897/839 1145/908/658 1396/909/846
f 1394/312/26 1393/311/27 1403/316/13 1404/317/11
f 1387/898/840 1386/897/839 1396/909/846 1397/910/847
f 1395/313/22 1394/312/26 1404/317/11 1405/318/10
f 1388/899/841 1387/898/840 1397/910/847 1398/911/848
f 1389/901/842 1388/899/841 1398/911/848 1399/904/844
f 1396/909/846 1145/912/658 1406/613/657
f 1404/317/11 1403/316/13 1093/15/12 1094/14/9
f 1397/910/847 1396/909/846 1406/613/657 1407/616/660
f 1405/318/10 1404/317/11 1094/14/9 1410/18/8
f 1398/911/848 1397/910/847 1407/616/660 1090/618/662
f 1416/913/849 1104/19/5 1114/21/243 1420/914/673
f 1399/904/844 1398/911/848 1090/618/662 1408/622/666
f 1400/905/845 1399/904/844 1408/622/666 1091/624/668
f 1401/906/17 1400/905/845 1091/624/668 1409/626/16
f 1402/907/15 1401/906/17 1409/626/16 1092/611/14
f 1412/621/665 1410/18/8 1104/19/5 1416/913/849
f 1403/316/13 1402/907/15 1092/611/14 1093/15/12
f 1415/915/850 1411/916/851 1413/917/852 1417/918/853
f 1417/918/853 1413/917/852 1414/919/854 1418/920/855
f 1418/920/855 1414/919/854 1412/621/665 1416/913/849
f 1419/921/856 1415/915/850 1417/918/853 1421/922/857
f 1421/922/857 1417/918/853 1418/920/855 1422/923/858
f 1422/923/858 1418/920/855 1416/913/849 1420/914/673
f 1423/924/859 1419/921/856 1421/922/857 1425/925/860
f 1425/925/860 1421/922/857 1422/923/858 1426/926/861
f 1426/926/861 1422/923/858 1420/634/673 1424/635/674
f 1427/927/862 1423/924/859 1425/925/860 1429/928/863
f 1429/928/863 1425/925/860 1426/926/861 1430/929/864
f 1430/929/864 1426/926/861 1424/635/674 1428/638/677
f 1428/638/677 1432/652/686 1434/930/865 1430/929/864
f 1430/929/864 1434/930/865 1433/931/866 1429/928/863
f 1429/928/863 1433/931/866 1431/932/867 1427/927/862
f 1435/933/868 1431/932/867 1433/931/866 1437/934/869
f 1437/934/869 1433/931/866 1434/930/865 1438/935/870
f 1438/935/870 1434/930/865 1432/652/686 1436/664/694
f 1436/664/694 1440/670/698 1442/936/871 1438/935/870
f 1438/935/870 1442/936/871 1441/937/872 1437/934/869
f 1437/934/869 1441/937/872 1439/938/873 1435/933/868
f 1443/939/874 1439/938/873 1441/937/872 1445/940/875
f 1445/940/875 1441/937/872 1442/936/871 1446/941/876
f 1446/941/876 1442/936/871 1440/670/698 1444/682/706
f 1447/942/877 1443/939/874 1445/940/875 1449/943/878
f 1449/943/878 1445/940/875 1446/941/876 1450/944/879
f 1450/944/879 1446/941/876 1444/687/706 1448/688/710
f 1451/945/880 1447/942/877 1449/943/878 1453/946/881
f 1453/946/881 1449/943/878 1450/944/879 1454/947/882
f 1454/947/882 1450/944/879 1448/701/710 1452/702/718
f 1455/948/883 1451/945/880 1453/946/881 1457/949/884
f 1457/949/884 1453/946/881 1454/947/882 1458/950/885
f 1458/950/885 1454/947/882 1452/702/718 1456/706/722
f 1459/951/886 1455/948/883 1457/949/884 1461/952/887
f 1461/952/887 1457/949/884 1458/950/885 1462/953/888
f 1462/953/888 1458/950/885 1456/706/722 1460/719/729
f 1463/954/889 1459/951/886 1461/952/887 1465/955/890
f 1465/955/890 1461/952/887 1462/953/888 1466/956/891
f 1466/956/891 1462/953/888 1460/719/729 1464/723/733
f 1467/957/892 1463/954/889 1465/955/890 1469/958/893
f 1469/958/893 1465/955/890 1466/956/891 1470/959/894
f 1470/959/894 1466/956/891 1464/723/733 1468/736/740
f 1471/960/895 1467/957/892 1469/958/893 1473/961/896
f 1473/961/896 1469/958/893 1470/959/894 1474/962/897
f 1474/962/897 1470/959/894 1468/736/740 1472/741/745
f 1475/963/898 1471/960/895 1473/961/896 1477/964/899
f 1477/964/899 1473/961/896 1474/962/897 1478/965/900
f 1478/965/900 1474/962/897 1472/741/745 1476/754/752
f 1479/966/901 1475/963/898 1477/964/899 1481/967/902
f 1481/967/902 1477/964/899 1478/965/900 1482/968/903
f 1482/968/903 1478/965/900 1476/754/752 1480/757/755
f 1480/757/755 1484/771/764 1486/969/904 1482/968/903
f 1482/968/903 1486/969/904 1485/970/905 1481/967/902
f 1481/967/902 1485/970/905 1483/971/906 1479/966/901
f 1487/972/907 1483/971/906 1485/970/905 1489/973/908
f 1489/973/908 1485/970/905 1486/969/904 1490/974/909
f 1490/974/909 1486/969/904 1484/783/764 1488/784/772
f 1488/784/772 1492/790/776 1494/975/910 1490/974/909
f 1490/974/909 1494/975/910 1493/976/911 1489/973/908
f 1489/973/908 1493/976/911 1491/977/912 1487/972/907
f 1495/978/913 1491/977/912 1493/976/911 1497/979/914
f 1497/979/914 1493/976/911 1494/975/910 1498/980/915
f 1498/980/915 1494/975/910 1492/790/776 1496/802/784
f 1499/981/916 1495/978/913 1497/979/914 1501/982/917
f 1501/982/917 1497/979/914 1498/980/915 1502/983/918
f 1502/983/918 1498/980/915 1496/806/784 1500/807/788
f 1503/984/919 1499/981/916 1501/982/917 1505/985/920
f 1505/985/920 1501/982/917 1502/983/918 1506/986/921
f 1506/986/921 1502/983/918 1500/807/788 1504/820/795
f 1507/987/922 1503/984/919 1505/985/920 1509/988/923
f 1509/988/923 1505/985/920 1506/986/921 1510/989/924
f 1510/989/924 1506/986/921 1504/825/795 1508/826/800
f 1511/990/925 1507/987/922 1509/988/923 1513/991/926
f 1513/991/926 1509/988/923 1510/992/924 1514/993/927
f 1514/993/927 1510/994/924 1508/839/800 1512/840/807
f 1515/995/928 1511/990/925 1513/991/926 1517/996/929
f 1517/996/929 1513/991/926 1514/997/927 1518/998/930
f 1518/998/930 1514/997/927 1512/840/807 1516/846/811
f 1519/999/931 1515/995/928 1517/996/929 1521/1000/932
f 1521/1000/932 1517/996/929 1518/998/930 1522/1001/933
f 1522/1001/933 1518/998/930 1516/846/811 1520/864/818
f 1523/1002/934 1519/999/931 1521/1000/932 1525/1003/935
f 1525/1003/935 1521/1000/932 1522/1001/933 1526/1004/936
f 1526/1004/936 1522/1001/933 1520/864/818 1524/869/823
f 1527/1005/937 1523/1002/934 1525/1003/935 1529/1006/938
f 1529/1006/938 1525/1003/935 1526/1004/936 1530/1007/939
f 1530/1007/939 1526/1004/936 1524/869/823 1528/882/830
f 1531/1008/940 1527/1005/937 1529/1006/938 1533/1009/941
f 1533/1009/941 1529/1006/938 1530/1007/939 1534/1010/942
f 1534/1010/942 1530/1007/939 1528/885/830 1532/886/833
f 1532/886/833 1536/900/664 1538/1011/943 1534/1010/942
f 1534/1010/942 1538/1011/943 1537/1012/944 1533/1009/941
f 1533/1009/941 1537/1012/944 1535/1013/945 1531/1008/940
f 1411/916/851 1535/1013/945 1537/1012/944 1413/917/852
f 1413/917/852 1537/1012/944 1538/1011/943 1414/919/854
f 1414/919/854 1538/1011/943 1536/620/664 1412/621/665
f 1415/915/850 1419/921/856 1423/924/859 1427/927/862 1431/932/867 1435/933/868 1439/938/873 1443/939/874 1447/942/877 1451/945/880 1455/948/883 1459/951/886 1463/954/889 1467/957/892 1471/960/895 1475/963/898 1479/966/901 1483/971/906 1487/972/907 1491/977/912 1495/978/913 1499/981/916 1503/984/919 1507/987/922 1511/990/925 1515/995/928 1519/999/931 1523/1002/934 1527/1005/937 1531/1008/940 1535/1013/945 1411/916/851
usemtl Material.004
f 1542/15/12 1541/611/948 1551/612/949 1552/16/950
f 2012/613/951 1620/614/658 1545/615/952
f 1846/1014/624 2020/1015/953 1559/1016/954
f 1543/14/955 1542/15/12 1552/16/950 1553/17/956
f 2013/616/957 2012/613/951 1545/615/952 1546/617/958
f 2016/18/959 1543/14/955 1553/17/956 1554/19/960
f 1539/618/961 2013/616/957 1546/617/958 1547/619/962
f 1544/1017/963 2016/18/959 1554/19/960 1555/508/964
f 2014/622/965 1539/618/961 1547/619/962 1548/623/966
f 2017/1018/967 1544/1017/963 1555/508/964 1556/1019/968
f 1540/624/969 2014/622/965 1548/623/966 1549/625/970
f 2018/1020/971 2017/1018/967 1556/1019/968 1557/1021/972
f 2015/626/973 1540/624/969 1549/625/970 1550/627/974
f 2019/1022/975 2018/1020/971 1557/1021/972 1558/1023/976
f 1541/611/948 2015/626/973 1550/627/974 1551/612/949
f 2020/1015/953 2019/1022/975 1558/1023/976 1559/1016/954
f 1551/612/949 1550/627/974 1565/628/977 1566/629/978
f 1559/1016/954 1558/1023/976 1573/1024/979 1574/1025/980
f 1552/16/950 1551/612/949 1566/629/978 1567/30/981
f 1545/615/952 1620/630/658 1560/631/982
f 1846/1026/624 1559/1016/954 1574/1025/980
f 1553/17/956 1552/16/950 1567/30/981 1568/20/983
f 1546/617/958 1545/615/952 1560/631/982 1561/632/984
f 1554/19/960 1553/17/956 1568/20/983 1569/21/985
f 1547/619/962 1546/617/958 1561/632/984 1562/633/986
f 1555/508/964 1554/19/960 1569/21/985 1570/509/987
f 1548/623/966 1547/619/962 1562/633/986 1563/636/988
f 1556/1019/968 1555/508/964 1570/509/987 1571/1027/989
f 1549/625/970 1548/623/966 1563/636/988 1564/637/990
f 1557/1021/972 1556/1019/968 1571/1027/989 1572/1028/991
f 1550/627/974 1549/625/970 1564/637/990 1565/628/977
f 1558/1023/976 1557/1021/972 1572/1028/991 1573/1024/979
f 1570/509/987 1569/21/985 1584/35/992 1585/510/993
f 1563/636/988 1562/633/986 1577/639/994 1578/640/995
f 1571/1027/989 1570/509/987 1585/510/993 1586/1029/996
f 1564/637/990 1563/636/988 1578/640/995 1579/641/997
f 1572/1028/991 1571/1027/989 1586/1029/996 1587/1030/998
f 1565/628/977 1564/637/990 1579/641/997 1580/642/999
f 1573/1024/979 1572/1028/991 1587/1030/998 1588/1031/1000
f 1566/629/978 1565/628/977 1580/642/999 1581/643/1001
f 1574/1025/980 1573/1024/979 1588/1031/1000 1589/1032/1002
f 1567/30/981 1566/629/978 1581/643/1001 1582/33/1003
f 1560/631/982 1620/644/658 1575/645/1004
f 1846/1033/624 1574/1025/980 1589/1032/1002
f 1568/20/983 1567/30/981 1582/33/1003 1583/34/1005
f 1561/632/984 1560/631/982 1575/645/1004 1576/646/1006
f 1569/21/985 1568/20/983 1583/34/1005 1584/35/992
f 1562/633/986 1561/632/984 1576/646/1006 1577/639/994
f 1589/1032/1002 1588/1031/1000 1603/1034/1007 1604/1035/1008
f 1582/33/1003 1581/643/1001 1596/647/1009 1597/48/1010
f 1575/645/1004 1620/648/658 1590/649/1011
f 1846/1036/624 1589/1032/1002 1604/1035/1008
f 1583/34/1005 1582/33/1003 1597/48/1010 1598/49/1012
f 1576/646/1006 1575/645/1004 1590/649/1011 1591/650/1013
f 1584/35/992 1583/34/1005 1598/49/1012 1599/50/1014
f 1577/639/994 1576/646/1006 1591/650/1013 1592/651/1015
f 1585/510/993 1584/35/992 1599/50/1014 1600/511/1016
f 1578/640/995 1577/639/994 1592/651/1015 1593/653/1017
f 1586/1029/996 1585/510/993 1600/511/1016 1601/1037/1018
f 1579/641/997 1578/640/995 1593/653/1017 1594/654/1019
f 1587/1030/998 1586/1029/996 1601/1037/1018 1602/1038/1020
f 1580/642/999 1579/641/997 1594/654/1019 1595/655/1021
f 1588/1031/1000 1587/1030/998 1602/1038/1020 1603/1034/1007
f 1581/643/1001 1580/642/999 1595/655/1021 1596/647/1009
f 1593/653/1017 1592/651/1015 1607/656/1022 1608/657/1023
f 1601/1037/1018 1600/511/1016 1615/512/1024 1616/1039/1025
f 1594/654/1019 1593/653/1017 1608/657/1023 1609/658/1026
f 1602/1038/1020 1601/1037/1018 1616/1039/1025 1617/1040/1027
f 1595/655/1021 1594/654/1019 1609/658/1026 1610/659/1028
f 1603/1034/1007 1602/1038/1020 1617/1040/1027 1618/1041/1029
f 1596/647/1009 1595/655/1021 1610/659/1028 1611/660/1030
f 1604/1035/1008 1603/1034/1007 1618/1041/1029 1619/1042/1031
f 1597/48/1010 1596/647/1009 1611/660/1030 1612/53/1032
f 1590/649/1011 1620/661/658 1605/662/1033
f 1846/1043/624 1604/1035/1008 1619/1042/1031
f 1598/49/1012 1597/48/1010 1612/53/1032 1613/54/1034
f 1591/650/1013 1590/649/1011 1605/662/1033 1606/663/1035
f 1599/50/1014 1598/49/1012 1613/54/1034 1614/55/1036
f 1592/651/1015 1591/650/1013 1606/663/1035 1607/656/1022
f 1600/511/1016 1599/50/1014 1614/55/1036 1615/512/1024
f 1612/53/1032 1611/660/1030 1627/665/1037 1628/67/1038
f 1605/662/1033 1620/666/658 1621/667/1039
f 1846/1044/624 1619/1042/1031 1635/1045/1040
f 1613/54/1034 1612/53/1032 1628/67/1038 1629/68/1041
f 1606/663/1035 1605/662/1033 1621/667/1039 1622/668/1042
f 1614/55/1036 1613/54/1034 1629/68/1041 1630/69/1043
f 1607/656/1022 1606/663/1035 1622/668/1042 1623/669/1044
f 1615/512/1024 1614/55/1036 1630/69/1043 1631/1046/1045
f 1608/657/1023 1607/656/1022 1623/669/1044 1624/671/1046
f 1616/1039/1025 1615/512/1024 1631/1046/1045 1632/1047/1047
f 1609/658/1026 1608/657/1023 1624/671/1046 1625/672/1048
f 1617/1040/1027 1616/1039/1025 1632/1047/1047 1633/1048/1049
f 1610/659/1028 1609/658/1026 1625/672/1048 1626/673/1050
f 1618/1041/1029 1617/1040/1027 1633/1048/1049 1634/1049/1051
f 1611/660/1030 1610/659/1028 1626/673/1050 1627/665/1037
f 1619/1042/1031 1618/1041/1029 1634/1049/1051 1635/1045/1040
f 1632/1047/1047 1631/1046/1045 1646/515/1052 1647/1050/1053
f 1625/672/1048 1624/671/1046 1639/674/1054 1640/675/1055
f 1633/1048/1049 1632/1047/1047 1647/1050/1053 1648/1051/1056
f 1626/673/1050 1625/672/1048 1640/675/1055 1641/676/1057
f 1634/1049/1051 1633/1048/1049 1648/1051/1056 1649/1052/1058
f 1627/665/1037 1626/673/1050 1641/676/1057 1642/677/1059
f 1635/1045/1040 1634/1049/1051 1649/1052/1058 1650/1053/1060
f 1628/67/1038 1627/665/1037 1642/677/1059 1643/72/1061
f 1621/667/1039 1620/678/658 1636/679/1062
f 1846/1054/624 1635/1045/1040 1650/1053/1060
f 1629/68/1041 1628/67/1038 1643/72/1061 1644/73/1063
f 1622/668/1042 1621/667/1039 1636/679/1062 1637/680/1064
f 1630/69/1043 1629/68/1041 1644/73/1063 1645/74/1065
f 1623/669/1044 1622/668/1042 1637/680/1064 1638/681/1066
f 1631/1046/1045 1630/69/1043 1645/74/1065 1646/515/1052
f 1624/671/1046 1623/669/1044 1638/681/1066 1639/674/1054
f 1846/1055/624 1650/1053/1060 1665/1056/1067
f 1644/73/1063 1643/72/1061 1658/84/196 1659/85/1068
f 1637/680/1064 1636/679/1062 1651/684/1069 1652/685/1070
f 1645/74/1065 1644/73/1063 1659/85/1068 1660/86/1071
f 1638/681/1066 1637/680/1064 1652/685/1070 1653/686/1072
f 1646/515/1052 1645/74/1065 1660/86/1071 1661/1057/1073
f 1639/674/1054 1638/681/1066 1653/686/1072 1654/689/1074
f 1647/1050/1053 1646/515/1052 1661/1057/1073 1662/1058/1075
f 1640/675/1055 1639/674/1054 1654/689/1074 1655/690/1076
f 1648/1051/1056 1647/1050/1053 1662/1058/1075 1663/1059/1077
f 1641/676/1057 1640/675/1055 1655/690/1076 1656/691/1078
f 1649/1052/1058 1648/1051/1056 1663/1059/1077 1664/1060/1079
f 1642/677/1059 1641/676/1057 1656/691/1078 1657/692/1080
f 1650/1053/1060 1649/1052/1058 1664/1060/1079 1665/1056/1067
f 1643/72/1061 1642/677/1059 1657/692/1080 1658/84/196
f 1636/679/1062 1620/683/658 1651/684/1069
f 1663/1059/1077 1662/1058/1075 1677/1061/1081 1678/1062/1082
f 1656/691/1078 1655/690/1076 1670/694/1083 1671/695/1084
f 1664/1060/1079 1663/1059/1077 1678/1062/1082 1679/1063/1085
f 1657/692/1080 1656/691/1078 1671/695/1084 1672/696/1086
f 1665/1056/1067 1664/1060/1079 1679/1063/1085 1680/1064/1087
f 1658/84/196 1657/692/1080 1672/696/1086 1673/89/1088
f 1651/684/1069 1620/697/658 1666/698/1089
f 1846/1065/624 1665/1056/1067 1680/1064/1087
f 1659/85/1068 1658/84/196 1673/89/1088 1674/90/1090
f 1652/685/1070 1651/684/1069 1666/698/1089 1667/699/1091
f 1660/86/1071 1659/85/1068 1674/90/1090 1675/91/1092
f 1653/686/1072 1652/685/1070 1667/699/1091 1668/700/1093
f 1661/1057/1073 1660/86/1071 1675/91/1092 1676/1066/1094
f 1654/689/1074 1653/686/1072 1668/700/1093 1669/693/1095
f 1662/1058/1075 1661/1057/1073 1676/1066/1094 1677/1061/1081
f 1655/690/1076 1654/689/1074 1669/693/1095 1670/694/1083
f 1667/699/1091 1666/698/1089 1681/703/1096 1682/704/1097
f 1675/91/1092 1674/90/1090 1689/104/1098 1690/105/1099
f 1668/700/1093 1667/699/1091 1682/704/1097 1683/705/1100
f 1676/1066/1094 1675/91/1092 1690/105/1099 1691/1067/1101
f 1669/693/1095 1668/700/1093 1683/705/1100 1684/707/1102
f 1677/1061/1081 1676/1066/1094 1691/1067/1101 1692/1068/1103
f 1670/694/1083 1669/693/1095 1684/707/1102 1685/708/1104
f 1678/1062/1082 1677/1061/1081 1692/1068/1103 1693/1069/1105
f 1671/695/1084 1670/694/1083 1685/708/1104 1686/709/1106
f 1679/1063/1085 1678/1062/1082 1693/1069/1105 1694/1070/1107
f 1672/696/1086 1671/695/1084 1686/709/1106 1687/710/1108
f 1680/1064/1087 1679/1063/1085 1694/1070/1107 1695/1071/1109
f 1673/89/1088 1672/696/1086 1687/710/1108 1688/103/1110
f 1666/698/1089 1620/711/658 1681/703/1096
f 1846/1072/624 1680/1064/1087 1695/1071/1109
f 1674/90/1090 1673/89/1088 1688/103/1110 1689/104/1098
f 1686/709/1106 1685/708/1104 1700/712/1111 1701/713/1112
f 1694/1070/1107 1693/1069/1105 1708/1073/1113 1709/1074/1114
f 1687/710/1108 1686/709/1106 1701/713/1112 1702/714/1115
f 1695/1071/1109 1694/1070/1107 1709/1074/1114 1710/1075/1116
f 1688/103/1110 1687/710/1108 1702/714/1115 1703/108/1117
f 1681/703/1096 1620/715/658 1696/716/1118
f 1846/1076/624 1695/1071/1109 1710/1075/1116
f 1689/104/1098 1688/103/1110 1703/108/1117 1704/109/1119
f 1682/704/1097 1681/703/1096 1696/716/1118 1697/717/1120
f 1690/105/1099 1689/104/1098 1704/109/1119 1705/110/1121
f 1683/705/1100 1682/704/1097 1697/717/1120 1698/718/1122
f 1691/1067/1101 1690/105/1099 1705/110/1121 1706/519/1123
f 1684/707/1102 1683/705/1100 1698/718/1122 1699/720/1124
f 1692/1068/1103 1691/1067/1101 1706/519/1123 1707/1077/1125
f 1685/708/1104 1684/707/1102 1699/720/1124 1700/712/1111
f 1693/1069/1105 1692/1068/1103 1707/1077/1125 1708/1073/1113
f 1705/110/1121 1704/109/1119 1719/123/1126 1720/124/1127
f 1698/718/1122 1697/717/1120 1712/721/1128 1713/722/1129
f 1706/519/1123 1705/110/1121 1720/124/1127 1721/520/1130
f 1699/720/1124 1698/718/1122 1713/722/1129 1714/724/1131
f 1707/1077/1125 1706/519/1123 1721/520/1130 1722/1078/1132
f 1700/712/1111 1699/720/1124 1714/724/1131 1715/725/1133
f 1708/1073/1113 1707/1077/1125 1722/1078/1132 1723/1079/1134
f 1701/713/1112 1700/712/1111 1715/725/1133 1716/726/1135
f 1709/1074/1114 1708/1073/1113 1723/1079/1134 1724/1080/1136
f 1702/714/1115 1701/713/1112 1716/726/1135 1717/727/1137
f 1710/1075/1116 1709/1074/1114 1724/1080/1136 1725/1081/1138
f 1703/108/1117 1702/714/1115 1717/727/1137 1718/122/1139
f 1696/716/1118 1620/728/658 1711/729/1140
f 1846/1082/624 1710/1075/1116 1725/1081/1138
f 1704/109/1119 1703/108/1117 1718/122/1139 1719/123/1126
f 1697/717/1120 1696/716/1118 1711/729/1140 1712/721/1128
f 1724/1080/1136 1723/1079/1134 1738/1083/1141 1739/1084/1142
f 1717/727/1137 1716/726/1135 1731/730/1143 1732/731/1144
f 1725/1081/1138 1724/1080/1136 1739/1084/1142 1740/1085/1145
f 1718/122/1139 1717/727/1137 1732/731/1144 1733/136/1146
f 1711/729/1140 1620/732/658 1726/733/1147
f 1846/1086/624 1725/1081/1138 1740/1085/1145
f 1719/123/1126 1718/122/1139 1733/136/1146 1734/127/1148
f 1712/721/1128 1711/729/1140 1726/733/1147 1727/734/1149
f 1720/124/1127 1719/123/1126 1734/127/1148 1735/128/1150
f 1713/722/1129 1712/721/1128 1727/734/1149 1728/735/1151
f 1721/520/1130 1720/124/1127 1735/128/1150 1736/521/1152
f 1714/724/1131 1713/722/1129 1728/735/1151 1729/737/1153
f 1722/1078/1132 1721/520/1130 1736/521/1152 1737/1087/1154
f 1715/725/1133 1714/724/1131 1729/737/1153 1730/738/1155
f 1723/1079/1134 1722/1078/1132 1737/1087/1154 1738/1083/1141
f 1716/726/1135 1715/725/1133 1730/738/1155 1731/730/1143
f 1728/735/1151 1727/734/1149 1742/739/1156 1743/740/1157
f 1736/521/1152 1735/128/1150 1750/144/1158 1751/523/1159
f 1729/737/1153 1728/735/1151 1743/740/1157 1744/742/1160
f 1737/1087/1154 1736/521/1152 1751/523/1159 1752/1088/1161
f 1730/738/1155 1729/737/1153 1744/742/1160 1745/743/1162
f 1738/1083/1141 1737/1087/1154 1752/1088/1161 1753/1089/1163
f 1731/730/1143 1730/738/1155 1745/743/1162 1746/744/1164
f 1739/1084/1142 1738/1083/1141 1753/1089/1163 1754/1090/1165
f 1732/731/1144 1731/730/1143 1746/744/1164 1747/745/1166
f 1740/1085/1145 1739/1084/1142 1754/1090/1165 1755/1091/1167
f 1733/136/1146 1732/731/1144 1747/745/1166 1748/142/1168
f 1726/733/1147 1620/746/658 1741/747/1169
f 1846/1092/624 1740/1085/1145 1755/1091/1167
f 1734/127/1148 1733/136/1146 1748/142/1168 1749/143/1170
f 1727/734/1149 1726/733/1147 1741/747/1169 1742/739/1156
f 1735/128/1150 1734/127/1148 1749/143/1170 1750/144/1158
f 1747/745/1166 1746/744/1164 1761/748/1171 1762/749/1172
f 1755/1091/1167 1754/1090/1165 1769/1093/1173 1770/1094/1174
f 1748/142/1168 1747/745/1166 1762/749/1172 1763/157/1175
f 1741/747/1169 1620/750/658 1756/751/1176
f 1846/1095/624 1755/1091/1167 1770/1094/1174
f 1749/143/1170 1748/142/1168 1763/157/1175 1764/148/1177
f 1742/739/1156 1741/747/1169 1756/751/1176 1757/752/1178
f 1750/144/1158 1749/143/1170 1764/148/1177 1765/149/1179
f 1743/740/1157 1742/739/1156 1757/752/1178 1758/753/1180
f 1751/523/1159 1750/144/1158 1765/149/1179 1766/524/1181
f 1744/742/1160 1743/740/1157 1758/753/1180 1759/755/1182
f 1752/1088/1161 1751/523/1159 1766/524/1181 1767/1096/1183
f 1745/743/1162 1744/742/1160 1759/755/1182 1760/756/1184
f 1753/1089/1163 1752/1088/1161 1767/1096/1183 1768/1097/1185
f 1746/744/1164 1745/743/1162 1760/756/1184 1761/748/1171
f 1754/1090/1165 1753/1089/1163 1768/1097/1185 1769/1093/1173
f 1766/524/1181 1765/149/1179 1780/162/1186 1781/525/1187
f 1759/755/1182 1758/753/1180 1773/758/1188 1774/759/1189
f 1767/1096/1183 1766/524/1181 1781/525/1187 1782/1098/1190
f 1760/756/1184 1759/755/1182 1774/759/1189 1775/760/1191
f 1768/1097/1185 1767/1096/1183 1782/1098/1190 1783/1099/1192
f 1761/748/1171 1760/756/1184 1775/760/1191 1776/761/1193
f 1769/1093/1173 1768/1097/1185 1783/1099/1192 1784/1100/1194
f 1762/749/1172 1761/748/1171 1776/761/1193 1777/762/1195
f 1770/1094/1174 1769/1093/1173 1784/1100/1194 1785/1101/1196
f 1763/157/1175 1762/749/1172 1777/762/1195 1778/160/133
f 1756/751/1176 1620/763/658 1771/764/1197
f 1846/1102/624 1770/1094/1174 1785/1101/1196
f 1764/148/1177 1763/157/1175 1778/160/133 1779/161/1198
f 1757/752/1178 1756/751/1176 1771/764/1197 1772/765/1199
f 1765/149/1179 1764/148/1177 1779/161/1198 1780/162/1186
f 1758/753/1180 1757/752/1178 1772/765/1199 1773/758/1188
f 1785/1101/1196 1784/1100/1194 1799/1103/1200 1800/1104/1201
f 1778/160/133 1777/762/1195 1792/766/1202 1793/175/1203
f 1771/764/1197 1620/767/658 1786/768/1204
f 1846/1105/624 1785/1101/1196 1800/1104/1201
f 1779/161/1198 1778/160/133 1793/175/1203 1794/176/1205
f 1772/765/1199 1771/764/1197 1786/768/1204 1787/769/1206
f 1780/162/1186 1779/161/1198 1794/176/1205 1795/177/1207
f 1773/758/1188 1772/765/1199 1787/769/1206 1788/770/1208
f 1781/525/1187 1780/162/1186 1795/177/1207 1796/526/1209
f 1774/759/1189 1773/758/1188 1788/770/1208 1789/772/1210
f 1782/1098/1190 1781/525/1187 1796/526/1209 1797/1106/1211
f 1775/760/1191 1774/759/1189 1789/772/1210 1790/773/1212
f 1783/1099/1192 1782/1098/1190 1797/1106/1211 1798/1107/1213
f 1776/761/1193 1775/760/1191 1790/773/1212 1791/774/1214
f 1784/1100/1194 1783/1099/1192 1798/1107/1213 1799/1103/1200
f 1777/762/1195 1776/761/1193 1791/774/1214 1792/766/1202
f 1797/1106/1211 1796/526/1209 1811/528/1215 1812/1108/1216
f 1790/773/1212 1789/772/1210 1804/776/1217 1805/777/1218
f 1798/1107/1213 1797/1106/1211 1812/1108/1216 1813/1109/1219
f 1791/774/1214 1790/773/1212 1805/777/1218 1806/778/1220
f 1799/1103/1200 1798/1107/1213 1813/1109/1219 1814/1110/1221
f 1792/766/1202 1791/774/1214 1806/778/1220 1807/779/1222
f 1800/1104/1201 1799/1103/1200 1814/1110/1221 1815/1111/1223
f 1793/175/1203 1792/766/1202 1807/779/1222 1808/180/1224
f 1786/768/1204 1620/780/658 1801/781/1225
f 1846/1112/624 1800/1104/1201 1815/1111/1223
f 1794/176/1205 1793/175/1203 1808/180/1224 1809/181/1226
f 1787/769/1206 1786/768/1204 1801/781/1225 1802/782/1227
f 1795/177/1207 1794/176/1205 1809/181/1226 1810/182/1228
f 1788/770/1208 1787/769/1206 1802/782/1227 1803/775/1229
f 1796/526/1209 1795/177/1207 1810/182/1228 1811/528/1215
f 1789/772/1210 1788/770/1208 1803/775/1229 1804/776/1217
f 1801/781/1225 1620/786/658 1816/787/1230
f 1846/1113/624 1815/1111/1223 1830/1114/1231
f 1809/181/1226 1808/180/1224 1823/191/1232 1824/192/1233
f 1802/782/1227 1801/781/1225 1816/787/1230 1817/788/1234
f 1810/182/1228 1809/181/1226 1824/192/1233 1825/193/1235
f 1803/775/1229 1802/782/1227 1817/788/1234 1818/789/1236
f 1811/528/1215 1810/182/1228 1825/193/1235 1826/529/1237
f 1804/776/1217 1803/775/1229 1818/789/1236 1819/791/1238
f 1812/1108/1216 1811/528/1215 1826/529/1237 1827/1115/1239
f 1805/777/1218 1804/776/1217 1819/791/1238 1820/792/1240
f 1813/1109/1219 1812/1108/1216 1827/1115/1239 1828/1116/1241
f 1806/778/1220 1805/777/1218 1820/792/1240 1821/793/1242
f 1814/1110/1221 1813/1109/1219 1828/1116/1241 1829/1117/1243
f 1807/779/1222 1806/778/1220 1821/793/1242 1822/785/1244
f 1815/1111/1223 1814/1110/1221 1829/1117/1243 1830/1114/1231
f 1808/180/1224 1807/779/1222 1822/785/1244 1823/191/1232
f 1820/792/1240 1819/791/1238 1834/794/1245 1835/795/1246
f 1828/1116/1241 1827/1115/1239 1842/1118/1247 1843/1119/1248
f 1821/793/1242 1820/792/1240 1835/795/1246 1836/796/1249
f 1829/1117/1243 1828/1116/1241 1843/1119/1248 1844/1120/1250
f 1822/785/1244 1821/793/1242 1836/796/1249 1837/797/1251
f 1830/1114/1231 1829/1117/1243 1844/1120/1250 1845/1121/1252
f 1823/191/1232 1822/785/1244 1837/797/1251 1838/199/1253
f 1816/787/1230 1620/798/658 1831/799/1254
f 1846/1122/624 1830/1114/1231 1845/1121/1252
f 1824/192/1233 1823/191/1232 1838/199/1253 1839/200/1255
f 1817/788/1234 1816/787/1230 1831/799/1254 1832/800/1256
f 1825/193/1235 1824/192/1233 1839/200/1255 1840/201/1257
f 1818/789/1236 1817/788/1234 1832/800/1256 1833/801/1258
f 1826/529/1237 1825/193/1235 1840/201/1257 1841/533/1259
f 1819/791/1238 1818/789/1236 1833/801/1258 1834/794/1245
f 1827/1115/1239 1826/529/1237 1841/533/1259 1842/1118/1247
f 1839/200/1255 1838/199/1253 1854/212/1260 1855/213/1261
f 1832/800/1256 1831/799/1254 1847/803/1262 1848/804/1263
f 1840/201/1257 1839/200/1255 1855/213/1261 1856/214/1264
f 1833/801/1258 1832/800/1256 1848/804/1263 1849/805/1265
f 1841/533/1259 1840/201/1257 1856/214/1264 1857/534/1266
f 1834/794/1245 1833/801/1258 1849/805/1265 1850/808/1267
f 1842/1118/1247 1841/533/1259 1857/534/1266 1858/1123/1268
f 1835/795/1246 1834/794/1245 1850/808/1267 1851/809/1269
f 1843/1119/1248 1842/1118/1247 1858/1123/1268 1859/1124/1270
f 1836/796/1249 1835/795/1246 1851/809/1269 1852/810/1271
f 1844/1120/1250 1843/1119/1248 1859/1124/1270 1860/1125/1272
f 1837/797/1251 1836/796/1249 1852/810/1271 1853/811/1273
f 1845/1121/1252 1844/1120/1250 1860/1125/1272 1861/1126/1274
f 1838/199/1253 1837/797/1251 1853/811/1273 1854/212/1260
f 1831/799/1254 1620/812/658 1847/803/1262
f 1846/1127/624 1845/1121/1252 1861/1126/1274
f 1859/1124/1270 1858/1123/1268 1873/1128/1275 1874/1129/1276
f 1852/810/1271 1851/809/1269 1866/813/1277 1867/814/1278
f 1860/1125/1272 1859/1124/1270 1874/1129/1276 1875/1130/1279
f 1853/811/1273 1852/810/1271 1867/814/1278 1868/815/1280
f 1861/1126/1274 1860/1125/1272 1875/1130/1279 1876/1131/1281
f 1854/212/1260 1853/811/1273 1868/815/1280 1869/218/1282
f 1847/803/1262 1620/816/658 1862/817/1283
f 1846/1132/624 1861/1126/1274 1876/1131/1281
f 1855/213/1261 1854/212/1260 1869/218/1282 1870/219/1284
f 1848/804/1263 1847/803/1262 1862/817/1283 1863/818/1285
f 1856/214/1264 1855/213/1261 1870/219/1284 1871/220/1286
f 1849/805/1265 1848/804/1263 1863/818/1285 1864/819/1287
f 1857/534/1266 1856/214/1264 1871/220/1286 1872/1133/1288
f 1850/808/1267 1849/805/1265 1864/819/1287 1865/821/1289
f 1858/1123/1268 1857/534/1266 1872/1133/1288 1873/1128/1275
f 1851/809/1269 1850/808/1267 1865/821/1289 1866/813/1277
f 1863/818/1285 1862/817/1283 1877/822/1290 1878/823/1291
f 1871/220/1286 1870/219/1284 1885/233/1292 1886/234/1293
f 1864/819/1287 1863/818/1285 1878/823/1291 1879/824/1294
f 1872/1133/1288 1871/220/1286 1886/234/1293 1887/1134/1295
f 1865/821/1289 1864/819/1287 1879/824/1294 1880/827/1296
f 1873/1128/1275 1872/1133/1288 1887/1134/1295 1888/1135/1297
f 1866/813/1277 1865/821/1289 1880/827/1296 1881/828/1298
f 1874/1129/1276 1873/1128/1275 1888/1135/1297 1889/1136/1299
f 1867/814/1278 1866/813/1277 1881/828/1298 1882/829/1300
f 1875/1130/1279 1874/1129/1276 1889/1136/1299 1890/1137/1301
f 1868/815/1280 1867/814/1278 1882/829/1300 1883/830/1302
f 1876/1131/1281 1875/1130/1279 1890/1137/1301 1891/1138/1303
f 1869/218/1282 1868/815/1280 1883/830/1302 1884/232/1304
f 1862/817/1283 1620/831/658 1877/822/1290
f 1846/1139/624 1876/1131/1281 1891/1138/1303
f 1870/219/1284 1869/218/1282 1884/232/1304 1885/233/1292
f 1882/829/1300 1881/828/1298 1896/832/1305 1897/833/1306
f 1890/1137/1301 1889/1136/1299 1904/1140/1307 1905/1141/1308
f 1883/830/1302 1882/829/1300 1897/833/1306 1898/834/1309
f 1891/1138/1303 1890/1137/1301 1905/1141/1308 1906/1142/1310
f 1884/232/1304 1883/830/1302 1898/834/1309 1899/238/71
f 1877/822/1290 1620/835/658 1892/836/1311
f 1846/1143/624 1891/1138/1303 1906/1142/1310
f 1885/233/1292 1884/232/1304 1899/238/71 1900/239/1312
f 1878/823/1291 1877/822/1290 1892/836/1311 1893/837/1313
f 1886/234/1293 1885/233/1292 1900/239/1312 1901/240/1314
f 1879/824/1294 1878/823/1291 1893/837/1313 1894/838/1315
f 1887/1134/1295 1886/234/1293 1901/240/1314 1902/992/1316
f 1880/827/1296 1879/824/1294 1894/838/1315 1895/841/1317
f 1888/1135/1297 1887/1134/1295 1902/992/1316 1903/1144/1318
f 1881/828/1298 1880/827/1296 1895/841/1317 1896/832/1305
f 1889/1136/1299 1888/1135/1297 1903/1144/1318 1904/1140/1307
f 1901/260/1314 1900/256/1312 1915/259/1319 1916/261/1320
f 1894/842/1315 1893/843/1313 1908/844/1321 1909/845/1322
f 1902/994/1316 1901/260/1314 1916/261/1320 1917/993/1323
f 1895/847/1317 1894/842/1315 1909/845/1322 1910/848/1324
f 1903/1145/1318 1902/994/1316 1917/993/1323 1918/1146/1325
f 1896/849/1305 1895/847/1317 1910/848/1324 1911/850/1326
f 1904/1147/1307 1903/1145/1318 1918/1146/1325 1919/1148/1327
f 1897/851/1306 1896/849/1305 1911/850/1326 1912/852/1328
f 1905/1149/1308 1904/1147/1307 1919/1148/1327 1920/1150/1329
f 1898/853/1309 1897/851/1306 1912/852/1328 1913/854/1330
f 1906/1151/1310 1905/1149/1308 1920/1150/1329 1921/1152/1331
f 1899/257/71 1898/853/1309 1913/854/1330 1914/258/1332
f 1892/855/1311 1620/856/658 1907/857/1333
f 1846/1153/624 1906/1151/1310 1921/1152/1331
f 1900/256/1312 1899/257/71 1914/258/1332 1915/259/1319
f 1893/843/1313 1892/855/1311 1907/857/1333 1908/844/1321
f 1920/1150/1329 1919/1148/1327 1934/1154/1334 1935/1155/1335
f 1913/854/1330 1912/852/1328 1927/858/1336 1928/859/1337
f 1921/1152/1331 1920/1150/1329 1935/1155/1335 1936/1156/1338
f 1914/258/1332 1913/854/1330 1928/859/1337 1929/274/1339
f 1907/857/1333 1620/860/658 1922/861/1340
f 1846/1157/624 1921/1152/1331 1936/1156/1338
f 1915/259/1319 1914/258/1332 1929/274/1339 1930/265/1341
f 1908/844/1321 1907/857/1333 1922/861/1340 1923/862/1342
f 1916/261/1320 1915/259/1319 1930/265/1341 1931/266/1343
f 1909/845/1322 1908/844/1321 1923/862/1342 1924/863/1344
f 1917/993/1323 1916/261/1320 1931/266/1343 1932/551/1345
f 1910/848/1324 1909/845/1322 1924/863/1344 1925/865/1346
f 1918/1146/1325 1917/993/1323 1932/551/1345 1933/1158/1347
f 1911/850/1326 1910/848/1324 1925/865/1346 1926/866/1348
f 1919/1148/1327 1918/1146/1325 1933/1158/1347 1934/1154/1334
f 1912/852/1328 1911/850/1326 1926/866/1348 1927/858/1336
f 1932/551/1345 1931/266/1343 1946/279/1349 1947/554/1350
f 1925/865/1346 1924/863/1344 1939/868/1351 1940/870/1352
f 1933/1158/1347 1932/551/1345 1947/554/1350 1948/1159/1353
f 1926/866/1348 1925/865/1346 1940/870/1352 1941/871/1354
f 1934/1154/1334 1933/1158/1347 1948/1159/1353 1949/1160/1355
f 1927/858/1336 1926/866/1348 1941/871/1354 1942/872/1356
f 1935/1155/1335 1934/1154/1334 1949/1160/1355 1950/1161/1357
f 1928/859/1337 1927/858/1336 1942/872/1356 1943/873/1358
f 1936/1156/1338 1935/1155/1335 1950/1161/1357 1951/1162/1359
f 1929/274/1339 1928/859/1337 1943/873/1358 1944/277/1360
f 1922/861/1340 1620/874/658 1937/875/1361
f 1846/1163/624 1936/1156/1338 1951/1162/1359
f 1930/265/1341 1929/274/1339 1944/277/1360 1945/278/1362
f 1923/862/1342 1922/861/1340 1937/875/1361 1938/867/1363
f 1931/266/1343 1930/265/1341 1945/278/1362 1946/279/1349
f 1924/863/1344 1923/862/1342 1938/867/1363 1939/868/1351
f 1951/1162/1359 1950/1161/1357 1965/1164/1364 1966/1165/1365
f 1944/277/1360 1943/873/1358 1958/877/1366 1959/293/1367
f 1937/875/1361 1620/878/658 1952/879/1368
f 1846/1166/624 1951/1162/1359 1966/1165/1365
f 1945/278/1362 1944/277/1360 1959/293/1367 1960/294/1369
f 1938/867/1363 1937/875/1361 1952/879/1368 1953/880/1370
f 1946/279/1349 1945/278/1362 1960/294/1369 1961/295/1371
f 1939/868/1351 1938/867/1363 1953/880/1370 1954/881/1372
f 1947/554/1350 1946/279/1349 1961/295/1371 1962/556/1373
f 1940/870/1352 1939/868/1351 1954/881/1372 1955/883/1374
f 1948/1159/1353 1947/554/1350 1962/556/1373 1963/1167/1375
f 1941/871/1354 1940/870/1352 1955/883/1374 1956/884/1376
f 1949/1160/1355 1948/1159/1353 1963/1167/1375 1964/1168/1377
f 1942/872/1356 1941/871/1354 1956/884/1376 1957/876/1378
f 1950/1161/1357 1949/1160/1355 1964/1168/1377 1965/1164/1364
f 1943/873/1358 1942/872/1356 1957/876/1378 1958/877/1366
f 1955/883/1374 1954/881/1372 1969/887/1379 1970/888/1380
f 1963/1167/1375 1962/556/1373 1977/559/1381 1978/1169/1382
f 1956/884/1376 1955/883/1374 1970/888/1380 1971/889/1383
f 1964/1168/1377 1963/1167/1375 1978/1169/1382 1979/1170/1384
f 1957/876/1378 1956/884/1376 1971/889/1383 1972/890/1385
f 1965/1164/1364 1964/1168/1377 1979/1170/1384 1980/1171/1386
f 1958/877/1366 1957/876/1378 1972/890/1385 1973/891/1387
f 1966/1165/1365 1965/1164/1364 1980/1171/1386 1981/1172/1388
f 1959/293/1367 1958/877/1366 1973/891/1387 1974/298/1389
f 1952/879/1368 1620/892/658 1967/893/1390
f 1846/1173/624 1966/1165/1365 1981/1172/1388
f 1960/294/1369 1959/293/1367 1974/298/1389 1975/299/1391
f 1953/880/1370 1952/879/1368 1967/893/1390 1968/894/1392
f 1961/295/1371 1960/294/1369 1975/299/1391 1976/300/1393
f 1954/881/1372 1953/880/1370 1968/894/1392 1969/887/1379
f 1962/556/1373 1961/295/1371 1976/300/1393 1977/559/1381
f 1974/298/1389 1973/891/1387 1988/895/1394 1989/311/1395
f 1967/893/1390 1620/896/658 1982/897/1396
f 1846/1174/624 1981/1172/1388 1996/1175/1397
f 1975/299/1391 1974/298/1389 1989/311/1395 1990/312/1398
f 1968/894/1392 1967/893/1390 1982/897/1396 1983/898/1399
f 1976/300/1393 1975/299/1391 1990/312/1398 1991/313/1400
f 1969/887/1379 1968/894/1392 1983/898/1399 1984/899/1401
f 1977/559/1381 1976/300/1393 1991/313/1400 1992/562/1402
f 1970/888/1380 1969/887/1379 1984/899/1401 1985/901/1403
f 1978/1169/1382 1977/559/1381 1992/562/1402 1993/1176/1404
f 1971/889/1383 1970/888/1380 1985/901/1403 1986/902/1405
f 1979/1170/1384 1978/1169/1382 1993/1176/1404 1994/1177/1406
f 1972/890/1385 1971/889/1383 1986/902/1405 1987/903/1407
f 1980/1171/1386 1979/1170/1384 1994/1177/1406 1995/1178/1408
f 1973/891/1387 1972/890/1385 1987/903/1407 1988/895/1394
f 1981/1172/1388 1980/1171/1386 1995/1178/1408 1996/1175/1397
f 1993/1176/1404 1992/562/1402 2007/1179/1409 2008/1180/1410
f 1986/902/1405 1985/901/1403 2000/904/1411 2001/905/1412
f 1994/1177/1406 1993/1176/1404 2008/1180/1410 2009/1181/1413
f 1987/903/1407 1986/902/1405 2001/905/1412 2002/906/1414
f 1995/1178/1408 1994/1177/1406 2009/1181/1413 2010/1182/1415
f 1988/895/1394 1987/903/1407 2002/906/1414 2003/907/1416
f 1996/1175/1397 1995/1178/1408 2010/1182/1415 2011/1183/1417
f 1989/311/1395 1988/895/1394 2003/907/1416 2004/316/1418
f 1982/897/1396 1620/908/658 1997/909/1419
f 1846/1184/624 1996/1175/1397 2011/1183/1417
f 1990/312/1398 1989/311/1395 2004/316/1418 2005/317/1420
f 1983/898/1399 1982/897/1396 1997/909/1419 1998/910/1421
f 1991/313/1400 1990/312/1398 2005/317/1420 2006/318/1422
f 1984/899/1401 1983/898/1399 1998/910/1421 1999/911/1423
f 1992/562/1402 1991/313/1400 2006/318/1422 2007/1179/1409
f 1985/901/1403 1984/899/1401 1999/911/1423 2000/904/1411
f 1997/909/1419 1620/912/658 2012/613/951
f 1846/1185/624 2011/1183/1417 2020/1015/953
f 2005/317/1420 2004/316/1418 1542/15/12 1543/14/955
f 1998/910/1421 1997/909/1419 2012/613/951 2013/616/957
f 2006/318/1422 2005/317/1420 1543/14/955 2016/18/959
f 1999/911/1423 1998/910/1421 2013/616/957 1539/618/961
f 2007/1179/1409 2006/318/1422 2016/18/959 1544/1017/963
f 2000/904/1411 1999/911/1423 1539/618/961 2014/622/965
f 2008/1180/1410 2007/1179/1409 1544/1017/963 2017/1018/967
f 2001/905/1412 2000/904/1411 2014/622/965 1540/624/969
f 2009/1181/1413 2008/1180/1410 2017/1018/967 2018/1020/971
f 2002/906/1414 2001/905/1412 1540/624/969 2015/626/973
f 2010/1182/1415 2009/1181/1413 2018/1020/971 2019/1022/975
f 2003/907/1416 2002/906/1414 2015/626/973 1541/611/948
f 2011/1183/1417 2010/1182/1415 2019/1022/975 2020/1015/953
f 2004/316/1418 2003/907/1416 1541/611/948 1542/15/12
usemtl Material.003
f 2024/15/12 2023/611/948 2033/612/949 2034/16/950
f 2494/613/951 2102/614/658 2027/615/952
f 2328/1014/624 2502/1015/953 2041/1016/954
f 2025/14/955 2024/15/12 2034/16/950 2035/17/956
f 2495/616/957 2494/613/951 2027/615/952 2028/617/958
f 2498/18/959 2025/14/955 2035/17/956 2036/19/960
f 2021/618/961 2495/616/957 2028/617/958 2029/619/962
f 2026/1017/963 2498/18/959 2036/19/960 2037/508/964
f 2496/622/965 2021/618/961 2029/619/962 2030/623/966
f 2499/1018/967 2026/1017/963 2037/508/964 2038/1019/968
f 2022/624/969 2496/622/965 2030/623/966 2031/625/970
f 2500/1020/971 2499/1018/967 2038/1019/968 2039/1021/972
f 2497/626/973 2022/624/969 2031/625/970 2032/627/974
f 2501/1022/975 2500/1020/971 2039/1021/972 2040/1023/976
f 2023/611/948 2497/626/973 2032/627/974 2033/612/949
f 2502/1015/953 2501/1022/975 2040/1023/976 2041/1016/954
f 2033/612/949 2032/627/974 2047/628/977 2048/629/978
f 2041/1016/954 2040/1023/976 2055/1024/979 2056/1025/980
f 2034/16/950 2033/612/949 2048/629/978 2049/30/981
f 2027/615/952 2102/630/658 2042/631/982
f 2328/1026/624 2041/1016/954 2056/1025/980
f 2035/17/956 2034/16/950 2049/30/981 2050/20/983
f 2028/617/958 2027/615/952 2042/631/982 2043/632/984
f 2036/19/960 2035/17/956 2050/20/983 2051/21/985
f 2029/619/962 2028/617/958 2043/632/984 2044/633/986
f 2037/508/964 2036/19/960 2051/21/985 2052/509/987
f 2030/623/966 2029/619/962 2044/633/986 2045/636/988
f 2038/1019/968 2037/508/964 2052/509/987 2053/1027/989
f 2031/625/970 2030/623/966 2045/636/988 2046/637/990
f 2039/1021/972 2038/1019/968 2053/1027/989 2054/1028/991
f 2032/627/974 2031/625/970 2046/637/990 2047/628/977
f 2040/1023/976 2039/1021/972 2054/1028/991 2055/1024/979
f 2052/509/987 2051/21/985 2066/35/992 2067/510/993
f 2045/636/988 2044/633/986 2059/639/994 2060/640/995
f 2053/1027/989 2052/509/987 2067/510/993 2068/1029/996
f 2046/637/990 2045/636/988 2060/640/995 2061/641/997
f 2054/1028/991 2053/1027/989 2068/1029/996 2069/1030/998
f 2047/628/977 2046/637/990 2061/641/997 2062/642/999
f 2055/1024/979 2054/1028/991 2069/1030/998 2070/1031/1000
f 2048/629/978 2047/628/977 2062/642/999 2063/643/1001
f 2056/1025/980 2055/1024/979 2070/1031/1000 2071/1032/1002
f 2049/30/981 2048/629/978 2063/643/1001 2064/33/1003
f 2042/631/982 2102/644/658 2057/645/1004
f 2328/1033/624 2056/1025/980 2071/1032/1002
f 2050/20/983 2049/30/981 2064/33/1003 2065/34/1005
f 2043/632/984 2042/631/982 2057/645/1004 2058/646/1006
f 2051/21/985 2050/20/983 2065/34/1005 2066/35/992
f 2044/633/986 2043/632/984 2058/646/1006 2059/639/994
f 2071/1032/1002 2070/1031/1000 2085/1034/1007 2086/1035/1008
f 2064/33/1003 2063/643/1001 2078/647/1009 2079/48/1010
f 2057/645/1004 2102/648/658 2072/649/1011
f 2328/1036/624 2071/1032/1002 2086/1035/1008
f 2065/34/1005 2064/33/1003 2079/48/1010 2080/49/1012
f 2058/646/1006 2057/645/1004 2072/649/1011 2073/650/1013
f 2066/35/992 2065/34/1005 2080/49/1012 2081/50/1014
f 2059/639/994 2058/646/1006 2073/650/1013 2074/651/1015
f 2067/510/993 2066/35/992 2081/50/1014 2082/511/1016
f 2060/640/995 2059/639/994 2074/651/1015 2075/653/1017
f 2068/1029/996 2067/510/993 2082/511/1016 2083/1037/1018
f 2061/641/997 2060/640/995 2075/653/1017 2076/654/1019
f 2069/1030/998 2068/1029/996 2083/1037/1018 2084/1038/1020
f 2062/642/999 2061/641/997 2076/654/1019 2077/655/1021
f 2070/1031/1000 2069/1030/998 2084/1038/1020 2085/1034/1007
f 2063/643/1001 2062/642/999 2077/655/1021 2078/647/1009
f 2075/653/1017 2074/651/1015 2089/656/1022 2090/657/1023
f 2083/1037/1018 2082/511/1016 2097/512/1024 2098/1039/1025
f 2076/654/1019 2075/653/1017 2090/657/1023 2091/658/1026
f 2084/1038/1020 2083/1037/1018 2098/1039/1025 2099/1040/1027
f 2077/655/1021 2076/654/1019 2091/658/1026 2092/659/1028
f 2085/1034/1007 2084/1038/1020 2099/1040/1027 2100/1041/1029
f 2078/647/1009 2077/655/1021 2092/659/1028 2093/660/1030
f 2086/1035/1008 2085/1034/1007 2100/1041/1029 2101/1042/1031
f 2079/48/1010 2078/647/1009 2093/660/1030 2094/53/1032
f 2072/649/1011 2102/661/658 2087/662/1033
f 2328/1043/624 2086/1035/1008 2101/1042/1031
f 2080/49/1012 2079/48/1010 2094/53/1032 2095/54/1034
f 2073/650/1013 2072/649/1011 2087/662/1033 2088/663/1035
f 2081/50/1014 2080/49/1012 2095/54/1034 2096/55/1036
f 2074/651/1015 2073/650/1013 2088/663/1035 2089/656/1022
f 2082/511/1016 2081/50/1014 2096/55/1036 2097/512/1024
f 2094/53/1032 2093/660/1030 2109/665/1037 2110/67/1038
f 2087/662/1033 2102/666/658 2103/667/1039
f 2328/1044/624 2101/1042/1031 2117/1045/1040
f 2095/54/1034 2094/53/1032 2110/67/1038 2111/68/1041
f 2088/663/1035 2087/662/1033 2103/667/1039 2104/668/1042
f 2096/55/1036 2095/54/1034 2111/68/1041 2112/69/1043
f 2089/656/1022 2088/663/1035 2104/668/1042 2105/669/1044
f 2097/512/1024 2096/55/1036 2112/69/1043 2113/1046/1045
f 2090/657/1023 2089/656/1022 2105/669/1044 2106/671/1046
f 2098/1039/1025 2097/512/1024 2113/1046/1045 2114/1047/1047
f 2091/658/1026 2090/657/1023 2106/671/1046 2107/672/1048
f 2099/1040/1027 2098/1039/1025 2114/1047/1047 2115/1048/1049
f 2092/659/1028 2091/658/1026 2107/672/1048 2108/673/1050
f 2100/1041/1029 2099/1040/1027 2115/1048/1049 2116/1049/1051
f 2093/660/1030 2092/659/1028 2108/673/1050 2109/665/1037
f 2101/1042/1031 2100/1041/1029 2116/1049/1051 2117/1045/1040
f 2114/1047/1047 2113/1046/1045 2128/515/1052 2129/1050/1053
f 2107/672/1048 2106/671/1046 2121/674/1054 2122/675/1055
f 2115/1048/1049 2114/1047/1047 2129/1050/1053 2130/1051/1056
f 2108/673/1050 2107/672/1048 2122/675/1055 2123/676/1057
f 2116/1049/1051 2115/1048/1049 2130/1051/1056 2131/1052/1058
f 2109/665/1037 2108/673/1050 2123/676/1057 2124/677/1059
f 2117/1045/1040 2116/1049/1051 2131/1052/1058 2132/1053/1060
f 2110/67/1038 2109/665/1037 2124/677/1059 2125/72/1061
f 2103/667/1039 2102/678/658 2118/679/1062
f 2328/1054/624 2117/1045/1040 2132/1053/1060
f 2111/68/1041 2110/67/1038 2125/72/1061 2126/73/1063
f 2104/668/1042 2103/667/1039 2118/679/1062 2119/680/1064
f 2112/69/1043 2111/68/1041 2126/73/1063 2127/74/1065
f 2105/669/1044 2104/668/1042 2119/680/1064 2120/681/1066
f 2113/1046/1045 2112/69/1043 2127/74/1065 2128/515/1052
f 2106/671/1046 2105/669/1044 2120/681/1066 2121/674/1054
f 2328/1055/624 2132/1053/1060 2147/1056/1067
f 2126/73/1063 2125/72/1061 2140/84/196 2141/85/1068
f 2119/680/1064 2118/679/1062 2133/684/1069 2134/685/1070
f 2127/74/1065 2126/73/1063 2141/85/1068 2142/86/1071
f 2120/681/1066 2119/680/1064 2134/685/1070 2135/686/1072
f 2128/515/1052 2127/74/1065 2142/86/1071 2143/1057/1073
f 2121/674/1054 2120/681/1066 2135/686/1072 2136/689/1074
f 2129/1050/1053 2128/515/1052 2143/1057/1073 2144/1058/1075
f 2122/675/1055 2121/674/1054 2136/689/1074 2137/690/1076
f 2130/1051/1056 2129/1050/1053 2144/1058/1075 2145/1059/1077
f 2123/676/1057 2122/675/1055 2137/690/1076 2138/691/1078
f 2131/1052/1058 2130/1051/1056 2145/1059/1077 2146/1060/1079
f 2124/677/1059 2123/676/1057 2138/691/1078 2139/692/1080
f 2132/1053/1060 2131/1052/1058 2146/1060/1079 2147/1056/1067
f 2125/72/1061 2124/677/1059 2139/692/1080 2140/84/196
f 2118/679/1062 2102/683/658 2133/684/1069
f 2145/1059/1077 2144/1058/1075 2159/1061/1081 2160/1062/1082
f 2138/691/1078 2137/690/1076 2152/694/1083 2153/695/1084
f 2146/1060/1079 2145/1059/1077 2160/1062/1082 2161/1063/1085
f 2139/692/1080 2138/691/1078 2153/695/1084 2154/696/1086
f 2147/1056/1067 2146/1060/1079 2161/1063/1085 2162/1064/1087
f 2140/84/196 2139/692/1080 2154/696/1086 2155/89/1088
f 2133/684/1069 2102/697/658 2148/698/1089
f 2328/1065/624 2147/1056/1067 2162/1064/1087
f 2141/85/1068 2140/84/196 2155/89/1088 2156/90/1090
f 2134/685/1070 2133/684/1069 2148/698/1089 2149/699/1091
f 2142/86/1071 2141/85/1068 2156/90/1090 2157/91/1092
f 2135/686/1072 2134/685/1070 2149/699/1091 2150/700/1093
f 2143/1057/1073 2142/86/1071 2157/91/1092 2158/1066/1094
f 2136/689/1074 2135/686/1072 2150/700/1093 2151/693/1095
f 2144/1058/1075 2143/1057/1073 2158/1066/1094 2159/1061/1081
f 2137/690/1076 2136/689/1074 2151/693/1095 2152/694/1083
f 2149/699/1091 2148/698/1089 2163/703/1096 2164/704/1097
f 2157/91/1092 2156/90/1090 2171/104/1098 2172/105/1099
f 2150/700/1093 2149/699/1091 2164/704/1097 2165/705/1100
f 2158/1066/1094 2157/91/1092 2172/105/1099 2173/1067/1101
f 2151/693/1095 2150/700/1093 2165/705/1100 2166/707/1102
f 2159/1061/1081 2158/1066/1094 2173/1067/1101 2174/1068/1103
f 2152/694/1083 2151/693/1095 2166/707/1102 2167/708/1104
f 2160/1062/1082 2159/1061/1081 2174/1068/1103 2175/1069/1105
f 2153/695/1084 2152/694/1083 2167/708/1104 2168/709/1106
f 2161/1063/1085 2160/1062/1082 2175/1069/1105 2176/1070/1107
f 2154/696/1086 2153/695/1084 2168/709/1106 2169/710/1108
f 2162/1064/1087 2161/1063/1085 2176/1070/1107 2177/1071/1109
f 2155/89/1088 2154/696/1086 2169/710/1108 2170/103/1110
f 2148/698/1089 2102/711/658 2163/703/1096
f 2328/1072/624 2162/1064/1087 2177/1071/1109
f 2156/90/1090 2155/89/1088 2170/103/1110 2171/104/1098
f 2168/709/1106 2167/708/1104 2182/712/1111 2183/713/1112
f 2176/1070/1107 2175/1069/1105 2190/1073/1113 2191/1074/1114
f 2169/710/1108 2168/709/1106 2183/713/1112 2184/714/1115
f 2177/1071/1109 2176/1070/1107 2191/1074/1114 2192/1075/1116
f 2170/103/1110 2169/710/1108 2184/714/1115 2185/108/1117
f 2163/703/1096 2102/715/658 2178/716/1118
f 2328/1076/624 2177/1071/1109 2192/1075/1116
f 2171/104/1098 2170/103/1110 2185/108/1117 2186/109/1119
f 2164/704/1097 2163/703/1096 2178/716/1118 2179/717/1120
f 2172/105/1099 2171/104/1098 2186/109/1119 2187/110/1121
f 2165/705/1100 2164/704/1097 2179/717/1120 2180/718/1122
f 2173/1067/1101 2172/105/1099 2187/110/1121 2188/519/1123
f 2166/707/1102 2165/705/1100 2180/718/1122 2181/720/1124
f 2174/1068/1103 2173/1067/1101 2188/519/1123 2189/1077/1125
f 2167/708/1104 2166/707/1102 2181/720/1124 2182/712/1111
f 2175/1069/1105 2174/1068/1103 2189/1077/1125 2190/1073/1113
f 2187/110/1121 2186/109/1119 2201/123/1126 2202/124/1127
f 2180/718/1122 2179/717/1120 2194/721/1128 2195/722/1129
f 2188/519/1123 2187/110/1121 2202/124/1127 2203/520/1130
f 2181/720/1124 2180/718/1122 2195/722/1129 2196/724/1131
f 2189/1077/1125 2188/519/1123 2203/520/1130 2204/1078/1132
f 2182/712/1111 2181/720/1124 2196/724/1131 2197/725/1133
f 2190/1073/1113 2189/1077/1125 2204/1078/1132 2205/1079/1134
f 2183/713/1112 2182/712/1111 2197/725/1133 2198/726/1135
f 2191/1074/1114 2190/1073/1113 2205/1079/1134 2206/1080/1136
f 2184/714/1115 2183/713/1112 2198/726/1135 2199/727/1137
f 2192/1075/1116 2191/1074/1114 2206/1080/1136 2207/1081/1138
f 2185/108/1117 2184/714/1115 2199/727/1137 2200/122/1139
f 2178/716/1118 2102/728/658 2193/729/1140
f 2328/1082/624 2192/1075/1116 2207/1081/1138
f 2186/109/1119 2185/108/1117 2200/122/1139 2201/123/1126
f 2179/717/1120 2178/716/1118 2193/729/1140 2194/721/1128
f 2206/1080/1136 2205/1079/1134 2220/1083/1141 2221/1084/1142
f 2199/727/1137 2198/726/1135 2213/730/1143 2214/731/1144
f 2207/1081/1138 2206/1080/1136 2221/1084/1142 2222/1085/1145
f 2200/122/1139 2199/727/1137 2214/731/1144 2215/136/1146
f 2193/729/1140 2102/732/658 2208/733/1147
f 2328/1086/624 2207/1081/1138 2222/1085/1145
f 2201/123/1126 2200/122/1139 2215/136/1146 2216/127/1148
f 2194/721/1128 2193/729/1140 2208/733/1147 2209/734/1149
f 2202/124/1127 2201/123/1126 2216/127/1148 2217/128/1150
f 2195/722/1129 2194/721/1128 2209/734/1149 2210/735/1151
f 2203/520/1130 2202/124/1127 2217/128/1150 2218/521/1152
f 2196/724/1131 2195/722/1129 2210/735/1151 2211/737/1153
f 2204/1078/1132 2203/520/1130 2218/521/1152 2219/1087/1154
f 2197/725/1133 2196/724/1131 2211/737/1153 2212/738/1155
f 2205/1079/1134 2204/1078/1132 2219/1087/1154 2220/1083/1141
f 2198/726/1135 2197/725/1133 2212/738/1155 2213/730/1143
f 2210/735/1151 2209/734/1149 2224/739/1156 2225/740/1157
f 2218/521/1152 2217/128/1150 2232/144/1158 2233/523/1159
f 2211/737/1153 2210/735/1151 2225/740/1157 2226/742/1160
f 2219/1087/1154 2218/521/1152 2233/523/1159 2234/1088/1161
f 2212/738/1155 2211/737/1153 2226/742/1160 2227/743/1162
f 2220/1083/1141 2219/1087/1154 2234/1088/1161 2235/1089/1163
f 2213/730/1143 2212/738/1155 2227/743/1162 2228/744/1164
f 2221/1084/1142 2220/1083/1141 2235/1089/1163 2236/1090/1165
f 2214/731/1144 2213/730/1143 2228/744/1164 2229/745/1166
f 2222/1085/1145 2221/1084/1142 2236/1090/1165 2237/1091/1167
f 2215/136/1146 2214/731/1144 2229/745/1166 2230/142/1168
f 2208/733/1147 2102/746/658 2223/747/1169
f 2328/1092/624 2222/1085/1145 2237/1091/1167
f 2216/127/1148 2215/136/1146 2230/142/1168 2231/143/1170
f 2209/734/1149 2208/733/1147 2223/747/1169 2224/739/1156
f 2217/128/1150 2216/127/1148 2231/143/1170 2232/144/1158
f 2229/745/1166 2228/744/1164 2243/748/1171 2244/749/1172
f 2237/1091/1167 2236/1090/1165 2251/1093/1173 2252/1094/1174
f 2230/142/1168 2229/745/1166 2244/749/1172 2245/157/1175
f 2223/747/1169 2102/750/658 2238/751/1176
f 2328/1095/624 2237/1091/1167 2252/1094/1174
f 2231/143/1170 2230/142/1168 2245/157/1175 2246/148/1177
f 2224/739/1156 2223/747/1169 2238/751/1176 2239/752/1178
f 2232/144/1158 2231/143/1170 2246/148/1177 2247/149/1179
f 2225/740/1157 2224/739/1156 2239/752/1178 2240/753/1180
f 2233/523/1159 2232/144/1158 2247/149/1179 2248/524/1181
f 2226/742/1160 2225/740/1157 2240/753/1180 2241/755/1182
f 2234/1088/1161 2233/523/1159 2248/524/1181 2249/1096/1183
f 2227/743/1162 2226/742/1160 2241/755/1182 2242/756/1184
f 2235/1089/1163 2234/1088/1161 2249/1096/1183 2250/1097/1185
f 2228/744/1164 2227/743/1162 2242/756/1184 2243/748/1171
f 2236/1090/1165 2235/1089/1163 2250/1097/1185 2251/1093/1173
f 2248/524/1181 2247/149/1179 2262/162/1186 2263/525/1187
f 2241/755/1182 2240/753/1180 2255/758/1188 2256/759/1189
f 2249/1096/1183 2248/524/1181 2263/525/1187 2264/1098/1190
f 2242/756/1184 2241/755/1182 2256/759/1189 2257/760/1191
f 2250/1097/1185 2249/1096/1183 2264/1098/1190 2265/1099/1192
f 2243/748/1171 2242/756/1184 2257/760/1191 2258/761/1193
f 2251/1093/1173 2250/1097/1185 2265/1099/1192 2266/1100/1194
f 2244/749/1172 2243/748/1171 2258/761/1193 2259/762/1195
f 2252/1094/1174 2251/1093/1173 2266/1100/1194 2267/1101/1196
f 2245/157/1175 2244/749/1172 2259/762/1195 2260/160/133
f 2238/751/1176 2102/763/658 2253/764/1197
f 2328/1102/624 2252/1094/1174 2267/1101/1196
f 2246/148/1177 2245/157/1175 2260/160/133 2261/161/1198
f 2239/752/1178 2238/751/1176 2253/764/1197 2254/765/1199
f 2247/149/1179 2246/148/1177 2261/161/1198 2262/162/1186
f 2240/753/1180 2239/752/1178 2254/765/1199 2255/758/1188
f 2267/1101/1196 2266/1100/1194 2281/1103/1200 2282/1104/1201
f 2260/160/133 2259/762/1195 2274/766/1202 2275/175/1203
f 2253/764/1197 2102/767/658 2268/768/1204
f 2328/1105/624 2267/1101/1196 2282/1104/1201
f 2261/161/1198 2260/160/133 2275/175/1203 2276/176/1205
f 2254/765/1199 2253/764/1197 2268/768/1204 2269/769/1206
f 2262/162/1186 2261/161/1198 2276/176/1205 2277/177/1207
f 2255/758/1188 2254/765/1199 2269/769/1206 2270/770/1208
f 2263/525/1187 2262/162/1186 2277/177/1207 2278/526/1209
f 2256/759/1189 2255/758/1188 2270/770/1208 2271/772/1210
f 2264/1098/1190 2263/525/1187 2278/526/1209 2279/1106/1211
f 2257/760/1191 2256/759/1189 2271/772/1210 2272/773/1212
f 2265/1099/1192 2264/1098/1190 2279/1106/1211 2280/1107/1213
f 2258/761/1193 2257/760/1191 2272/773/1212 2273/774/1214
f 2266/1100/1194 2265/1099/1192 2280/1107/1213 2281/1103/1200
f 2259/762/1195 2258/761/1193 2273/774/1214 2274/766/1202
f 2279/1106/1211 2278/526/1209 2293/528/1215 2294/1108/1216
f 2272/773/1212 2271/772/1210 2286/776/1217 2287/777/1218
f 2280/1107/1213 2279/1106/1211 2294/1108/1216 2295/1109/1219
f 2273/774/1214 2272/773/1212 2287/777/1218 2288/778/1220
f 2281/1103/1200 2280/1107/1213 2295/1109/1219 2296/1110/1221
f 2274/766/1202 2273/774/1214 2288/778/1220 2289/779/1222
f 2282/1104/1201 2281/1103/1200 2296/1110/1221 2297/1111/1223
f 2275/175/1203 2274/766/1202 2289/779/1222 2290/180/1224
f 2268/768/1204 2102/780/658 2283/781/1225
f 2328/1112/624 2282/1104/1201 2297/1111/1223
f 2276/176/1205 2275/175/1203 2290/180/1224 2291/181/1226
f 2269/769/1206 2268/768/1204 2283/781/1225 2284/782/1227
f 2277/177/1207 2276/176/1205 2291/181/1226 2292/182/1228
f 2270/770/1208 2269/769/1206 2284/782/1227 2285/775/1229
f 2278/526/1209 2277/177/1207 2292/182/1228 2293/528/1215
f 2271/772/1210 2270/770/1208 2285/775/1229 2286/776/1217
f 2283/781/1225 2102/786/658 2298/787/1230
f 2328/1113/624 2297/1111/1223 2312/1114/1231
f 2291/181/1226 2290/180/1224 2305/191/1232 2306/192/1233
f 2284/782/1227 2283/781/1225 2298/787/1230 2299/788/1234
f 2292/182/1228 2291/181/1226 2306/192/1233 2307/193/1235
f 2285/775/1229 2284/782/1227 2299/788/1234 2300/789/1236
f 2293/528/1215 2292/182/1228 2307/193/1235 2308/529/1237
f 2286/776/1217 2285/775/1229 2300/789/1236 2301/791/1238
f 2294/1108/1216 2293/528/1215 2308/529/1237 2309/1115/1239
f 2287/777/1218 2286/776/1217 2301/791/1238 2302/792/1240
f 2295/1109/1219 2294/1108/1216 2309/1115/1239 2310/1116/1241
f 2288/778/1220 2287/777/1218 2302/792/1240 2303/793/1242
f 2296/1110/1221 2295/1109/1219 2310/1116/1241 2311/1117/1243
f 2289/779/1222 2288/778/1220 2303/793/1242 2304/785/1244
f 2297/1111/1223 2296/1110/1221 2311/1117/1243 2312/1114/1231
f 2290/180/1224 2289/779/1222 2304/785/1244 2305/191/1232
f 2302/792/1240 2301/791/1238 2316/794/1245 2317/795/1246
f 2310/1116/1241 2309/1115/1239 2324/1118/1247 2325/1119/1248
f 2303/793/1242 2302/792/1240 2317/795/1246 2318/796/1249
f 2311/1117/1243 2310/1116/1241 2325/1119/1248 2326/1120/1250
f 2304/785/1244 2303/793/1242 2318/796/1249 2319/797/1251
f 2312/1114/1231 2311/1117/1243 2326/1120/1250 2327/1121/1252
f 2305/191/1232 2304/785/1244 2319/797/1251 2320/199/1253
f 2298/787/1230 2102/798/658 2313/799/1254
f 2328/1122/624 2312/1114/1231 2327/1121/1252
f 2306/192/1233 2305/191/1232 2320/199/1253 2321/200/1255
f 2299/788/1234 2298/787/1230 2313/799/1254 2314/800/1256
f 2307/193/1235 2306/192/1233 2321/200/1255 2322/201/1257
f 2300/789/1236 2299/788/1234 2314/800/1256 2315/801/1258
f 2308/529/1237 2307/193/1235 2322/201/1257 2323/533/1259
f 2301/791/1238 2300/789/1236 2315/801/1258 2316/794/1245
f 2309/1115/1239 2308/529/1237 2323/533/1259 2324/1118/1247
f 2321/200/1255 2320/199/1253 2336/212/1260 2337/213/1261
f 2314/800/1256 2313/799/1254 2329/803/1262 2330/804/1263
f 2322/201/1257 2321/200/1255 2337/213/1261 2338/214/1264
f 2315/801/1258 2314/800/1256 2330/804/1263 2331/805/1265
f 2323/533/1259 2322/201/1257 2338/214/1264 2339/534/1266
f 2316/794/1245 2315/801/1258 2331/805/1265 2332/808/1267
f 2324/1118/1247 2323/533/1259 2339/534/1266 2340/1123/1268
f 2317/795/1246 2316/794/1245 2332/808/1267 2333/809/1269
f 2325/1119/1248 2324/1118/1247 2340/1123/1268 2341/1124/1270
f 2318/796/1249 2317/795/1246 2333/809/1269 2334/810/1271
f 2326/1120/1250 2325/1119/1248 2341/1124/1270 2342/1125/1272
f 2319/797/1251 2318/796/1249 2334/810/1271 2335/811/1273
f 2327/1121/1252 2326/1120/1250 2342/1125/1272 2343/1126/1274
f 2320/199/1253 2319/797/1251 2335/811/1273 2336/212/1260
f 2313/799/1254 2102/812/658 2329/803/1262
f 2328/1127/624 2327/1121/1252 2343/1126/1274
f 2341/1124/1270 2340/1123/1268 2355/1128/1275 2356/1129/1276
f 2334/810/1271 2333/809/1269 2348/813/1277 2349/814/1278
f 2342/1125/1272 2341/1124/1270 2356/1129/1276 2357/1130/1279
f 2335/811/1273 2334/810/1271 2349/814/1278 2350/815/1280
f 2343/1126/1274 2342/1125/1272 2357/1130/1279 2358/1131/1281
f 2336/212/1260 2335/811/1273 2350/815/1280 2351/218/1282
f 2329/803/1262 2102/816/658 2344/817/1283
f 2328/1132/624 2343/1126/1274 2358/1131/1281
f 2337/213/1261 2336/212/1260 2351/218/1282 2352/219/1284
f 2330/804/1263 2329/803/1262 2344/817/1283 2345/818/1285
f 2338/214/1264 2337/213/1261 2352/219/1284 2353/220/1286
f 2331/805/1265 2330/804/1263 2345/818/1285 2346/819/1287
f 2339/534/1266 2338/214/1264 2353/220/1286 2354/1133/1288
f 2332/808/1267 2331/805/1265 2346/819/1287 2347/821/1289
f 2340/1123/1268 2339/534/1266 2354/1133/1288 2355/1128/1275
f 2333/809/1269 2332/808/1267 2347/821/1289 2348/813/1277
f 2345/818/1285 2344/817/1283 2359/822/1290 2360/823/1291
f 2353/220/1286 2352/219/1284 2367/233/1292 2368/234/1293
f 2346/819/1287 2345/818/1285 2360/823/1291 2361/824/1294
f 2354/1133/1288 2353/220/1286 2368/234/1293 2369/1134/1295
f 2347/821/1289 2346/819/1287 2361/824/1294 2362/827/1296
f 2355/1128/1275 2354/1133/1288 2369/1134/1295 2370/1135/1297
f 2348/813/1277 2347/821/1289 2362/827/1296 2363/828/1298
f 2356/1129/1276 2355/1128/1275 2370/1135/1297 2371/1136/1299
f 2349/814/1278 2348/813/1277 2363/828/1298 2364/829/1300
f 2357/1130/1279 2356/1129/1276 2371/1136/1299 2372/1137/1301
f 2350/815/1280 2349/814/1278 2364/829/1300 2365/830/1302
f 2358/1131/1281 2357/1130/1279 2372/1137/1301 2373/1138/1303
f 2351/218/1282 2350/815/1280 2365/830/1302 2366/232/1304
f 2344/817/1283 2102/831/658 2359/822/1290
f 2328/1139/624 2358/1131/1281 2373/1138/1303
f 2352/219/1284 2351/218/1282 2366/232/1304 2367/233/1292
f 2364/829/1300 2363/828/1298 2378/832/1305 2379/833/1306
f 2372/1137/1301 2371/1136/1299 2386/1140/1307 2387/1141/1308
f 2365/830/1302 2364/829/1300 2379/833/1306 2380/834/1309
f 2373/1138/1303 2372/1137/1301 2387/1141/1308 2388/1142/1310
f 2366/232/1304 2365/830/1302 2380/834/1309 2381/238/71
f 2359/822/1290 2102/835/658 2374/836/1311
f 2328/1143/624 2373/1138/1303 2388/1142/1310
f 2367/233/1292 2366/232/1304 2381/238/71 2382/239/1312
f 2360/823/1291 2359/822/1290 2374/836/1311 2375/837/1313
f 2368/234/1293 2367/233/1292 2382/239/1312 2383/240/1314
f 2361/824/1294 2360/823/1291 2375/837/1313 2376/838/1315
f 2369/1134/1295 2368/234/1293 2383/240/1314 2384/992/1316
f 2362/827/1296 2361/824/1294 2376/838/1315 2377/841/1317
f 2370/1135/1297 2369/1134/1295 2384/992/1316 2385/1144/1318
f 2363/828/1298 2362/827/1296 2377/841/1317 2378/832/1305
f 2371/1136/1299 2370/1135/1297 2385/1144/1318 2386/1140/1307
f 2383/260/1314 2382/256/1312 2397/259/1319 2398/261/1320
f 2376/842/1315 2375/843/1313 2390/844/1321 2391/845/1322
f 2384/994/1316 2383/260/1314 2398/261/1320 2399/993/1323
f 2377/847/1317 2376/842/1315 2391/845/1322 2392/848/1324
f 2385/1145/1318 2384/994/1316 2399/993/1323 2400/1146/1325
f 2378/849/1305 2377/847/1317 2392/848/1324 2393/850/1326
f 2386/1147/1307 2385/1145/1318 2400/1146/1325 2401/1148/1327
f 2379/851/1306 2378/849/1305 2393/850/1326 2394/852/1328
f 2387/1149/1308 2386/1147/1307 2401/1148/1327 2402/1150/1329
f 2380/853/1309 2379/851/1306 2394/852/1328 2395/854/1330
f 2388/1151/1310 2387/1149/1308 2402/1150/1329 2403/1152/1331
f 2381/257/71 2380/853/1309 2395/854/1330 2396/258/1332
f 2374/855/1311 2102/856/658 2389/857/1333
f 2328/1153/624 2388/1151/1310 2403/1152/1331
f 2382/256/1312 2381/257/71 2396/258/1332 2397/259/1319
f 2375/843/1313 2374/855/1311 2389/857/1333 2390/844/1321
f 2402/1150/1329 2401/1148/1327 2416/1154/1334 2417/1155/1335
f 2395/854/1330 2394/852/1328 2409/858/1336 2410/859/1337
f 2403/1152/1331 2402/1150/1329 2417/1155/1335 2418/1156/1338
f 2396/258/1332 2395/854/1330 2410/859/1337 2411/274/1339
f 2389/857/1333 2102/860/658 2404/861/1340
f 2328/1157/624 2403/1152/1331 2418/1156/1338
f 2397/259/1319 2396/258/1332 2411/274/1339 2412/265/1341
f 2390/844/1321 2389/857/1333 2404/861/1340 2405/862/1342
f 2398/261/1320 2397/259/1319 2412/265/1341 2413/266/1343
f 2391/845/1322 2390/844/1321 2405/862/1342 2406/863/1344
f 2399/993/1323 2398/261/1320 2413/266/1343 2414/551/1345
f 2392/848/1324 2391/845/1322 2406/863/1344 2407/865/1346
f 2400/1146/1325 2399/993/1323 2414/551/1345 2415/1158/1347
f 2393/850/1326 2392/848/1324 2407/865/1346 2408/866/1348
f 2401/1148/1327 2400/1146/1325 2415/1158/1347 2416/1154/1334
f 2394/852/1328 2393/850/1326 2408/866/1348 2409/858/1336
f 2414/551/1345 2413/266/1343 2428/279/1349 2429/554/1350
f 2407/865/1346 2406/863/1344 2421/868/1351 2422/870/1352
f 2415/1158/1347 2414/551/1345 2429/554/1350 2430/1159/1353
f 2408/866/1348 2407/865/1346 2422/870/1352 2423/871/1354
f 2416/1154/1334 2415/1158/1347 2430/1159/1353 2431/1160/1355
f 2409/858/1336 2408/866/1348 2423/871/1354 2424/872/1356
f 2417/1155/1335 2416/1154/1334 2431/1160/1355 2432/1161/1357
f 2410/859/1337 2409/858/1336 2424/872/1356 2425/873/1358
f 2418/1156/1338 2417/1155/1335 2432/1161/1357 2433/1162/1359
f 2411/274/1339 2410/859/1337 2425/873/1358 2426/277/1360
f 2404/861/1340 2102/874/658 2419/875/1361
f 2328/1163/624 2418/1156/1338 2433/1162/1359
f 2412/265/1341 2411/274/1339 2426/277/1360 2427/278/1362
f 2405/862/1342 2404/861/1340 2419/875/1361 2420/867/1363
f 2413/266/1343 2412/265/1341 2427/278/1362 2428/279/1349
f 2406/863/1344 2405/862/1342 2420/867/1363 2421/868/1351
f 2433/1162/1359 2432/1161/1357 2447/1164/1364 2448/1165/1365
f 2426/277/1360 2425/873/1358 2440/877/1366 2441/293/1367
f 2419/875/1361 2102/878/658 2434/879/1368
f 2328/1166/624 2433/1162/1359 2448/1165/1365
f 2427/278/1362 2426/277/1360 2441/293/1367 2442/294/1369
f 2420/867/1363 2419/875/1361 2434/879/1368 2435/880/1370
f 2428/279/1349 2427/278/1362 2442/294/1369 2443/295/1371
f 2421/868/1351 2420/867/1363 2435/880/1370 2436/881/1372
f 2429/554/1350 2428/279/1349 2443/295/1371 2444/556/1373
f 2422/870/1352 2421/868/1351 2436/881/1372 2437/883/1374
f 2430/1159/1353 2429/554/1350 2444/556/1373 2445/1167/1375
f 2423/871/1354 2422/870/1352 2437/883/1374 2438/884/1376
f 2431/1160/1355 2430/1159/1353 2445/1167/1375 2446/1168/1377
f 2424/872/1356 2423/871/1354 2438/884/1376 2439/876/1378
f 2432/1161/1357 2431/1160/1355 2446/1168/1377 2447/1164/1364
f 2425/873/1358 2424/872/1356 2439/876/1378 2440/877/1366
f 2437/883/1374 2436/881/1372 2451/887/1379 2452/888/1380
f 2445/1167/1375 2444/556/1373 2459/559/1381 2460/1169/1382
f 2438/884/1376 2437/883/1374 2452/888/1380 2453/889/1383
f 2446/1168/1377 2445/1167/1375 2460/1169/1382 2461/1170/1384
f 2439/876/1378 2438/884/1376 2453/889/1383 2454/890/1385
f 2447/1164/1364 2446/1168/1377 2461/1170/1384 2462/1171/1386
f 2440/877/1366 2439/876/1378 2454/890/1385 2455/891/1387
f 2448/1165/1365 2447/1164/1364 2462/1171/1386 2463/1172/1388
f 2441/293/1367 2440/877/1366 2455/891/1387 2456/298/1389
f 2434/879/1368 2102/892/658 2449/893/1390
f 2328/1173/624 2448/1165/1365 2463/1172/1388
f 2442/294/1369 2441/293/1367 2456/298/1389 2457/299/1391
f 2435/880/1370 2434/879/1368 2449/893/1390 2450/894/1392
f 2443/295/1371 2442/294/1369 2457/299/1391 2458/300/1393
f 2436/881/1372 2435/880/1370 2450/894/1392 2451/887/1379
f 2444/556/1373 2443/295/1371 2458/300/1393 2459/559/1381
f 2456/298/1389 2455/891/1387 2470/895/1394 2471/311/1395
f 2449/893/1390 2102/896/658 2464/897/1396
f 2328/1174/624 2463/1172/1388 2478/1175/1397
f 2457/299/1391 2456/298/1389 2471/311/1395 2472/312/1398
f 2450/894/1392 2449/893/1390 2464/897/1396 2465/898/1399
f 2458/300/1393 2457/299/1391 2472/312/1398 2473/313/1400
f 2451/887/1379 2450/894/1392 2465/898/1399 2466/899/1401
f 2459/559/1381 2458/300/1393 2473/313/1400 2474/562/1402
f 2452/888/1380 2451/887/1379 2466/899/1401 2467/901/1403
f 2460/1169/1382 2459/559/1381 2474/562/1402 2475/1176/1404
f 2453/889/1383 2452/888/1380 2467/901/1403 2468/902/1405
f 2461/1170/1384 2460/1169/1382 2475/1176/1404 2476/1177/1406
f 2454/890/1385 2453/889/1383 2468/902/1405 2469/903/1407
f 2462/1171/1386 2461/1170/1384 2476/1177/1406 2477/1178/1408
f 2455/891/1387 2454/890/1385 2469/903/1407 2470/895/1394
f 2463/1172/1388 2462/1171/1386 2477/1178/1408 2478/1175/1397
f 2475/1176/1404 2474/562/1402 2489/1179/1409 2490/1180/1410
f 2468/902/1405 2467/901/1403 2482/904/1411 2483/905/1412
f 2476/1177/1406 2475/1176/1404 2490/1180/1410 2491/1181/1413
f 2469/903/1407 2468/902/1405 2483/905/1412 2484/906/1414
f 2477/1178/1408 2476/1177/1406 2491/1181/1413 2492/1182/1415
f 2470/895/1394 2469/903/1407 2484/906/1414 2485/907/1416
f 2478/1175/1397 2477/1178/1408 2492/1182/1415 2493/1183/1417
f 2471/311/1395 2470/895/1394 2485/907/1416 2486/316/1418
f 2464/897/1396 2102/908/658 2479/909/1419
f 2328/1184/624 2478/1175/1397 2493/1183/1417
f 2472/312/1398 2471/311/1395 2486/316/1418 2487/317/1420
f 2465/898/1399 2464/897/1396 2479/909/1419 2480/910/1421
f 2473/313/1400 2472/312/1398 2487/317/1420 2488/318/1422
f 2466/899/1401 2465/898/1399 2480/910/1421 2481/911/1423
f 2474/562/1402 2473/313/1400 2488/318/1422 2489/1179/1409
f 2467/901/1403 2466/899/1401 2481/911/1423 2482/904/1411
f 2479/909/1419 2102/912/658 2494/613/951
f 2328/1185/624 2493/1183/1417 2502/1015/953
f 2487/317/1420 2486/316/1418 2024/15/12 2025/14/955
f 2480/910/1421 2479/909/1419 2494/613/951 2495/616/957
f 2488/318/1422 2487/317/1420 2025/14/955 2498/18/959
f 2481/911/1423 2480/910/1421 2495/616/957 2021/618/961
f 2489/1179/1409 2488/318/1422 2498/18/959 2026/1017/963
f 2482/904/1411 2481/911/1423 2021/618/961 2496/622/965
f 2490/1180/1410 2489/1179/1409 2026/1017/963 2499/1018/967
f 2483/905/1412 2482/904/1411 2496/622/965 2022/624/969
f 2491/1181/1413 2490/1180/1410 2499/1018/967 2500/1020/971
f 2484/906/1414 2483/905/1412 2022/624/969 2497/626/973
f 2492/1182/1415 2491/1181/1413 2500/1020/971 2501/1022/975
f 2485/907/1416 2484/906/1414 2497/626/973 2023/611/948
f 2493/1183/1417 2492/1182/1415 2501/1022/975 2502/1015/953
f 2486/316/1418 2485/907/1416 2023/611/948 2024/15/12
